LEA_STATE,LEA_STATE_NAME,LEAID,LEA_NAME,SCHID,SCHOOL_NAME,NCESSCH,DISABILITY_CATEGORY,AM_M_7,AS_M_7,BL_M_7,HI_M_7,MU_M_7,PI_M_7,WH_M_7,AM_F_7,AS_F_7,BL_F_7,HI_F_7,MU_F_7,PI_F_7,WH_F_7,TOTAL_STUDENTS_REPORTED,LEP_M,NLEP_M,LEP_F,NLEP_F,CF_M,HH_M,PPPS_M,RC39_M,RC79TO40_M,RC80_M,RF_M,SS_M,CF_F,HH_F,PPPS_F,RC39_F,RC79TO40_F,RC80_F,RF_F,SS_F
"AL","ALABAMA","0102480","Morgan County","00574","Danville Middle School","010248000574","DB",0,0,0,0,0,0,1,0,0,0,0,0,0,0,1,0,1,0,0,0,0,0,0,1,0,0,0,0,0,0,0,0,0,0,0
"AL","ALABAMA","0100188","Chickasaw City","02193","Chickasaw City Elementary School","010018802193","DB",0,0,0,0,0,0,0,0,1,0,0,0,0,0,1,0,0,0,1,0,0,0,0,0,0,0,0,0,0,0,1,0,0,0,0
"AL","ALABAMA","0102940","Scottsboro City","01147","Scottsboro High School","010294001147","DB",0,0,0,0,0,0,0,0,0,0,0,0,0,1,1,0,0,0,1,0,0,0,0,0,0,0,0,0,0,0,0,1,0,0,0
"AL","ALABAMA","0101830","Jackson County","00657","Dutton Elementary School","010183000657","DB",0,0,0,0,0,0,1,0,0,0,0,0,0,0,1,0,1,0,0,0,0,0,0,0,1,0,0,0,0,0,0,0,0,0,0
"AL","ALABAMA","0101760","Homewood City","00607","Hall Kent Elementary School","010176000607","DB",0,0,0,0,0,0,0,0,0,0,0,0,0,1,1,0,0,0,1,0,0,0,0,0,0,0,0,0,0,0,0,0,1,0,0
"AL","ALABAMA","0103360","Tuscaloosa City","00584","Rock Quarry Elementary School","010336000584","DB",0,0,0,0,0,0,0,0,0,0,0,0,0,1,1,0,0,0,1,0,0,0,0,0,0,0,0,0,0,0,1,0,0,0,0
"AL","ALABAMA","0103062","St Clair County","00322","Ashville Middle School","010306200322","DB",0,0,0,0,0,0,1,0,0,0,0,0,0,0,1,0,1,0,0,0,0,0,0,0,1,0,0,0,0,0,0,0,0,0,0
"AL","ALABAMA","0100360","Bibb County","01426","West Blocton Middle School","010036001426","DB",0,0,0,0,0,0,0,0,0,0,0,0,0,1,1,0,0,0,1,0,0,0,0,0,0,0,0,0,0,0,0,0,1,0,0
"AK","ALASKA","0200001","Lower Kuskokwim School District","00436","Mikelnguut Elitnaurviat","020000100436","DB",1,0,0,0,0,0,0,0,0,0,0,0,0,0,1,0,1,0,0,0,0,0,0,1,0,0,0,0,0,0,0,0,0,0,0
"AK","ALASKA","0200510","Matanuska-Susitna Borough School District","00227","Palmer High School","020051000227","DB",0,0,0,0,0,0,0,0,0,0,0,1,0,0,1,0,0,0,1,0,0,0,0,0,0,0,0,0,0,0,1,0,0,0,0
"AK","ALASKA","0200180","Anchorage School District","00763","Alaska Middle College School","020018000763","DB",0,0,0,0,0,0,0,0,0,0,0,0,0,1,1,0,0,0,1,0,0,0,0,0,0,0,0,0,0,0,0,0,1,0,0
"AK","ALASKA","0200390","Kenai Peninsula Borough School District","00397","Connections","020039000397","DB",0,0,0,0,0,0,0,0,1,0,0,0,0,0,1,0,0,0,1,0,0,0,0,0,0,0,0,0,0,0,0,0,1,0,0
"AK","ALASKA","0200600","Fairbanks North Star Borough School District","00045","University Park Elementary","020060000045","DB",0,0,0,0,0,0,1,0,0,0,0,0,0,1,2,0,1,0,1,0,0,0,0,0,1,0,0,0,0,0,0,0,1,0,0
"AK","ALASKA","0200770","Denali Borough School District","00447","Denali PEAK","020077000447","DB",0,0,0,0,0,0,0,0,0,0,0,0,0,1,1,0,0,0,1,0,0,0,0,0,0,0,0,0,0,0,0,0,1,0,0
"AZ","ARIZONA","0408800","Tucson Unified District (4403)","00972","Valencia Middle School","040880000972","DB",0,0,0,0,0,0,0,1,0,0,0,0,0,0,1,0,0,0,1,0,0,0,0,0,0,0,0,0,0,0,0,0,1,0,0
"AZ","ARIZONA","0408800","Tucson Unified District (4403)","01268","Tucson Magnet High School","040880001268","DB",0,0,0,0,0,0,1,0,0,0,0,0,0,0,1,0,1,0,0,0,0,0,1,0,0,0,0,0,0,0,0,0,0,0,0
"AZ","ARIZONA","0405930","Paradise Valley Unified District (4241)","01553","Paradise Valley High School","040593001553","DB",0,0,0,0,0,0,1,0,0,0,0,0,0,0,1,0,1,0,0,0,0,0,1,0,0,0,0,0,0,0,0,0,0,0,0
"AZ","ARIZONA","0405930","Paradise Valley Unified District (4241)","00488","North Canyon High School","040593000488","DB",0,0,0,1,0,0,0,0,0,0,0,0,0,0,1,0,1,0,0,0,0,0,1,0,0,0,0,0,0,0,0,0,0,0,0
"AZ","ARIZONA","0405930","Paradise Valley Unified District (4241)","00491","Shadow Mountain High School","040593000491","DB",0,0,0,1,0,0,0,0,0,0,0,0,0,0,1,0,1,0,0,0,0,0,1,0,0,0,0,0,0,0,0,0,0,0,0
"AZ","ARIZONA","0408800","Tucson Unified District (4403)","00874","Pistor Middle School","040880000874","DB",0,0,0,0,0,0,0,0,0,0,1,0,0,0,1,0,0,0,1,0,0,0,0,0,0,0,0,0,0,0,1,0,0,0,0
"AZ","ARIZONA","0408800","Tucson Unified District (4403)","00861","Lynn Urquides","040880000861","DB",0,0,0,0,0,0,0,0,0,0,1,0,0,0,1,0,0,0,1,0,0,0,0,0,0,0,0,0,0,0,1,0,0,0,0
"AZ","ARIZONA","0408850","Vail Unified District (4413)","01510","Acacia Elementary School","040885001510","DB",0,0,0,0,0,0,0,0,0,0,1,0,0,0,1,0,0,0,1,0,0,0,0,0,0,0,0,0,0,0,0,0,1,0,0
"AZ","ARIZONA","0400432","Portable Practical Educational Preparation, Inc. ( (87405)","03324","Arizona Insight Academy","040043203324","DB",0,0,0,0,0,0,0,0,0,0,1,0,0,0,1,0,0,0,1,0,0,0,0,0,0,0,0,0,0,0,0,1,0,0,0
"AZ","ARIZONA","0404630","Marana Unified District (4404)","00370","Marana High School","040463000370","DB",0,0,0,0,0,0,0,0,0,1,0,0,0,1,2,0,0,0,2,0,0,0,0,0,0,0,0,0,0,0,2,0,0,0,0
"AZ","ARIZONA","0404630","Marana Unified District (4404)","01372","Mountain View High School","040463001372","DB",0,0,0,0,0,0,0,0,0,0,0,0,0,1,1,0,0,0,1,0,0,0,0,0,0,0,0,0,0,0,1,0,0,0,0
"AZ","ARIZONA","0406250","Peoria Unified School District (4237)","02426","Raymond S. Kellis","040625002426","DB",0,0,0,0,0,0,1,0,0,0,0,0,0,0,1,0,1,0,0,0,0,0,1,0,0,0,0,0,0,0,0,0,0,0,0
"AZ","ARIZONA","0404630","Marana Unified District (4404)","00369","Butterfield Elementary School","040463000369","DB",0,0,0,0,0,0,1,0,0,0,0,0,0,0,1,0,1,0,0,0,0,0,0,0,1,0,0,0,0,0,0,0,0,0,0
"AZ","ARIZONA","0408340","Tempe Union High School District (4287)","00790","Corona Del Sol High School","040834000790","DB",0,0,0,0,0,0,2,0,0,0,0,0,0,0,2,0,2,0,0,0,0,0,2,0,0,0,0,0,0,0,0,0,0,0,0
"AZ","ARIZONA","0406250","Peoria Unified School District (4237)","01424","Oasis Elementary School","040625001424","DB",0,0,0,1,0,0,0,0,0,0,0,0,0,0,1,0,1,0,0,0,0,0,0,1,0,0,0,0,0,0,0,0,0,0,0
"AZ","ARIZONA","0404630","Marana Unified District (4404)","02784","Rattlesnake Ridge Elementary","040463002784","DB",1,0,0,0,0,0,0,0,0,0,0,0,0,0,1,0,1,0,0,0,0,0,0,0,1,0,0,0,0,0,0,0,0,0,0
"AZ","ARIZONA","0404630","Marana Unified District (4404)","00333","Quail Run Elementary School","040463000333","DB",0,0,0,0,0,0,1,0,0,0,0,0,0,0,1,0,1,0,0,0,0,0,1,0,0,0,0,0,0,0,0,0,0,0,0
"AZ","ARIZONA","0400680","Amphitheater Unified District (4406)","02198","Ironwood Ridge High School","040068002198","DB",0,1,0,0,0,0,0,0,0,0,0,0,0,0,1,0,1,0,0,0,0,0,1,0,0,0,0,0,0,0,0,0,0,0,0
"AZ","ARIZONA","0400680","Amphitheater Unified District (4406)","00028","Lawrence W Cross Middle School","040068000028","DB",0,0,0,0,0,0,0,0,0,0,0,0,0,1,1,0,0,0,1,0,0,0,0,0,0,0,0,0,0,0,1,0,0,0,0
"AZ","ARIZONA","0400680","Amphitheater Unified District (4406)","00030","Rillito Center","040068000030","DB",0,0,0,1,0,0,0,0,0,0,0,0,0,0,1,0,1,0,0,0,0,0,0,0,0,0,1,0,0,0,0,0,0,0,0
"AZ","ARIZONA","0403420","Glendale Elementary District (4271)","02281","Desert Spirit","040342002281","DB",0,1,0,0,0,0,0,0,0,0,0,0,0,0,1,0,1,0,0,0,0,0,1,0,0,0,0,0,0,0,0,0,0,0,0
"AZ","ARIZONA","0400001","Cave Creek Unified District (4244)","01204","Cactus Shadows High School","040000101204","DB",0,0,0,0,0,0,1,0,0,0,0,0,0,0,1,0,1,0,0,0,0,0,1,0,0,0,0,0,0,0,0,0,0,0,0
"AZ","ARIZONA","0404320","Liberty Elementary District (4266)","02383","Westar Elementary School","040432002383","DB",0,0,0,1,0,0,0,0,0,0,0,0,0,0,1,0,1,0,0,0,0,0,1,0,0,0,0,0,0,0,0,0,0,0,0
"AZ","ARIZONA","0401870","Chandler Unified District #80 (4242)","02806","Perry High School","040187002806","DB",0,0,0,1,0,0,0,0,0,0,0,0,0,0,1,0,1,0,0,0,0,0,0,0,1,0,0,0,0,0,0,0,0,0,0
"AZ","ARIZONA","0403960","Isaac Elementary District (4259)","00316","Mitchell Elementary School","040396000316","DB",0,0,0,0,0,0,0,0,0,0,1,0,0,0,1,0,0,1,0,0,0,0,0,0,0,0,0,0,0,0,1,0,0,0,0
"AZ","ARIZONA","0407570","Scottsdale Unified District (4240)","00643","Cocopah Middle School","040757000643","DB",0,0,0,0,0,0,2,1,0,0,0,0,0,0,3,0,2,0,1,0,0,0,2,0,0,0,0,0,0,0,1,0,0,0,0
"AZ","ARIZONA","0403290","Ganado Unified School District (4157)","00252","Ganado High School","040329000252","DB",1,0,0,0,0,0,0,0,0,0,0,0,0,0,1,0,1,0,0,0,0,0,1,0,0,0,0,0,0,0,0,0,0,0,0
"AZ","ARIZONA","0402860","Flagstaff Unified District (4192)","00212","Coconino High School","040286000212","DB",0,0,0,1,0,0,0,0,0,0,0,0,0,0,1,0,1,0,0,0,0,0,0,0,1,0,0,0,0,0,0,0,0,0,0
"AZ","ARIZONA","0402860","Flagstaff Unified District (4192)","02961","Sinagua Middle School","040286002961","DB",0,0,0,0,0,0,0,0,0,0,0,0,0,1,1,0,0,0,1,0,0,0,0,0,0,0,0,0,0,0,1,0,0,0,0
"AZ","ARIZONA","0407570","Scottsdale Unified District (4240)","00641","Chaparral High School","040757000641","DB",0,0,0,0,0,0,1,0,0,0,0,0,0,0,1,0,1,0,0,0,0,0,1,0,0,0,0,0,0,0,0,0,0,0,0
"AZ","ARIZONA","0407570","Scottsdale Unified District (4240)","00644","Coronado High School","040757000644","DB",0,0,0,1,0,0,0,0,0,0,0,0,0,0,1,0,1,0,0,0,0,0,1,0,0,0,0,0,0,0,0,0,0,0,0
"AZ","ARIZONA","0400157","Edkey, Inc. - Sequoia Choice Schools (4329)","01728","Sequoia Choice School Arizona Distance Learning School","040015701728","DB",0,0,0,0,0,0,1,0,0,0,0,0,0,0,1,0,1,0,0,0,0,0,0,0,1,0,0,0,0,0,0,0,0,0,0
"AZ","ARIZONA","0401080","Beaver Creek Elementary District (4481)","00059","Beaver Creek School","040108000059","DB",0,0,0,1,0,0,0,0,0,0,0,0,0,0,1,0,1,0,0,0,0,0,1,0,0,0,0,0,0,0,0,0,0,0,0
"AZ","ARIZONA","0403450","Glendale Union High School District (4285)","00278","Glendale High School","040345000278","DB",0,0,0,0,0,0,0,0,0,0,1,0,0,0,1,0,0,0,1,0,0,0,0,0,0,0,0,0,0,0,1,0,0,0,0
"AZ","ARIZONA","0403450","Glendale Union High School District (4285)","00275","Apollo High School","040345000275","DB",0,0,0,1,0,0,0,0,0,0,1,0,0,1,3,0,1,0,2,0,0,0,1,0,0,0,0,0,0,0,2,0,0,0,0
"AZ","ARIZONA","0404290","Laveen Elementary District (4276)","03530","Paseo Pointe School","040429003530","DB",0,0,0,0,0,0,0,0,0,0,1,0,0,0,1,0,0,0,1,0,0,0,0,0,0,0,0,0,0,0,0,0,1,0,0
"AZ","ARIZONA","0404290","Laveen Elementary District (4276)","00341","Laveen Elementary School","040429000341","DB",0,0,0,0,0,0,0,0,0,0,1,0,0,0,1,0,0,0,1,0,0,0,0,0,0,0,0,0,0,0,1,0,0,0,0
"AZ","ARIZONA","0403870","Humboldt Unified District (4469)","00306","Bradshaw Mountain High School","040387000306","DB",0,0,0,0,0,0,0,0,0,0,0,0,0,1,1,0,0,0,1,0,0,0,0,0,0,0,0,0,0,0,1,0,0,0,0
"AZ","ARIZONA","0400600","Alhambra Elementary District (4280)","01486","Granada Elementary School-West Campus","040060001486","DB",0,0,0,1,0,0,0,0,0,0,0,0,0,0,1,0,1,0,0,0,0,0,1,0,0,0,0,0,0,0,0,0,0,0,0
"AZ","ARIZONA","0406810","Queen Creek Unified District (4245)","01322","Queen Creek Junior High School","040681001322","DB",0,0,0,0,0,0,0,0,0,0,0,0,0,1,1,0,0,0,1,0,0,0,0,0,0,0,0,0,0,0,1,0,0,0,0
"AZ","ARIZONA","0406810","Queen Creek Unified District (4245)","03477","Gateway Polytechnic Academy","040681003477","DB",0,0,0,0,0,0,0,0,0,0,0,0,0,1,1,0,0,0,1,0,0,0,0,0,0,0,0,0,0,0,1,0,0,0,0
"AZ","ARIZONA","0406810","Queen Creek Unified District (4245)","01232","Desert Mountain Elementary","040681001232","DB",0,0,0,0,0,0,0,0,1,0,0,0,0,0,1,0,0,0,1,0,0,0,0,0,0,0,0,0,0,0,0,0,1,0,0
"AZ","ARIZONA","0406810","Queen Creek Unified District (4245)","01383","Queen Creek High School","040681001383","DB",0,0,0,0,0,0,0,0,0,0,0,0,0,1,1,0,0,0,1,0,0,0,0,0,0,0,0,0,0,0,1,0,0,0,0
"AZ","ARIZONA","0401050","Balsz Elementary District (4268)","00055","David Crockett Elementary School","040105000055","DB",0,0,0,0,0,0,0,0,0,0,0,0,0,1,1,0,0,0,1,0,0,0,0,0,0,0,0,0,0,0,1,0,0,0,0
"AZ","ARIZONA","0401050","Balsz Elementary District (4268)","00054","Pat Tillman Middle School","040105000054","DB",0,0,0,0,0,0,0,0,0,0,0,0,0,1,1,0,0,0,1,0,0,0,0,0,0,0,0,0,0,0,1,0,0,0,0
"AZ","ARIZONA","0406330","Phoenix Union High School District (4286)","00542","Central High School","040633000542","DB",0,0,0,2,0,0,0,0,0,0,0,0,0,0,2,0,2,0,0,0,0,0,2,0,0,0,0,0,0,0,0,0,0,0,0
"AZ","ARIZONA","0406330","Phoenix Union High School District (4286)","01244","North High School","040633001244","DB",0,0,0,0,0,0,0,0,0,0,1,0,0,0,1,0,0,0,1,0,0,0,0,0,0,0,0,0,0,0,0,0,1,0,0
"AZ","ARIZONA","0406330","Phoenix Union High School District (4286)","00541","Carl Hayden High School","040633000541","DB",0,0,0,0,0,0,0,0,0,0,1,0,0,0,1,0,0,0,1,0,0,0,0,0,0,0,0,0,0,0,1,0,0,0,0
"AZ","ARIZONA","0406330","Phoenix Union High School District (4286)","01882","Cesar Chavez High School","040633001882","DB",0,0,0,1,0,0,0,0,0,0,0,0,0,1,2,0,1,0,1,0,0,0,0,0,0,0,1,0,0,0,1,0,0,0,0
"AZ","ARIZONA","0400463","Arizona State Schools for the Deaf and the Blind (6393)","02884","Phoenix Day School for the Deaf","040046302884","DB",0,0,1,6,1,0,0,0,0,0,3,0,0,4,15,0,8,0,7,0,0,0,0,0,0,0,8,0,0,0,0,0,0,0,7
"AZ","ARIZONA","0404230","Kyrene Elementary District (4267)","00660","Kyrene de los Cerritos School","040423000660","DB",0,0,0,0,0,0,0,0,0,0,0,0,0,1,1,0,0,0,1,0,0,0,0,0,0,0,0,0,0,0,0,0,1,0,0
"AZ","ARIZONA","0400463","Arizona State Schools for the Deaf and the Blind (6393)","02923","Tucson Campus - ASDB","040046302923","DB",0,0,0,2,0,0,2,0,0,0,1,0,0,1,6,0,4,0,2,0,0,0,0,0,0,0,4,0,0,0,0,0,0,0,2
"AZ","ARIZONA","0408310","Tempe School District (4258)","00783","Rover Elementary School","040831000783","DB",0,0,0,0,0,0,0,0,0,0,0,1,0,0,1,0,0,0,1,0,0,0,0,0,0,0,0,0,0,0,1,0,0,0,0
"AZ","ARIZONA","0408310","Tempe School District (4258)","00767","Carminati School","040831000767","DB",0,0,0,0,0,0,0,0,0,0,1,0,0,0,1,0,0,0,1,0,0,0,0,0,0,0,0,0,0,0,0,0,1,0,0
"AZ","ARIZONA","0400960","Avondale Elementary District (4272)","02381","Desert Thunder","040096002381","DB",0,0,0,0,0,0,0,0,0,0,0,0,0,1,1,0,0,0,1,0,0,0,0,0,0,0,0,0,0,0,1,0,0,0,0
"AZ","ARIZONA","0408310","Tempe School District (4258)","00768","Connolly Middle School","040831000768","DB",0,0,0,1,0,0,0,0,0,0,2,0,0,0,3,0,1,0,2,0,0,0,1,0,0,0,0,0,0,0,0,0,2,0,0
"AZ","ARIZONA","0406300","Phoenix Elementary District (4256)","00531","Silvestre S Herrera School","040630000531","DB",0,0,1,0,0,0,0,0,0,0,0,0,0,0,1,0,1,0,0,0,0,0,1,0,0,0,0,0,0,0,0,0,0,0,0
"AZ","ARIZONA","0404970","Mesa Unified District (4235)","00401","Lowell Elementary School","040497000401","DB",0,0,0,0,0,0,1,0,0,0,0,0,0,0,1,0,1,0,0,0,0,0,1,0,0,0,0,0,0,0,0,0,0,0,0
"AZ","ARIZONA","0404970","Mesa Unified District (4235)","00580","Stapley Junior High School","040497000580","DB",0,0,0,1,0,0,0,0,0,0,0,0,0,0,1,0,1,0,0,0,0,0,1,0,0,0,0,0,0,0,0,0,0,0,0
"AZ","ARIZONA","0404970","Mesa Unified District (4235)","01132","Dobson High School","040497001132","DB",0,0,1,0,0,0,0,0,0,0,0,0,0,0,1,0,1,0,0,0,0,0,0,1,0,0,0,0,0,0,0,0,0,0,0
"AZ","ARIZONA","0404970","Mesa Unified District (4235)","01830","Skyline High School","040497001830","DB",0,0,1,0,0,0,0,0,0,0,0,0,0,0,1,0,1,0,0,0,0,0,1,0,0,0,0,0,0,0,0,0,0,0,0
"AZ","ARIZONA","0404970","Mesa Unified District (4235)","00386","Franklin East Elementary School","040497000386","DB",0,0,0,0,0,0,1,0,0,0,0,0,0,0,1,0,1,0,0,0,0,0,1,0,0,0,0,0,0,0,0,0,0,0,0
"AZ","ARIZONA","0406900","Red Rock Elementary District (4447)","00577","Red Rock Elementary School","040690000577","DB",0,0,0,1,0,0,0,0,0,0,0,0,0,0,1,0,1,0,0,0,0,0,0,0,1,0,0,0,0,0,0,0,0,0,0
"AZ","ARIZONA","0404440","Littleton Elementary District (4278)","00347","Littleton Elementary School","040444000347","DB",0,0,0,0,1,0,0,0,0,0,1,0,0,0,2,0,1,0,1,0,0,0,1,0,0,0,0,0,0,0,1,0,0,0,0
"AZ","ARIZONA","0400640","Edkey, Inc. - Sequoia School for the Deaf and Hard (81050)","02031","Edkey, Inc. - Sequoia Deaf School","040064002031","DB",0,0,0,0,0,0,0,0,0,0,0,0,0,1,1,0,0,0,1,0,0,0,0,0,0,0,0,0,0,0,1,0,0,0,0
"AZ","ARIZONA","0401600","Camp Verde Unified District (4470)","00087","Camp Verde High School","040160000087","DB",0,0,0,0,0,0,0,0,0,0,0,0,0,1,1,0,0,0,1,0,0,0,0,0,0,0,0,0,0,0,0,1,0,0,0
"AZ","ARIZONA","0408680","Tuba City Unified School District #15 (4197)","00812","Tuba City High School","040868000812","DB",1,0,0,0,0,0,0,0,0,0,0,0,0,0,1,0,1,0,0,0,0,0,0,0,1,0,0,0,0,0,0,0,0,0,0
"AZ","ARIZONA","0406210","Pendergast Elementary District (4283)","02006","Canyon Breeze Elementary","040621002006","DB",0,0,0,0,0,0,0,0,0,0,1,0,0,0,1,0,0,0,1,0,0,0,0,0,0,0,0,0,0,0,0,0,1,0,0
"AZ","ARIZONA","0403400","Gilbert Unified District (4239)","00265","Mesquite Elementary School","040340000265","DB",0,0,0,0,0,0,0,0,0,0,0,0,0,1,1,0,0,0,1,0,0,0,0,0,0,0,0,0,0,0,0,0,1,0,0
"AZ","ARIZONA","0403400","Gilbert Unified District (4239)","00246","Highland High School","040340000246","DB",0,0,0,0,0,0,0,0,0,0,0,0,0,1,1,0,0,0,1,0,0,0,0,0,0,0,0,0,0,0,1,0,0,0,0
"AZ","ARIZONA","0403400","Gilbert Unified District (4239)","02112","Desert Ridge Jr. High","040340002112","DB",0,0,0,1,0,0,0,0,0,0,0,0,0,0,1,0,1,0,0,0,0,0,1,0,0,0,0,0,0,0,0,0,0,0,0
"AZ","ARIZONA","0402920","Florence Unified School District (4437)","02637","Anthem Elementary School","040292002637","DB",0,0,0,0,0,0,0,0,0,1,0,0,0,0,1,0,0,0,1,0,0,0,0,0,0,0,0,0,0,0,1,0,0,0,0
"AZ","ARIZONA","0403400","Gilbert Unified District (4239)","01401","Burk Elementary School","040340001401","DB",0,0,0,0,0,0,0,0,0,0,1,0,0,0,1,0,0,0,1,0,0,0,0,0,0,0,0,0,0,0,0,1,0,0,0
"AZ","ARIZONA","0403400","Gilbert Unified District (4239)","01366","Houston Elementary School","040340001366","DB",0,0,0,1,0,0,0,0,0,0,0,0,0,0,1,0,1,0,0,0,0,0,1,0,0,0,0,0,0,0,0,0,0,0,0
"AZ","ARIZONA","0402690","Dysart Unified District (4243)","02971","Shadow Ridge High School","040269002971","DB",0,0,0,1,0,0,0,0,0,0,0,0,0,0,1,0,1,0,0,0,0,0,1,0,0,0,0,0,0,0,0,0,0,0,0
"AZ","ARIZONA","0402690","Dysart Unified District (4243)","02684","Valley Vista High School","040269002684","DB",0,0,0,1,0,0,0,0,0,0,0,0,0,0,1,0,1,0,0,0,0,0,1,0,0,0,0,0,0,0,0,0,0,0,0
"AZ","ARIZONA","0402530","Douglas Unified District (4174)","00187","Douglas High School","040253000187","DB",0,0,0,0,0,0,0,0,0,0,1,0,0,0,1,0,0,0,1,0,0,0,0,0,0,0,0,0,0,0,1,0,0,0,0
"AZ","ARIZONA","0402690","Dysart Unified District (4243)","03125","Cimarron Springs Elementary","040269003125","DB",0,0,0,0,1,0,0,0,0,0,0,0,0,0,1,0,1,0,0,0,0,0,0,0,1,0,0,0,0,0,0,0,0,0,0
"AZ","ARIZONA","0402690","Dysart Unified District (4243)","01462","Kingswood Elementary School","040269001462","DB",0,0,0,0,0,0,1,0,0,0,0,0,0,0,1,0,1,0,0,0,0,0,1,0,0,0,0,0,0,0,0,0,0,0,0
"AZ","ARIZONA","0409060","Washington Elementary School District (4260)","01117","Sweetwater School","040906001117","DB",0,0,0,1,0,0,0,0,0,0,0,0,0,0,1,0,1,0,0,0,0,0,1,0,0,0,0,0,0,0,0,0,0,0,0
"AZ","ARIZONA","0400450","Agua Fria Union High School District (4289)","03559","Canyon View High School","040045003559","DB",0,0,0,0,0,0,2,0,0,0,0,0,0,0,2,0,2,0,0,0,0,0,2,0,0,0,0,0,0,0,0,0,0,0,0
"AZ","ARIZONA","0400450","Agua Fria Union High School District (4289)","02273","Desert Edge High School","040045002273","DB",0,0,0,0,0,0,1,0,0,0,0,0,0,0,1,0,1,0,0,0,0,0,1,0,0,0,0,0,0,0,0,0,0,0,0
"AR","ARKANSAS","0508400","RIVERVIEW SCHOOL DISTRICT","00242","RIVERVIEW HIGH SCHOOL","050840000242","DB",0,0,0,0,0,0,0,0,0,0,0,0,0,0,0,0,0,0,0,0,0,0,0,0,0,0,0,0,0,0,0,0,0,0,0
"AR","ARKANSAS","0509840","MONTICELLO SCHOOL DISTRICT","00722","MONTICELLO MIDDLE SCHOOL","050984000722","DB",0,0,0,0,0,0,0,0,0,0,0,0,0,0,0,0,0,0,0,0,0,0,0,0,0,0,0,0,0,0,0,0,0,0,0
"AR","ARKANSAS","0506630","GLEN ROSE SCHOOL DISTRICT","00398","GLEN ROSE HIGH SCHOOL","050663000398","DB",0,0,0,0,0,0,0,0,0,0,0,0,0,0,0,0,0,0,0,0,0,0,0,0,0,0,0,0,0,0,0,0,0,0,0
"AR","ARKANSAS","0505680","EL DORADO SCHOOL DISTRICT","00273","BARTON JR. HIGH SCHOOL","050568000273","DB",0,0,0,0,0,0,0,0,0,0,0,0,0,0,0,0,0,0,0,0,0,0,0,0,0,0,0,0,0,0,0,0,0,0,0
"AR","ARKANSAS","0510680","N. LITTLE ROCK SCHOOL DISTRICT","00785","GLENVIEW ELEMENTARY SCHOOL","051068000785","DB",0,0,0,0,0,0,0,0,0,0,0,0,0,0,0,0,0,0,0,0,0,0,0,0,0,0,0,0,0,0,0,0,0,0,0
"AR","ARKANSAS","0508940","LINCOLN SCHOOL DISTRICT","01363","LINCOLN MIDDLE SCHOOL","050894001363","DB",0,0,0,0,0,0,0,0,0,0,0,0,0,0,0,0,0,0,0,0,0,0,0,0,0,0,0,0,0,0,0,0,0,0,0
"AR","ARKANSAS","0509840","MONTICELLO SCHOOL DISTRICT","01395","MONTICELLO INTERMEDIATE SCHOOL","050984001395","DB",0,0,0,0,0,0,0,0,0,0,0,0,0,0,0,0,0,0,0,0,0,0,0,0,0,0,0,0,0,0,0,0,0,0,0
"AR","ARKANSAS","0505680","EL DORADO SCHOOL DISTRICT","00285","YOCUM ELEMENTARY SCHOOL","050568000285","DB",0,0,0,0,0,0,0,0,0,0,0,0,0,0,0,0,0,0,0,0,0,0,0,0,0,0,0,0,0,0,0,0,0,0,0
"AR","ARKANSAS","0504980","DECATUR SCHOOL DISTRICT","00221","DECATUR HIGH SCHOOL","050498000221","DB",0,0,0,0,0,0,0,0,0,0,0,0,0,0,0,0,0,0,0,0,0,0,0,0,0,0,0,0,0,0,0,0,0,0,0
"AR","ARKANSAS","0500017","PARAGOULD SCHOOL DISTRICT","01295","PARAGOULD HIGH SCHOOL","050001701295","DB",0,0,0,0,0,0,0,0,0,0,0,0,0,0,0,0,0,0,0,0,0,0,0,0,0,0,0,0,0,0,0,0,0,0,0
"AR","ARKANSAS","0510680","N. LITTLE ROCK SCHOOL DISTRICT","00729","RIDGEROAD ELEMENTARY SCHOOL","051068000729","DB",0,0,0,0,0,0,0,0,0,0,0,0,0,0,0,0,0,0,0,0,0,0,0,0,0,0,0,0,0,0,0,0,0,0,0
"AR","ARKANSAS","0500068","EMERSON-TAYLOR SCHOOL DISTRICT","01062","TAYLOR ELEMENTARY SCHOOL","050006801062","DB",0,0,0,0,0,0,0,0,0,0,0,0,0,0,0,0,0,0,0,0,0,0,0,0,0,0,0,0,0,0,0,0,0,0,0
"AR","ARKANSAS","0510170","MOUNTAIN PINE SCHOOL DISTRICT","00746","MOUNTAIN PINE HIGH SCHOOL","051017000746","DB",0,0,0,0,0,0,0,0,0,0,0,0,0,0,0,0,0,0,0,0,0,0,0,0,0,0,0,0,0,0,0,0,0,0,0
"AR","ARKANSAS","0500017","PARAGOULD SCHOOL DISTRICT","00395","PARAGOULD JUNIOR HIGH","050001700395","DB",0,0,0,0,0,0,0,0,0,0,0,0,0,0,0,0,0,0,0,0,0,0,0,0,0,0,0,0,0,0,0,0,0,0,0
"AR","ARKANSAS","0505850","ENGLAND SCHOOL DISTRICT","00295","ENGLAND ELEMENTARY SCHOOL","050585000295","DB",0,0,0,0,0,0,0,0,0,0,0,0,0,0,0,0,0,0,0,0,0,0,0,0,0,0,0,0,0,0,0,0,0,0,0
"AR","ARKANSAS","0513110","TEXARKANA SCHOOL DISTRICT","01071","COLLEGE HILL MIDDLE","051311001071","DB",0,0,0,0,0,0,0,0,0,0,0,0,0,0,0,0,0,0,0,0,0,0,0,0,0,0,0,0,0,0,0,0,0,0,0
"AR","ARKANSAS","0512210","SEARCY SCHOOL DISTRICT","00984","MCRAE ELEMENTARY SCHOOL","051221000984","DB",0,0,0,0,0,0,0,0,0,0,0,0,0,0,0,0,0,0,0,0,0,0,0,0,0,0,0,0,0,0,0,0,0,0,0
"AR","ARKANSAS","0512210","SEARCY SCHOOL DISTRICT","01444","WESTSIDE ELEMENTARY SCHOOL","051221001444","DB",0,0,0,0,0,0,0,0,0,0,0,0,0,0,0,0,0,0,0,0,0,0,0,0,0,0,0,0,0,0,0,0,0,0,0
"AR","ARKANSAS","0513110","TEXARKANA SCHOOL DISTRICT","01072","FAIRVIEW ELEMENTARY SCHOOL","051311001072","DB",0,0,0,0,0,0,0,0,0,0,0,0,0,0,0,0,0,0,0,0,0,0,0,0,0,0,0,0,0,0,0,0,0,0,0
"AR","ARKANSAS","0510680","N. LITTLE ROCK SCHOOL DISTRICT","00784","CRESTWOOD ELEMENTARY SCHOOL","051068000784","DB",0,0,0,0,0,0,0,0,0,0,0,0,0,0,0,0,0,0,0,0,0,0,0,0,0,0,0,0,0,0,0,0,0,0,0
"AR","ARKANSAS","0512420","SHIRLEY SCHOOL DISTRICT","01000","SHIRLEY ELEMENTARY SCHOOL","051242001000","DB",0,0,0,0,0,0,0,0,0,0,0,0,0,0,0,0,0,0,0,0,0,0,0,0,0,0,0,0,0,0,0,0,0,0,0
"AR","ARKANSAS","0513110","TEXARKANA SCHOOL DISTRICT","01068","ARKANSAS HIGH SCHOOL","051311001068","DB",0,0,0,0,0,0,0,0,0,0,0,0,0,0,0,0,0,0,0,0,0,0,0,0,0,0,0,0,0,0,0,0,0,0,0
"AR","ARKANSAS","0505680","EL DORADO SCHOOL DISTRICT","00281","WASHINGTON MIDDLE SCHOOL","050568000281","DB",0,0,0,0,0,0,0,0,0,0,0,0,0,0,0,0,0,0,0,0,0,0,0,0,0,0,0,0,0,0,0,0,0,0,0
"AR","ARKANSAS","0504980","DECATUR SCHOOL DISTRICT","00220","DECATUR NORTHSIDE ELEMENTARY","050498000220","DB",0,0,0,0,0,0,0,0,0,0,0,0,0,0,0,0,0,0,0,0,0,0,0,0,0,0,0,0,0,0,0,0,0,0,0
"AR","ARKANSAS","0510680","N. LITTLE ROCK SCHOOL DISTRICT","00792","MEADOW PARK ELEMENTARY SCHOOL","051068000792","DB",0,0,0,0,0,0,0,0,0,0,0,0,0,0,0,0,0,0,0,0,0,0,0,0,0,0,0,0,0,0,0,0,0,0,0
"AR","ARKANSAS","0508240","JASPER SCHOOL DISTRICT","00810","OARK ELEMENTARY SCHOOL","050824000810","DB",0,0,0,0,0,0,0,0,0,0,0,0,0,0,0,0,0,0,0,0,0,0,0,0,0,0,0,0,0,0,0,0,0,0,0
"AR","ARKANSAS","0513110","TEXARKANA SCHOOL DISTRICT","01075","VERA KILPATRICK ELEM. SCHOOL","051311001075","DB",0,0,0,0,0,0,0,0,0,0,0,0,0,0,0,0,0,0,0,0,0,0,0,0,0,0,0,0,0,0,0,0,0,0,0
"AR","ARKANSAS","0500009","CORNING SCHOOL DISTRICT","00192","PARK ELEMENTARY SCHOOL","050000900192","DB",0,0,0,0,0,0,0,0,0,0,0,0,0,0,0,0,0,0,0,0,0,0,0,0,0,0,0,0,0,0,0,0,0,0,0
"AR","ARKANSAS","0509570","MAYNARD SCHOOL DISTRICT","00700","MAYNARD HIGH SCHOOL","050957000700","DB",0,0,0,0,0,0,0,0,0,0,0,0,0,0,0,0,0,0,0,0,0,0,0,0,0,0,0,0,0,0,0,0,0,0,0
"AR","ARKANSAS","0508240","JASPER SCHOOL DISTRICT","00563","KINGSTON ELEMENTARY SCHOOL","050824000563","DB",0,0,0,0,0,0,0,0,0,0,0,0,0,0,0,0,0,0,0,0,0,0,0,0,0,0,0,0,0,0,0,0,0,0,0
"AR","ARKANSAS","0508940","LINCOLN SCHOOL DISTRICT","01569","LINCOLN NEW TECH HIGH SCHOOL","050894001569","DB",0,0,0,0,0,0,0,0,0,0,0,0,0,0,0,0,0,0,0,0,0,0,0,0,0,0,0,0,0,0,0,0,0,0,0
"AR","ARKANSAS","0509510","MARVELL SCHOOL DISTRICT","00696","MARVELL PRIMARY SCHOOL","050951000696","DB",0,0,0,0,0,0,0,0,0,0,0,0,0,0,0,0,0,0,0,0,0,0,0,0,0,0,0,0,0,0,0,0,0,0,0
"AR","ARKANSAS","0512570","SOUTH SIDE SCHOOL DISTRICT","01013","SOUTH SIDE ELEMENTARY SCHOOL","051257001013","DB",0,0,0,0,0,0,0,0,0,0,0,0,0,0,0,0,0,0,0,0,0,0,0,0,0,0,0,0,0,0,0,0,0,0,0
"AR","ARKANSAS","0512570","SOUTH SIDE SCHOOL DISTRICT","01014","SOUTH SIDE HIGH SCHOOL","051257001014","DB",0,0,0,0,0,0,0,0,0,0,0,0,0,0,0,0,0,0,0,0,0,0,0,0,0,0,0,0,0,0,0,0,0,0,0
"AR","ARKANSAS","0500017","PARAGOULD SCHOOL DISTRICT","01576","PARAGOULD PRIMARY SCHOOL","050001701576","DB",0,0,0,0,0,0,0,0,0,0,0,0,0,0,0,0,0,0,0,0,0,0,0,0,0,0,0,0,0,0,0,0,0,0,0
"AR","ARKANSAS","0513110","TEXARKANA SCHOOL DISTRICT","01264","EDWARD D. TRICE ELEM. SCHOOL","051311001264","DB",0,0,0,0,0,0,0,0,0,0,0,0,0,0,0,0,0,0,0,0,0,0,0,0,0,0,0,0,0,0,0,0,0,0,0
"AR","ARKANSAS","0505680","EL DORADO SCHOOL DISTRICT","00279","NORTHWEST ELEMENTARY SCHOOL","050568000279","DB",0,0,0,0,0,0,0,0,0,0,0,0,0,0,0,0,0,0,0,0,0,0,0,0,0,0,0,0,0,0,0,0,0,0,0
"AR","ARKANSAS","0504800","CROSSETT SCHOOL DISTRICT","00202","CROSSETT HIGH SCHOOL","050480000202","DB",0,0,0,0,0,0,0,0,0,0,0,0,0,0,0,0,0,0,0,0,0,0,0,0,0,0,0,0,0,0,0,0,0,0,0
"AR","ARKANSAS","0513110","TEXARKANA SCHOOL DISTRICT","01074","UNION ELEMENTARY SCHOOL","051311001074","DB",0,0,0,0,0,0,0,0,0,0,0,0,0,0,0,0,0,0,0,0,0,0,0,0,0,0,0,0,0,0,0,0,0,0,0
"AR","ARKANSAS","0512210","SEARCY SCHOOL DISTRICT","00986","AHLF JUNIOR HIGH SCHOOL","051221000986","DB",0,0,0,0,0,0,0,0,0,0,0,0,0,0,0,0,0,0,0,0,0,0,0,0,0,0,0,0,0,0,0,0,0,0,0
"AR","ARKANSAS","0509390","MARION SCHOOL DISTRICT","01667","MARION MATH SCIENCE & TECHNOLOGY MAGNET SCHOOL","050939001667","DB",0,0,0,0,0,0,0,0,0,0,0,0,0,0,0,0,0,0,0,0,0,0,0,0,0,0,0,0,0,0,0,0,0,0,0
"AR","ARKANSAS","0512420","SHIRLEY SCHOOL DISTRICT","01001","SHIRLEY HIGH SCHOOL","051242001001","DB",0,0,0,0,0,0,0,0,0,0,0,0,0,0,0,0,0,0,0,0,0,0,0,0,0,0,0,0,0,0,0,0,0,0,0
"AR","ARKANSAS","0510680","N. LITTLE ROCK SCHOOL DISTRICT","00788","LAKEWOOD MIDDLE SCHOOL","051068000788","DB",0,0,0,0,0,0,0,0,0,0,0,0,0,0,0,0,0,0,0,0,0,0,0,0,0,0,0,0,0,0,0,0,0,0,0
"AR","ARKANSAS","0500009","CORNING SCHOOL DISTRICT","01671","CORNING MIDDLE SCHOOL","050000901671","DB",0,0,0,0,0,0,0,0,0,0,0,0,0,0,0,0,0,0,0,0,0,0,0,0,0,0,0,0,0,0,0,0,0,0,0
"AR","ARKANSAS","0506630","GLEN ROSE SCHOOL DISTRICT","00982","GLEN ROSE MIDDLE SCHOOL","050663000982","DB",0,0,0,0,0,0,0,0,0,0,0,0,0,0,0,0,0,0,0,0,0,0,0,0,0,0,0,0,0,0,0,0,0,0,0
"AR","ARKANSAS","0508670","LAKESIDE SCHOOL DISTRICT","00580","LAKESIDE PRIMARY SCHOOL","050867000580","DB",0,0,0,0,0,0,0,0,0,0,0,0,0,0,0,0,0,0,0,0,0,0,0,0,0,0,0,0,0,0,0,0,0,0,0
"AR","ARKANSAS","0512210","SEARCY SCHOOL DISTRICT","00985","SEARCY HIGH SCHOOL","051221000985","DB",0,0,0,0,0,0,0,0,0,0,0,0,0,0,0,0,0,0,0,0,0,0,0,0,0,0,0,0,0,0,0,0,0,0,0
"AR","ARKANSAS","0510680","N. LITTLE ROCK SCHOOL DISTRICT","00783","BOONE PARK ELEMENTARY SCHOOL","051068000783","DB",0,0,0,0,0,0,0,0,0,0,0,0,0,0,0,0,0,0,0,0,0,0,0,0,0,0,0,0,0,0,0,0,0,0,0
"AR","ARKANSAS","0508670","LAKESIDE SCHOOL DISTRICT","01401","LAKESIDE INTERMEDIATE SCHOOL","050867001401","DB",0,0,0,0,0,0,0,0,0,0,0,0,0,0,0,0,0,0,0,0,0,0,0,0,0,0,0,0,0,0,0,0,0,0,0
"AR","ARKANSAS","0500017","PARAGOULD SCHOOL DISTRICT","01289","BALDWIN ELEMENTARY SCHOOL","050001701289","DB",0,0,0,0,0,0,0,0,0,0,0,0,0,0,0,0,0,0,0,0,0,0,0,0,0,0,0,0,0,0,0,0,0,0,0
"AR","ARKANSAS","0510680","N. LITTLE ROCK SCHOOL DISTRICT","00787","LAKEWOOD ELEMENTARY SCHOOL","051068000787","DB",0,0,0,0,0,0,0,0,0,0,0,0,0,0,0,0,0,0,0,0,0,0,0,0,0,0,0,0,0,0,0,0,0,0,0
"AR","ARKANSAS","0500068","EMERSON-TAYLOR SCHOOL DISTRICT","01063","TAYLOR HIGH SCHOOL","050006801063","DB",0,0,0,0,0,0,0,0,0,0,0,0,0,0,0,0,0,0,0,0,0,0,0,0,0,0,0,0,0,0,0,0,0,0,0
"AR","ARKANSAS","0505680","EL DORADO SCHOOL DISTRICT","00276","HUGH GOODWIN ELEMENTARY SCHOOL","050568000276","DB",0,0,0,0,0,0,0,0,0,0,0,0,0,0,0,0,0,0,0,0,0,0,0,0,0,0,0,0,0,0,0,0,0,0,0
"AR","ARKANSAS","0503840","CALICO ROCK SCHOOL DISTRICT","00131","CALICO ROCK ELEMENTARY SCHOOL","050384000131","DB",0,0,0,0,0,0,0,0,0,0,0,0,0,0,0,0,0,0,0,0,0,0,0,0,0,0,0,0,0,0,0,0,0,0,0
"AR","ARKANSAS","0500017","PARAGOULD SCHOOL DISTRICT","01497","OAK GROVE ELEMENTARY SCHOOL","050001701497","DB",0,0,0,0,0,0,0,0,0,0,0,0,0,0,0,0,0,0,0,0,0,0,0,0,0,0,0,0,0,0,0,0,0,0,0
"AR","ARKANSAS","0510680","N. LITTLE ROCK SCHOOL DISTRICT","00804","SEVENTH STREET ELEM. SCHOOL","051068000804","DB",0,0,0,0,0,0,0,0,0,0,0,0,0,0,0,0,0,0,0,0,0,0,0,0,0,0,0,0,0,0,0,0,0,0,0
"AR","ARKANSAS","0508240","JASPER SCHOOL DISTRICT","00545","JASPER HIGH SCHOOL","050824000545","DB",0,0,0,0,0,0,0,0,0,0,0,0,0,0,0,0,0,0,0,0,0,0,0,0,0,0,0,0,0,0,0,0,0,0,0
"AR","ARKANSAS","0500068","EMERSON-TAYLOR SCHOOL DISTRICT","00109","BRADLEY HIGH SCHOOL","050006800109","DB",0,0,0,0,0,0,0,0,0,0,0,0,0,0,0,0,0,0,0,0,0,0,0,0,0,0,0,0,0,0,0,0,0,0,0
"AR","ARKANSAS","0508670","LAKESIDE SCHOOL DISTRICT","01525","LAKESIDE HIGH SCHOOL","050867001525","DB",0,0,0,0,0,0,0,0,0,0,0,0,0,0,0,0,0,0,0,0,0,0,0,0,0,0,0,0,0,0,0,0,0,0,0
"AR","ARKANSAS","0508400","RIVERVIEW SCHOOL DISTRICT","01202","RIVERVIEW JUNIOR HIGH SCHOOL","050840001202","DB",0,0,0,0,0,0,0,0,0,0,0,0,0,0,0,0,0,0,0,0,0,0,0,0,0,0,0,0,0,0,0,0,0,0,0
"AR","ARKANSAS","0505850","ENGLAND SCHOOL DISTRICT","00296","ENGLAND HIGH SCHOOL","050585000296","DB",0,0,0,0,0,0,0,0,0,0,0,0,0,0,0,0,0,0,0,0,0,0,0,0,0,0,0,0,0,0,0,0,0,0,0
"AR","ARKANSAS","0512210","SEARCY SCHOOL DISTRICT","01533","SOUTHWEST MIDDLE SCHOOL","051221001533","DB",0,0,0,0,0,0,0,0,0,0,0,0,0,0,0,0,0,0,0,0,0,0,0,0,0,0,0,0,0,0,0,0,0,0,0
"AR","ARKANSAS","0505970","EUREKA SPRINGS SCHOOL DISTRICT","00305","EUREKA SPRINGS ELEM. SCHOOL","050597000305","DB",0,0,0,0,0,0,0,0,0,0,0,0,0,0,0,0,0,0,0,0,0,0,0,0,0,0,0,0,0,0,0,0,0,0,0
"AR","ARKANSAS","0504410","CLINTON SCHOOL DISTRICT","00172","CLINTON HIGH SCHOOL","050441000172","DB",0,0,0,0,0,0,0,0,0,0,0,0,0,0,0,0,0,0,0,0,0,0,0,0,0,0,0,0,0,0,0,0,0,0,0
"AR","ARKANSAS","0509840","MONTICELLO SCHOOL DISTRICT","00721","MONTICELLO HIGH SCHOOL","050984000721","DB",0,0,0,0,0,0,0,0,0,0,0,0,0,0,0,0,0,0,0,0,0,0,0,0,0,0,0,0,0,0,0,0,0,0,0
"AR","ARKANSAS","0509390","MARION SCHOOL DISTRICT","00682","MARION HIGH SCHOOL","050939000682","DB",0,0,0,0,0,0,0,0,0,0,0,0,0,0,0,0,0,0,0,0,0,0,0,0,0,0,0,0,0,0,0,0,0,0,0
"AR","ARKANSAS","0509840","MONTICELLO SCHOOL DISTRICT","00724","MONTICELLO ELEMENTARY SCHOOL","050984000724","DB",0,0,0,0,0,0,0,0,0,0,0,0,0,0,0,0,0,0,0,0,0,0,0,0,0,0,0,0,0,0,0,0,0,0,0
"AR","ARKANSAS","0509510","MARVELL SCHOOL DISTRICT","00694","MARVELL HIGH SCHOOL","050951000694","DB",0,0,0,0,0,0,0,0,0,0,0,0,0,0,0,0,0,0,0,0,0,0,0,0,0,0,0,0,0,0,0,0,0,0,0
"AR","ARKANSAS","0505970","EUREKA SPRINGS SCHOOL DISTRICT","00250","EUREKA SPRINGS MIDDLE SCHOOL","050597000250","DB",0,0,0,0,0,0,0,0,0,0,0,0,0,0,0,0,0,0,0,0,0,0,0,0,0,0,0,0,0,0,0,0,0,0,0
"AR","ARKANSAS","0500017","PARAGOULD SCHOOL DISTRICT","01292","WOODROW WILSON ELEM. SCHOOL","050001701292","DB",0,0,0,0,0,0,0,0,0,0,0,0,0,0,0,0,0,0,0,0,0,0,0,0,0,0,0,0,0,0,0,0,0,0,0
"AR","ARKANSAS","0512630","SPRING HILL SCHOOL DISTRICT","01017","SPRING HILL ELEMENTARY SCHOOL","051263001017","DB",0,0,0,0,0,0,0,0,0,0,0,0,0,0,0,0,0,0,0,0,0,0,0,0,0,0,0,0,0,0,0,0,0,0,0
"AR","ARKANSAS","0512630","SPRING HILL SCHOOL DISTRICT","01018","SPRING HILL HIGH SCHOOL","051263001018","DB",0,0,0,0,0,0,0,0,0,0,0,0,0,0,0,0,0,0,0,0,0,0,0,0,0,0,0,0,0,0,0,0,0,0,0
"AR","ARKANSAS","0513110","TEXARKANA SCHOOL DISTRICT","01070","COLLEGE HILL ELEMENTARY SCHOOL","051311001070","DB",0,0,0,0,0,0,0,0,0,0,0,0,0,0,0,0,0,0,0,0,0,0,0,0,0,0,0,0,0,0,0,0,0,0,0
"AR","ARKANSAS","0509390","MARION SCHOOL DISTRICT","00683","MARION JUNIOR HIGH SCHOOL","050939000683","DB",0,0,0,0,0,0,0,0,0,0,0,0,0,0,0,0,0,0,0,0,0,0,0,0,0,0,0,0,0,0,0,0,0,0,0
"AR","ARKANSAS","0508670","LAKESIDE SCHOOL DISTRICT","00394","LAKESIDE MIDDLE SCHOOL","050867000394","DB",0,0,0,0,0,0,0,0,0,0,0,0,0,0,0,0,0,0,0,0,0,0,0,0,0,0,0,0,0,0,0,0,0,0,0
"AR","ARKANSAS","0508240","JASPER SCHOOL DISTRICT","00811","OARK HIGH SCHOOL","050824000811","DB",0,0,0,0,0,0,0,0,0,0,0,0,0,0,0,0,0,0,0,0,0,0,0,0,0,0,0,0,0,0,0,0,0,0,0
"AR","ARKANSAS","0503840","CALICO ROCK SCHOOL DISTRICT","00132","CALICO ROCK HIGH SCHOOL","050384000132","DB",0,0,0,0,0,0,0,0,0,0,0,0,0,0,0,0,0,0,0,0,0,0,0,0,0,0,0,0,0,0,0,0,0,0,0
"AR","ARKANSAS","0500068","EMERSON-TAYLOR SCHOOL DISTRICT","00108","BRADLEY ELEMENTARY SCHOOL","050006800108","DB",0,0,0,0,0,0,0,0,0,0,0,0,0,0,0,0,0,0,0,0,0,0,0,0,0,0,0,0,0,0,0,0,0,0,0
"AR","ARKANSAS","0510680","N. LITTLE ROCK SCHOOL DISTRICT","01641","NORTH LITTLE ROCK CENTER OF EXCELLENCE","051068001641","DB",0,0,0,0,0,0,0,0,0,0,0,0,0,0,0,0,0,0,0,0,0,0,0,0,0,0,0,0,0,0,0,0,0,0,0
"AR","ARKANSAS","0508940","LINCOLN SCHOOL DISTRICT","00600","LINCOLN ELEMENTARY SCHOOL","050894000600","DB",0,0,0,0,0,0,0,0,0,0,0,0,0,0,0,0,0,0,0,0,0,0,0,0,0,0,0,0,0,0,0,0,0,0,0
"AR","ARKANSAS","0500009","CORNING SCHOOL DISTRICT","00191","CORNING HIGH SCHOOL","050000900191","DB",0,0,0,0,0,0,0,0,0,0,0,0,0,0,0,0,0,0,0,0,0,0,0,0,0,0,0,0,0,0,0,0,0,0,0
"AR","ARKANSAS","0509390","MARION SCHOOL DISTRICT","01668","MARION VISUAL & PERFORMING ARTS MAGNET SCHOOL","050939001668","DB",0,0,0,0,0,0,0,0,0,0,0,0,0,0,0,0,0,0,0,0,0,0,0,0,0,0,0,0,0,0,0,0,0,0,0
"AR","ARKANSAS","0500017","PARAGOULD SCHOOL DISTRICT","01296","OAK GROVE MIDDLE SCHOOL","050001701296","DB",0,0,0,0,0,0,0,0,0,0,0,0,0,0,0,0,0,0,0,0,0,0,0,0,0,0,0,0,0,0,0,0,0,0,0
"AR","ARKANSAS","0504800","CROSSETT SCHOOL DISTRICT","01356","CROSSETT MIDDLE SCHOOL","050480001356","DB",0,0,0,0,0,0,0,0,0,0,0,0,0,0,0,0,0,0,0,0,0,0,0,0,0,0,0,0,0,0,0,0,0,0,0
"AR","ARKANSAS","0500068","EMERSON-TAYLOR SCHOOL DISTRICT","00292","EMERSON HIGH SCHOOL","050006800292","DB",0,0,0,0,0,0,0,0,0,0,0,0,0,0,0,0,0,0,0,0,0,0,0,0,0,0,0,0,0,0,0,0,0,0,0
"AR","ARKANSAS","0500068","EMERSON-TAYLOR SCHOOL DISTRICT","00291","EMERSON ELEMENTARY SCHOOL","050006800291","DB",0,0,0,0,0,0,0,0,0,0,0,0,0,0,0,0,0,0,0,0,0,0,0,0,0,0,0,0,0,0,0,0,0,0,0
"AR","ARKANSAS","0509390","MARION SCHOOL DISTRICT","00681","HERBERT CARTER GLOBAL COMMUNITY MAGNET SCHOOL","050939000681","DB",0,0,0,0,0,0,0,0,0,0,0,0,0,0,0,0,0,0,0,0,0,0,0,0,0,0,0,0,0,0,0,0,0,0,0
"AR","ARKANSAS","0500413","CAPITOL CITY LIGHTHOUSE ACADEMY","01613","CAPITOL CITY LIGHTHOUSE LOWER ACADEMY","050041301613","DB",0,0,0,0,0,0,0,0,0,0,0,0,0,0,0,0,0,0,0,0,0,0,0,0,0,0,0,0,0,0,0,0,0,0,0
"AR","ARKANSAS","0508240","JASPER SCHOOL DISTRICT","00544","JASPER ELEMENTARY SCHOOL","050824000544","DB",0,0,0,0,0,0,0,0,0,0,0,0,0,0,0,0,0,0,0,0,0,0,0,0,0,0,0,0,0,0,0,0,0,0,0
"AR","ARKANSAS","0505680","EL DORADO SCHOOL DISTRICT","00274","EL DORADO HIGH SCHOOL","050568000274","DB",0,0,0,0,0,0,0,0,0,0,0,0,0,0,0,0,0,0,0,0,0,0,0,0,0,0,0,0,0,0,0,0,0,0,0
"AR","ARKANSAS","0513110","TEXARKANA SCHOOL DISTRICT","01073","NORTH HEIGHTS JR. HIGH SCHOOL","051311001073","DB",0,0,0,0,0,0,0,0,0,0,0,0,0,0,0,0,0,0,0,0,0,0,0,0,0,0,0,0,0,0,0,0,0,0,0
"AR","ARKANSAS","0510680","N. LITTLE ROCK SCHOOL DISTRICT","00779","AMBOY ELEMENTARY SCHOOL","051068000779","DB",0,0,0,0,0,0,0,0,0,0,0,0,0,0,0,0,0,0,0,0,0,0,0,0,0,0,0,0,0,0,0,0,0,0,0
"AR","ARKANSAS","0510170","MOUNTAIN PINE SCHOOL DISTRICT","00745","MOUNTAIN PINE ELEM. SCHOOL","051017000745","DB",0,0,0,0,0,0,0,0,0,0,0,0,0,0,0,0,0,0,0,0,0,0,0,0,0,0,0,0,0,0,0,0,0,0,0
"AR","ARKANSAS","0504800","CROSSETT SCHOOL DISTRICT","00201","CROSSETT ELEMENTARY SCHOOL","050480000201","DB",0,0,0,0,0,0,0,0,0,0,0,0,0,0,0,0,0,0,0,0,0,0,0,0,0,0,0,0,0,0,0,0,0,0,0
"AR","ARKANSAS","0504410","CLINTON SCHOOL DISTRICT","00171","COWSERT ELEMENTARY SCHOOL","050441000171","DB",0,0,0,0,0,0,0,0,0,0,0,0,0,0,0,0,0,0,0,0,0,0,0,0,0,0,0,0,0,0,0,0,0,0,0
"AR","ARKANSAS","0510680","N. LITTLE ROCK SCHOOL DISTRICT","00786","INDIAN HILLS ELEMENTARY SCHOOL","051068000786","DB",0,0,0,0,0,0,0,0,0,0,0,0,0,0,0,0,0,0,0,0,0,0,0,0,0,0,0,0,0,0,0,0,0,0,0
"AR","ARKANSAS","0500426","HOPE ACADEMY OF NW ARKANSAS","01693","HOPE ACADEMY OF NWA ELEMENTARY","050042601693","DB",0,0,0,0,0,0,0,0,0,0,0,0,0,0,0,0,0,0,0,0,0,0,0,0,0,0,0,0,0,0,0,0,0,0,0
"AR","ARKANSAS","0504980","DECATUR SCHOOL DISTRICT","01602","DECATUR MIDDLE SCHOOL","050498001602","DB",0,0,0,0,0,0,0,0,0,0,0,0,0,0,0,0,0,0,0,0,0,0,0,0,0,0,0,0,0,0,0,0,0,0,0
"AR","ARKANSAS","0508400","RIVERVIEW SCHOOL DISTRICT","01442","JUDSONIA ELEMENTARY SCHOOL","050840001442","DB",0,0,0,0,0,0,0,0,0,0,0,0,0,0,0,0,0,0,0,0,0,0,0,0,0,0,0,0,0,0,0,0,0,0,0
"AR","ARKANSAS","0509570","MAYNARD SCHOOL DISTRICT","00699","MAYNARD ELEMENTARY SCHOOL","050957000699","DB",0,0,0,0,0,0,0,0,0,0,0,0,0,0,0,0,0,0,0,0,0,0,0,0,0,0,0,0,0,0,0,0,0,0,0
"AR","ARKANSAS","0504410","CLINTON SCHOOL DISTRICT","00765","CLINTON JR HIGH SCHOOL","050441000765","DB",0,0,0,0,0,0,0,0,0,0,0,0,0,0,0,0,0,0,0,0,0,0,0,0,0,0,0,0,0,0,0,0,0,0,0
"AR","ARKANSAS","0510680","N. LITTLE ROCK SCHOOL DISTRICT","01566","NORTH LITTLE ROCK HIGH SCHOOL","051068001566","DB",0,0,0,0,0,0,0,0,0,0,0,0,0,0,0,0,0,0,0,0,0,0,0,0,0,0,0,0,0,0,0,0,0,0,0
"AR","ARKANSAS","0508240","JASPER SCHOOL DISTRICT","00564","KINGSTON HIGH SCHOOL","050824000564","DB",0,0,0,0,0,0,0,0,0,0,0,0,0,0,0,0,0,0,0,0,0,0,0,0,0,0,0,0,0,0,0,0,0,0,0
"AR","ARKANSAS","0510680","N. LITTLE ROCK SCHOOL DISTRICT","01678","NORTH LITTLE ROCK MIDDLE SCHOOL 6TH GRADE CAMPUS","051068001678","DB",0,0,0,0,0,0,0,0,0,0,0,0,0,0,0,0,0,0,0,0,0,0,0,0,0,0,0,0,0,0,0,0,0,0,0
"AR","ARKANSAS","0508400","RIVERVIEW SCHOOL DISTRICT","00559","KENSETT ELEMENTARY SCHOOL","050840000559","DB",0,0,0,0,0,0,0,0,0,0,0,0,0,0,0,0,0,0,0,0,0,0,0,0,0,0,0,0,0,0,0,0,0,0,0
"AR","ARKANSAS","0505970","EUREKA SPRINGS SCHOOL DISTRICT","00306","EUREKA SPRINGS HIGH SCHOOL","050597000306","DB",0,0,0,0,0,0,0,0,0,0,0,0,0,0,0,0,0,0,0,0,0,0,0,0,0,0,0,0,0,0,0,0,0,0,0
"AR","ARKANSAS","0506630","GLEN ROSE SCHOOL DISTRICT","00397","GLEN ROSE ELEMENTARY SCHOOL","050663000397","DB",0,0,0,0,0,0,0,0,0,0,0,0,0,0,0,0,0,0,0,0,0,0,0,0,0,0,0,0,0,0,0,0,0,0,0
"AR","ARKANSAS","0512210","SEARCY SCHOOL DISTRICT","00988","SIDNEY DEENER ELEM. SCHOOL","051221000988","DB",0,0,0,0,0,0,0,0,0,0,0,0,0,0,0,0,0,0,0,0,0,0,0,0,0,0,0,0,0,0,0,0,0,0,0
"AR","ARKANSAS","0500398","ESTEM HIGH CHARTER","01470","ESTEM PUBLIC CHARTER HIGH SCHOOL","050039801470","DB",0,0,0,0,0,0,0,0,0,0,0,0,0,0,0,0,0,0,0,0,0,0,0,0,0,0,0,0,0,0,0,0,0,0,0
"AR","ARKANSAS","0514370","WONDERVIEW SCHOOL DISTRICT","01169","WONDERVIEW ELEMENTARY SCHOOL","051437001169","DB",0,0,0,0,0,0,0,0,0,0,0,0,0,0,0,0,0,0,0,0,0,0,0,0,0,0,0,0,0,0,0,0,0,0,0
"AR","ARKANSAS","0513230","JACKSON CO. SCHOOL DISTRICT","01060","SWIFTON MIDDLE SCHOOL","051323001060","DB",0,0,0,0,0,0,0,0,0,0,0,0,0,0,0,0,0,0,0,0,0,0,0,0,0,0,0,0,0,0,0,0,0,0,0
"AR","ARKANSAS","0506150","FLIPPIN SCHOOL DISTRICT","00331","FLIPPIN HIGH SCHOOL","050615000331","DB",0,0,0,0,0,0,0,0,0,0,0,0,0,0,0,0,0,0,0,0,0,0,0,0,0,0,0,0,0,0,0,0,0,0,0
"AR","ARKANSAS","0500398","ESTEM HIGH CHARTER","01658","ESTEM EAST VILLAGE JUNIOR HIGH PUBLIC CHARTER SCHOOL","050039801658","DB",0,0,0,0,0,0,0,0,0,0,0,0,0,0,0,0,0,0,0,0,0,0,0,0,0,0,0,0,0,0,0,0,0,0,0
"AR","ARKANSAS","0506150","FLIPPIN SCHOOL DISTRICT","00277","FLIPPIN MIDDLE SCHOOL","050615000277","DB",0,0,0,0,0,0,0,0,0,0,0,0,0,0,0,0,0,0,0,0,0,0,0,0,0,0,0,0,0,0,0,0,0,0,0
"AR","ARKANSAS","0510320","SOUTH PIKE COUNTY SCHOOL DISTRICT","00226","DELIGHT ELEMENTARY SCHOOL","051032000226","DB",0,0,0,0,0,0,0,0,0,0,0,0,0,0,0,0,0,0,0,0,0,0,0,0,0,0,0,0,0,0,0,0,0,0,0
"AR","ARKANSAS","0506150","FLIPPIN SCHOOL DISTRICT","00330","FLIPPIN ELEMENTARY SCHOOL","050615000330","DB",0,0,0,0,0,0,0,0,0,0,0,0,0,0,0,0,0,0,0,0,0,0,0,0,0,0,0,0,0,0,0,0,0,0,0
"AR","ARKANSAS","0510320","SOUTH PIKE COUNTY SCHOOL DISTRICT","00754","MURFREESBORO ELEMENTARY SCHOOL","051032000754","DB",0,0,0,0,0,0,0,0,0,0,0,0,0,0,0,0,0,0,0,0,0,0,0,0,0,0,0,0,0,0,0,0,0,0,0
"AR","ARKANSAS","0500398","ESTEM HIGH CHARTER","01666","ESTEM EAST VILLAGE ELEMENTARY PUBLIC CHARTER SCHOOL","050039801666","DB",0,0,0,0,0,0,0,0,0,0,0,0,0,0,0,0,0,0,0,0,0,0,0,0,0,0,0,0,0,0,0,0,0,0,0
"AR","ARKANSAS","0500398","ESTEM HIGH CHARTER","01467","ESTEM MIDDLE SCHOOL","050039801467","DB",0,0,0,0,0,0,0,0,0,0,0,0,0,0,0,0,0,0,0,0,0,0,0,0,0,0,0,0,0,0,0,0,0,0,0
"AR","ARKANSAS","0514370","WONDERVIEW SCHOOL DISTRICT","01170","WONDERVIEW HIGH SCHOOL","051437001170","DB",0,0,0,0,0,0,0,0,0,0,0,0,0,0,0,0,0,0,0,0,0,0,0,0,0,0,0,0,0,0,0,0,0,0,0
"AR","ARKANSAS","0510320","SOUTH PIKE COUNTY SCHOOL DISTRICT","00755","MURFREESBORO HIGH SCHOOL","051032000755","DB",0,0,0,0,0,0,0,0,0,0,0,0,0,0,0,0,0,0,0,0,0,0,0,0,0,0,0,0,0,0,0,0,0,0,0
"AR","ARKANSAS","0512930","STRONG-HUTTIG SCHOOL DISTRICT","01663","STRONG-HUTTIG SCHOOLS","051293001663","DB",0,0,0,0,0,0,0,0,0,0,0,0,0,0,0,0,0,0,0,0,0,0,0,0,0,0,0,0,0,0,0,0,0,0,0
"AR","ARKANSAS","0513230","JACKSON CO. SCHOOL DISTRICT","01083","TUCKERMAN HIGH SCHOOL","051323001083","DB",0,0,0,0,0,0,0,0,0,0,0,0,0,0,0,0,0,0,0,0,0,0,0,0,0,0,0,0,0,0,0,0,0,0,0
"AR","ARKANSAS","0500398","ESTEM HIGH CHARTER","01468","ESTEM ELEMENTARY SCHOOL","050039801468","DB",0,0,0,0,0,0,0,0,0,0,0,0,0,0,0,0,0,0,0,0,0,0,0,0,0,0,0,0,0,0,0,0,0,0,0
"AR","ARKANSAS","0513230","JACKSON CO. SCHOOL DISTRICT","01082","TUCKERMAN ELEMENTARY SCHOOL","051323001082","DB",0,0,0,0,0,0,0,0,0,0,0,0,0,0,0,0,0,0,0,0,0,0,0,0,0,0,0,0,0,0,0,0,0,0,0
"AR","ARKANSAS","0503060","BENTONVILLE SCHOOL DISTRICT","01691","GRIMSLEY JUNIOR HIGH SCHOOL","050306001691","DB",0,0,0,0,0,0,0,0,0,0,0,0,0,0,0,0,0,0,0,0,0,0,0,0,0,0,0,0,0,0,0,0,0,0,0
"AR","ARKANSAS","0503060","BENTONVILLE SCHOOL DISTRICT","00879","MARY MAE JONES ELEM. SCHOOL","050306000879","DB",0,0,0,0,0,0,0,0,0,0,0,0,0,0,0,0,0,0,0,0,0,0,0,0,0,0,0,0,0,0,0,0,0,0,0
"AR","ARKANSAS","0503030","PEA RIDGE SCHOOL DISTRICT","01692","PEA RIDGE JUNIOR HIGH SCHOOL","050303001692","DB",0,0,0,0,0,0,0,0,0,0,0,0,0,0,0,0,0,0,0,0,0,0,0,0,0,0,0,0,0,0,0,0,0,0,0
"AR","ARKANSAS","0504590","CONWAY SCHOOL DISTRICT","00081","THEODORE JONES ELEM. SCHOOL","050459000081","DB",0,0,0,0,0,0,0,0,0,0,0,0,0,0,0,0,0,0,0,0,0,0,0,0,0,0,0,0,0,0,0,0,0,0,0
"AR","ARKANSAS","0503030","PEA RIDGE SCHOOL DISTRICT","01505","PEA RIDGE PRIMARY SCHOOL","050303001505","DB",0,0,0,0,0,0,0,0,0,0,0,0,0,0,0,0,0,0,0,0,0,0,0,0,0,0,0,0,0,0,0,0,0,0,0
"AR","ARKANSAS","0500073","OUACHITA RIVER SCHOOL DISTRICT","00001","ACORN ELEMENTARY SCHOOL","050007300001","DB",0,0,0,0,0,0,0,0,0,0,0,0,0,0,0,0,0,0,0,0,0,0,0,0,0,0,0,0,0,0,0,0,0,0,0
"AR","ARKANSAS","0504590","CONWAY SCHOOL DISTRICT","01248","FLORENCE MATTISON ELEM. SCHOOL","050459001248","DB",0,0,0,0,0,0,0,0,0,0,0,0,0,0,0,0,0,0,0,0,0,0,0,0,0,0,0,0,0,0,0,0,0,0,0
"AR","ARKANSAS","0503030","PEA RIDGE SCHOOL DISTRICT","00071","PEA RIDGE INTERMEDIATE SCHOOL","050303000071","DB",0,0,0,0,0,0,0,0,0,0,0,0,0,0,0,0,0,0,0,0,0,0,0,0,0,0,0,0,0,0,0,0,0,0,0
"AR","ARKANSAS","0504590","CONWAY SCHOOL DISTRICT","01183","JULIA LEE MOORE ELEM. SCHOOL","050459001183","DB",0,0,0,0,0,0,0,0,0,0,0,0,0,0,0,0,0,0,0,0,0,0,0,0,0,0,0,0,0,0,0,0,0,0,0
"AR","ARKANSAS","0503060","BENTONVILLE SCHOOL DISTRICT","01229","OLD HIGH MIDDLE SCHOOL","050306001229","DB",0,0,0,0,0,0,0,0,0,0,0,0,0,0,0,0,0,0,0,0,0,0,0,0,0,0,0,0,0,0,0,0,0,0,0
"AR","ARKANSAS","0503060","BENTONVILLE SCHOOL DISTRICT","00789","LINCOLN JUNIOR HIGH SCHOOL","050306000789","DB",0,0,0,0,0,0,0,0,0,0,0,0,0,0,0,0,0,0,0,0,0,0,0,0,0,0,0,0,0,0,0,0,0,0,0
"AR","ARKANSAS","0510200","MOUNTAIN VIEW SCHOOL DISTRICT","00749","MOUNTAIN VIEW HIGH SCHOOL","051020000749","DB",0,0,0,0,0,0,0,0,0,0,0,0,0,0,0,0,0,0,0,0,0,0,0,0,0,0,0,0,0,0,0,0,0,0,0
"AR","ARKANSAS","0503060","BENTONVILLE SCHOOL DISTRICT","01544","BRIGHT FIELD MIDDLE SCHOOL","050306001544","DB",0,0,0,0,0,0,0,0,0,0,0,0,0,0,0,0,0,0,0,0,0,0,0,0,0,0,0,0,0,0,0,0,0,0,0
"AR","ARKANSAS","0504590","CONWAY SCHOOL DISTRICT","00186","IDA BURNS ELEMENTARY SCHOOL","050459000186","DB",0,0,0,0,0,0,0,0,0,0,0,0,0,0,0,0,0,0,0,0,0,0,0,0,0,0,0,0,0,0,0,0,0,0,0
"AR","ARKANSAS","0509240","MALVERN SCHOOL DISTRICT","01372","MALVERN HIGH SCHOOL","050924001372","DB",0,0,0,0,0,0,0,0,0,0,0,0,0,0,0,0,0,0,0,0,0,0,0,0,0,0,0,0,0,0,0,0,0,0,0
"AR","ARKANSAS","0500070","CEDAR RIDGE SCHOOL DISTRICT","00768","CEDAR RIDGE HIGH SCHOOL","050007000768","DB",0,0,0,0,0,0,0,0,0,0,0,0,0,0,0,0,0,0,0,0,0,0,0,0,0,0,0,0,0,0,0,0,0,0,0
"AR","ARKANSAS","0503030","PEA RIDGE SCHOOL DISTRICT","00072","PEA RIDGE HIGH SCHOOL","050303000072","DB",0,0,0,0,0,0,0,0,0,0,0,0,0,0,0,0,0,0,0,0,0,0,0,0,0,0,0,0,0,0,0,0,0,0,0
"AR","ARKANSAS","0503060","BENTONVILLE SCHOOL DISTRICT","00165","ELM TREE ELEMENTARY SCHOOL","050306000165","DB",0,0,0,0,0,0,0,0,0,0,0,0,0,0,0,0,0,0,0,0,0,0,0,0,0,0,0,0,0,0,0,0,0,0,0
"AR","ARKANSAS","0500073","OUACHITA RIVER SCHOOL DISTRICT","01642","ODEN SCHOOLS","050007301642","DB",0,0,0,0,0,0,0,0,0,0,0,0,0,0,0,0,0,0,0,0,0,0,0,0,0,0,0,0,0,0,0,0,0,0,0
"AR","ARKANSAS","0504590","CONWAY SCHOOL DISTRICT","00182","CONWAY JUNIOR HIGH SCHOOL","050459000182","DB",0,0,0,0,0,0,0,0,0,0,0,0,0,0,0,0,0,0,0,0,0,0,0,0,0,0,0,0,0,0,0,0,0,0,0
"AR","ARKANSAS","0503060","BENTONVILLE SCHOOL DISTRICT","00074","WASHINGTON JUNIOR HIGH SCHOOL","050306000074","DB",0,0,0,0,0,0,0,0,0,0,0,0,0,0,0,0,0,0,0,0,0,0,0,0,0,0,0,0,0,0,0,0,0,0,0
"AR","ARKANSAS","0500073","OUACHITA RIVER SCHOOL DISTRICT","00002","ACORN HIGH SCHOOL","050007300002","DB",0,0,0,0,0,0,0,0,0,0,0,0,0,0,0,0,0,0,0,0,0,0,0,0,0,0,0,0,0,0,0,0,0,0,0
"AR","ARKANSAS","0503060","BENTONVILLE SCHOOL DISTRICT","01424","APPLE GLEN ELEMENTARY SCHOOL","050306001424","DB",0,0,0,0,0,0,0,0,0,0,0,0,0,0,0,0,0,0,0,0,0,0,0,0,0,0,0,0,0,0,0,0,0,0,0
"AR","ARKANSAS","0503060","BENTONVILLE SCHOOL DISTRICT","01571","J WILLIAM FULBRIGHT JUNIOR HIGH SCHOOL","050306001571","DB",0,0,0,0,0,0,0,0,0,0,0,0,0,0,0,0,0,0,0,0,0,0,0,0,0,0,0,0,0,0,0,0,0,0,0
"AR","ARKANSAS","0510200","MOUNTAIN VIEW SCHOOL DISTRICT","00747","MOUNTAIN VIEW ELEM. SCHOOL","051020000747","DB",0,0,0,0,0,0,0,0,0,0,0,0,0,0,0,0,0,0,0,0,0,0,0,0,0,0,0,0,0,0,0,0,0,0,0
"AR","ARKANSAS","0503060","BENTONVILLE SCHOOL DISTRICT","01618","BENTONVILLE WEST HIGH SCHOOL","050306001618","DB",0,0,0,0,0,0,0,0,0,0,0,0,0,0,0,0,0,0,0,0,0,0,0,0,0,0,0,0,0,0,0,0,0,0,0
"AR","ARKANSAS","0510200","MOUNTAIN VIEW SCHOOL DISTRICT","01086","TIMBO ELEMENTARY SCHOOL","051020001086","DB",0,0,0,0,0,0,0,0,0,0,0,0,0,0,0,0,0,0,0,0,0,0,0,0,0,0,0,0,0,0,0,0,0,0,0
"AR","ARKANSAS","0503030","PEA RIDGE SCHOOL DISTRICT","00169","PEA RIDGE MIDDLE SCHOOL","050303000169","DB",0,0,0,0,0,0,0,0,0,0,0,0,0,0,0,0,0,0,0,0,0,0,0,0,0,0,0,0,0,0,0,0,0,0,0
"AR","ARKANSAS","0503060","BENTONVILLE SCHOOL DISTRICT","01199","CENTERTON GAMBLE ELEMENTARY","050306001199","DB",0,0,0,0,0,0,0,0,0,0,0,0,0,0,0,0,0,0,0,0,0,0,0,0,0,0,0,0,0,0,0,0,0,0,0
"AR","ARKANSAS","0509240","MALVERN SCHOOL DISTRICT","01327","WILSON INTERMEDIATE SCHOOL","050924001327","DB",0,0,0,0,0,0,0,0,0,0,0,0,0,0,0,0,0,0,0,0,0,0,0,0,0,0,0,0,0,0,0,0,0,0,0
"AR","ARKANSAS","0506420","FOUNTAIN LAKE SCHOOL DISTRICT","01605","FOUNTAIN LAKE MIDDLE SCHOOL COBRA DIGITAL PREP ACADEMY","050642001605","DB",0,0,0,0,0,0,0,0,0,0,0,0,0,0,0,0,0,0,0,0,0,0,0,0,0,0,0,0,0,0,0,0,0,0,0
"AR","ARKANSAS","0504590","CONWAY SCHOOL DISTRICT","01198","RAY/PHYLLIS SIMON INTERMEDIATE","050459001198","DB",0,0,0,0,0,0,0,0,0,0,0,0,0,0,0,0,0,0,0,0,0,0,0,0,0,0,0,0,0,0,0,0,0,0,0
"AR","ARKANSAS","0503060","BENTONVILLE SCHOOL DISTRICT","01139","RUTH BARKER MIDDLE SCHOOL","050306001139","DB",0,0,0,0,0,0,0,0,0,0,0,0,0,0,0,0,0,0,0,0,0,0,0,0,0,0,0,0,0,0,0,0,0,0,0
"AR","ARKANSAS","0504590","CONWAY SCHOOL DISTRICT","01550","CAROLYN LEWIS ELEMENTARY SCHOOL","050459001550","DB",0,0,0,0,0,0,0,0,0,0,0,0,0,0,0,0,0,0,0,0,0,0,0,0,0,0,0,0,0,0,0,0,0,0,0
"AR","ARKANSAS","0503060","BENTONVILLE SCHOOL DISTRICT","00160","SPRING HILL MIDDLE SCHOOL","050306000160","DB",0,0,0,0,0,0,0,0,0,0,0,0,0,0,0,0,0,0,0,0,0,0,0,0,0,0,0,0,0,0,0,0,0,0,0
"AR","ARKANSAS","0506420","FOUNTAIN LAKE SCHOOL DISTRICT","00384","FOUNTAIN LAKE CHARTER HIGH SCHOOL","050642000384","DB",0,0,0,0,0,0,0,0,0,0,0,0,0,0,0,0,0,0,0,0,0,0,0,0,0,0,0,0,0,0,0,0,0,0,0
"AR","ARKANSAS","0504590","CONWAY SCHOOL DISTRICT","00937","RUTH DOYLE INTERMEDIATE SCHOOL","050459000937","DB",0,0,0,0,0,0,0,0,0,0,0,0,0,0,0,0,0,0,0,0,0,0,0,0,0,0,0,0,0,0,0,0,0,0,0
"AR","ARKANSAS","0503060","BENTONVILLE SCHOOL DISTRICT","01649","OSAGE CREEK ELEMENTARY SCHOOL","050306001649","DB",0,0,0,0,0,0,0,0,0,0,0,0,0,0,0,0,0,0,0,0,0,0,0,0,0,0,0,0,0,0,0,0,0,0,0
"AR","ARKANSAS","0500070","CEDAR RIDGE SCHOOL DISTRICT","00767","NEWARK ELEMENTARY SCHOOL","050007000767","DB",0,0,0,0,0,0,0,0,0,0,0,0,0,0,0,0,0,0,0,0,0,0,0,0,0,0,0,0,0,0,0,0,0,0,0
"AR","ARKANSAS","0504590","CONWAY SCHOOL DISTRICT","00184","CONWAY HIGH WEST","050459000184","DB",0,0,0,0,0,0,0,0,0,0,0,0,0,0,0,0,0,0,0,0,0,0,0,0,0,0,0,0,0,0,0,0,0,0,0
"AR","ARKANSAS","0503060","BENTONVILLE SCHOOL DISTRICT","01684","EVENING STAR ELEMENTARY SCHOOL","050306001684","DB",0,0,0,0,0,0,0,0,0,0,0,0,0,0,0,0,0,0,0,0,0,0,0,0,0,0,0,0,0,0,0,0,0,0,0
"AR","ARKANSAS","0510200","MOUNTAIN VIEW SCHOOL DISTRICT","01491","MOUNTAIN VIEW MIDDLE SCHOOL","051020001491","DB",0,0,0,0,0,0,0,0,0,0,0,0,0,0,0,0,0,0,0,0,0,0,0,0,0,0,0,0,0,0,0,0,0,0,0
"AR","ARKANSAS","0504590","CONWAY SCHOOL DISTRICT","01355","MARGUERITE VANN ELEM. SCHOOL","050459001355","DB",0,0,0,0,0,0,0,0,0,0,0,0,0,0,0,0,0,0,0,0,0,0,0,0,0,0,0,0,0,0,0,0,0,0,0
"AR","ARKANSAS","0503060","BENTONVILLE SCHOOL DISTRICT","01462","COOPER ELEMENTARY SCHOOL","050306001462","DB",0,0,0,0,0,0,0,0,0,0,0,0,0,0,0,0,0,0,0,0,0,0,0,0,0,0,0,0,0,0,0,0,0,0,0
"AR","ARKANSAS","0510200","MOUNTAIN VIEW SCHOOL DISTRICT","00964","RURAL SPECIAL ELEM. SCHOOL","051020000964","DB",0,0,0,0,0,0,0,0,0,0,0,0,0,0,0,0,0,0,0,0,0,0,0,0,0,0,0,0,0,0,0,0,0,0,0
"AR","ARKANSAS","0503060","BENTONVILLE SCHOOL DISTRICT","01543","WILLOWBROOK ELEMENTARY SCHOOL","050306001543","DB",0,0,0,0,0,0,0,0,0,0,0,0,0,0,0,0,0,0,0,0,0,0,0,0,0,0,0,0,0,0,0,0,0,0,0
"AR","ARKANSAS","0506420","FOUNTAIN LAKE SCHOOL DISTRICT","00383","FOUNTAIN LAKE ELEMENTARY","050642000383","DB",0,0,0,0,0,0,0,0,0,0,0,0,0,0,0,0,0,0,0,0,0,0,0,0,0,0,0,0,0,0,0,0,0,0,0
"AR","ARKANSAS","0509240","MALVERN SCHOOL DISTRICT","01373","MALVERN JUNIOR HIGH SCHOOL","050924001373","DB",0,0,0,0,0,0,0,0,0,0,0,0,0,0,0,0,0,0,0,0,0,0,0,0,0,0,0,0,0,0,0,0,0,0,0
"AR","ARKANSAS","0504590","CONWAY SCHOOL DISTRICT","01486","WOODROW CUMMINS ELEMENTARY SCH","050459001486","DB",0,0,0,0,0,0,0,0,0,0,0,0,0,0,0,0,0,0,0,0,0,0,0,0,0,0,0,0,0,0,0,0,0,0,0
"AR","ARKANSAS","0504590","CONWAY SCHOOL DISTRICT","00135","JIM STONE ELEMENTARY SCHOOL","050459000135","DB",0,0,0,0,0,0,0,0,0,0,0,0,0,0,0,0,0,0,0,0,0,0,0,0,0,0,0,0,0,0,0,0,0,0,0
"AR","ARKANSAS","0509240","MALVERN SCHOOL DISTRICT","01366","MALVERN ELEMENTARY SCHOOL","050924001366","DB",0,0,0,0,0,0,0,0,0,0,0,0,0,0,0,0,0,0,0,0,0,0,0,0,0,0,0,0,0,0,0,0,0,0,0
"AR","ARKANSAS","0503060","BENTONVILLE SCHOOL DISTRICT","00075","R.E. BAKER ELEMENTARY SCHOOL","050306000075","DB",0,0,0,0,0,0,0,0,0,0,0,0,0,0,0,0,0,0,0,0,0,0,0,0,0,0,0,0,0,0,0,0,0,0,0
"AR","ARKANSAS","0504590","CONWAY SCHOOL DISTRICT","00185","ELLEN SMITH ELEMENTARY SCHOOL","050459000185","DB",0,0,0,0,0,0,0,0,0,0,0,0,0,0,0,0,0,0,0,0,0,0,0,0,0,0,0,0,0,0,0,0,0,0,0
"AR","ARKANSAS","0504590","CONWAY SCHOOL DISTRICT","00333","BOB COURTWAY MIDDLE SCHOOL","050459000333","DB",0,0,0,0,0,0,0,0,0,0,0,0,0,0,0,0,0,0,0,0,0,0,0,0,0,0,0,0,0,0,0,0,0,0,0
"AR","ARKANSAS","0503060","BENTONVILLE SCHOOL DISTRICT","01423","SUGAR CREEK ELEMENTARY SCHOOL","050306001423","DB",0,0,0,0,0,0,0,0,0,0,0,0,0,0,0,0,0,0,0,0,0,0,0,0,0,0,0,0,0,0,0,0,0,0,0
"AR","ARKANSAS","0503060","BENTONVILLE SCHOOL DISTRICT","01080","CENTRAL PARK AT MORNING STAR","050306001080","DB",0,0,0,0,0,0,0,0,0,0,0,0,0,0,0,0,0,0,0,0,0,0,0,0,0,0,0,0,0,0,0,0,0,0,0
"AR","ARKANSAS","0503060","BENTONVILLE SCHOOL DISTRICT","01648","CREEKSIDE MIDDLE SCHOOL","050306001648","DB",0,0,0,0,0,0,0,0,0,0,0,0,0,0,0,0,0,0,0,0,0,0,0,0,0,0,0,0,0,0,0,0,0,0,0
"AR","ARKANSAS","0503060","BENTONVILLE SCHOOL DISTRICT","00073","BENTONVILLE HIGH SCHOOL","050306000073","DB",0,0,0,0,0,0,0,0,0,0,0,0,0,0,0,0,0,0,0,0,0,0,0,0,0,0,0,0,0,0,0,0,0,0,0
"AR","ARKANSAS","0510200","MOUNTAIN VIEW SCHOOL DISTRICT","00965","RURAL SPECIAL HIGH SCHOOL","051020000965","DB",0,0,0,0,0,0,0,0,0,0,0,0,0,0,0,0,0,0,0,0,0,0,0,0,0,0,0,0,0,0,0,0,0,0,0
"AR","ARKANSAS","0504590","CONWAY SCHOOL DISTRICT","00183","CARL STUART MIDDLE SCHOOL","050459000183","DB",0,0,0,0,0,0,0,0,0,0,0,0,0,0,0,0,0,0,0,0,0,0,0,0,0,0,0,0,0,0,0,0,0,0,0
"AR","ARKANSAS","0510200","MOUNTAIN VIEW SCHOOL DISTRICT","01087","TIMBO HIGH SCHOOL","051020001087","DB",0,0,0,0,0,0,0,0,0,0,0,0,0,0,0,0,0,0,0,0,0,0,0,0,0,0,0,0,0,0,0,0,0,0,0
"AR","ARKANSAS","0503060","BENTONVILLE SCHOOL DISTRICT","00076","THOMAS JEFFERSON ELEM. SCHOOL","050306000076","DB",0,0,0,0,0,0,0,0,0,0,0,0,0,0,0,0,0,0,0,0,0,0,0,0,0,0,0,0,0,0,0,0,0,0,0
"AR","ARKANSAS","0513380","VALLEY VIEW SCHOOL DISTRICT","01580","VALLEY VIEW JUNIOR HIGH SCHOOL","051338001580","DB",0,0,0,0,0,0,0,0,0,0,0,0,0,0,0,0,0,0,0,0,0,0,0,0,0,0,0,0,0,0,0,0,0,0,0
"AR","ARKANSAS","0511970","ROGERS SCHOOL DISTRICT","00954","GARFIELD ELEMENTARY SCHOOL","051197000954","DB",0,0,0,0,0,0,0,0,0,0,0,0,0,0,0,0,0,0,0,0,0,0,0,0,0,0,0,0,0,0,0,0,0,0,0
"AR","ARKANSAS","0511970","ROGERS SCHOOL DISTRICT","01483","ROGERS HERITAGE HIGH SCHOOL","051197001483","DB",0,0,0,0,0,0,0,0,0,0,0,0,0,0,0,0,0,0,0,0,0,0,0,0,0,0,0,0,0,0,0,0,0,0,0
"AR","ARKANSAS","0511970","ROGERS SCHOOL DISTRICT","00117","JOE MATHIAS ELEMENTARY SCHOOL","051197000117","DB",0,0,0,0,0,0,0,0,0,0,0,0,0,0,0,0,0,0,0,0,0,0,0,0,0,0,0,0,0,0,0,0,0,0,0
"AR","ARKANSAS","0507860","HORATIO SCHOOL DISTRICT","00501","HORATIO ELEMENTARY SCHOOL","050786000501","DB",0,0,0,0,0,0,0,0,0,0,0,0,0,0,0,0,0,0,0,0,0,0,0,0,0,0,0,0,0,0,0,0,0,0,0
"AR","ARKANSAS","0511970","ROGERS SCHOOL DISTRICT","00957","OAKDALE MIDDLE SCHOOL","051197000957","DB",0,0,0,0,0,0,0,0,0,0,0,0,0,0,0,0,0,0,0,0,0,0,0,0,0,0,0,0,0,0,0,0,0,0,0
"AR","ARKANSAS","0511970","ROGERS SCHOOL DISTRICT","01682","FAIRVIEW ELEMENTARY SCHOOL","051197001682","DB",0,0,0,0,0,0,0,0,0,0,0,0,0,0,0,0,0,0,0,0,0,0,0,0,0,0,0,0,0,0,0,0,0,0,0
"AR","ARKANSAS","0511970","ROGERS SCHOOL DISTRICT","00953","ELMWOOD MIDDLE SCHOOL","051197000953","DB",0,0,0,0,0,0,0,0,0,0,0,0,0,0,0,0,0,0,0,0,0,0,0,0,0,0,0,0,0,0,0,0,0,0,0
"AR","ARKANSAS","0511970","ROGERS SCHOOL DISTRICT","01221","GRACE HILL ELEMENTARY SCHOOL","051197001221","DB",0,0,0,0,0,0,0,0,0,0,0,0,0,0,0,0,0,0,0,0,0,0,0,0,0,0,0,0,0,0,0,0,0,0,0
"AR","ARKANSAS","0511970","ROGERS SCHOOL DISTRICT","00304","FAIRVIEW ELEMENTARY SCHOOL","051197000304","DB",0,0,0,0,0,0,0,0,0,0,0,0,0,0,0,0,0,0,0,0,0,0,0,0,0,0,0,0,0,0,0,0,0,0,0
"AR","ARKANSAS","0511970","ROGERS SCHOOL DISTRICT","00956","NORTHSIDE ELEMENTARY SCHOOL","051197000956","DB",0,0,0,0,0,0,0,0,0,0,0,0,0,0,0,0,0,0,0,0,0,0,0,0,0,0,0,0,0,0,0,0,0,0,0
"AR","ARKANSAS","0511970","ROGERS SCHOOL DISTRICT","00505","JONES ELEMENTARY SCHOOL","051197000505","DB",0,0,0,0,0,0,0,0,0,0,0,0,0,0,0,0,0,0,0,0,0,0,0,0,0,0,0,0,0,0,0,0,0,0,0
"AR","ARKANSAS","0508640","LAKESIDE SCHOOL DISTRICT (CHICOT COUNTY)","00577","LAKESIDE MIDDLE SCHOOL","050864000577","DB",0,0,0,0,0,0,0,0,0,0,0,0,0,0,0,0,0,0,0,0,0,0,0,0,0,0,0,0,0,0,0,0,0,0,0
"AR","ARKANSAS","0511970","ROGERS SCHOOL DISTRICT","01588","JANIE DARR ELEMENTARY SCHOOL","051197001588","DB",0,0,0,0,0,0,0,0,0,0,0,0,0,0,0,0,0,0,0,0,0,0,0,0,0,0,0,0,0,0,0,0,0,0,0
"AR","ARKANSAS","0504930","DARDANELLE SCHOOL DISTRICT","00215","DARDANELLE MIDDLE SCHOOL","050493000215","DB",0,0,0,0,0,0,0,0,0,0,0,0,0,0,0,0,0,0,0,0,0,0,0,0,0,0,0,0,0,0,0,0,0,0,0
"AR","ARKANSAS","0508640","LAKESIDE SCHOOL DISTRICT (CHICOT COUNTY)","00576","LAKESIDE ELEMENTARY SCHOOL","050864000576","DB",0,0,0,0,0,0,0,0,0,0,0,0,0,0,0,0,0,0,0,0,0,0,0,0,0,0,0,0,0,0,0,0,0,0,0
"AR","ARKANSAS","0511970","ROGERS SCHOOL DISTRICT","00349","BELLVIEW ELEMENTARY","051197000349","DB",0,0,0,0,0,0,0,0,0,0,0,0,0,0,0,0,0,0,0,0,0,0,0,0,0,0,0,0,0,0,0,0,0,0,0
"AR","ARKANSAS","0511970","ROGERS SCHOOL DISTRICT","01414","REAGAN ELEMENTARY SCHOOL","051197001414","DB",0,0,0,0,0,0,0,0,0,0,0,0,0,0,0,0,0,0,0,0,0,0,0,0,0,0,0,0,0,0,0,0,0,0,0
"AR","ARKANSAS","0511970","ROGERS SCHOOL DISTRICT","00881","ELZA R. TUCKER ELEM. SCHOOL","051197000881","DB",0,0,0,0,0,0,0,0,0,0,0,0,0,0,0,0,0,0,0,0,0,0,0,0,0,0,0,0,0,0,0,0,0,0,0
"AR","ARKANSAS","0511970","ROGERS SCHOOL DISTRICT","00960","WESTSIDE ELEMENTARY SCHOOL","051197000960","DB",0,0,0,0,0,0,0,0,0,0,0,0,0,0,0,0,0,0,0,0,0,0,0,0,0,0,0,0,0,0,0,0,0,0,0
"AR","ARKANSAS","0504930","DARDANELLE SCHOOL DISTRICT","00214","DARDANELLE HIGH SCHOOL","050493000214","DB",0,0,0,0,0,0,0,0,0,0,0,0,0,0,0,0,0,0,0,0,0,0,0,0,0,0,0,0,0,0,0,0,0,0,0
"AR","ARKANSAS","0508640","LAKESIDE SCHOOL DISTRICT (CHICOT COUNTY)","00578","LAKESIDE HIGH SCHOOL","050864000578","DB",0,0,0,0,0,0,0,0,0,0,0,0,0,0,0,0,0,0,0,0,0,0,0,0,0,0,0,0,0,0,0,0,0,0,0
"AR","ARKANSAS","0513380","VALLEY VIEW SCHOOL DISTRICT","01094","VALLEY VIEW ELEMENTARY SCHOOL","051338001094","DB",0,0,0,0,0,0,0,0,0,0,0,0,0,0,0,0,0,0,0,0,0,0,0,0,0,0,0,0,0,0,0,0,0,0,0
"AR","ARKANSAS","0507860","HORATIO SCHOOL DISTRICT","00502","HORATIO HIGH SCHOOL","050786000502","DB",0,0,0,0,0,0,0,0,0,0,0,0,0,0,0,0,0,0,0,0,0,0,0,0,0,0,0,0,0,0,0,0,0,0,0
"AR","ARKANSAS","0513380","VALLEY VIEW SCHOOL DISTRICT","01587","VALLEY VIEW INTERMEDIATE SCHOOL","051338001587","DB",0,0,0,0,0,0,0,0,0,0,0,0,0,0,0,0,0,0,0,0,0,0,0,0,0,0,0,0,0,0,0,0,0,0,0
"AR","ARKANSAS","0504930","DARDANELLE SCHOOL DISTRICT","00213","DARDANELLE ELEMENTARY SCHOOL","050493000213","DB",0,0,0,0,0,0,0,0,0,0,0,0,0,0,0,0,0,0,0,0,0,0,0,0,0,0,0,0,0,0,0,0,0,0,0
"AR","ARKANSAS","0511970","ROGERS SCHOOL DISTRICT","01088","OLD WIRE ELEMENTARY SCHOOL","051197001088","DB",0,0,0,0,0,0,0,0,0,0,0,0,0,0,0,0,0,0,0,0,0,0,0,0,0,0,0,0,0,0,0,0,0,0,0
"AR","ARKANSAS","0500061","IMBODEN CHARTER SCHOOL DISTRICT","00658","IMBODEN AREA CHARTER SCHOOL","050006100658","DB",0,0,0,0,0,0,0,0,0,0,0,0,0,0,0,0,0,0,0,0,0,0,0,0,0,0,0,0,0,0,0,0,0,0,0
"AR","ARKANSAS","0511970","ROGERS SCHOOL DISTRICT","01586","ROGERS NEW TECHNOLOGY HIGH SCHOOL","051197001586","DB",0,0,0,0,0,0,0,0,0,0,0,0,0,0,0,0,0,0,0,0,0,0,0,0,0,0,0,0,0,0,0,0,0,0,0
"AR","ARKANSAS","0511970","ROGERS SCHOOL DISTRICT","00101","FRANK TILLERY ELEM. SCHOOL","051197000101","DB",0,0,0,0,0,0,0,0,0,0,0,0,0,0,0,0,0,0,0,0,0,0,0,0,0,0,0,0,0,0,0,0,0,0,0
"AR","ARKANSAS","0511970","ROGERS SCHOOL DISTRICT","00328","LINGLE MIDDLE SCHOOL","051197000328","DB",0,0,0,0,0,0,0,0,0,0,0,0,0,0,0,0,0,0,0,0,0,0,0,0,0,0,0,0,0,0,0,0,0,0,0
"AR","ARKANSAS","0511970","ROGERS SCHOOL DISTRICT","00952","EASTSIDE ELEMENTARY SCHOOL","051197000952","DB",0,0,0,0,0,0,0,0,0,0,0,0,0,0,0,0,0,0,0,0,0,0,0,0,0,0,0,0,0,0,0,0,0,0,0
"AR","ARKANSAS","0511970","ROGERS SCHOOL DISTRICT","00958","ROGERS HIGH SCHOOL","051197000958","DB",0,0,0,0,0,0,0,0,0,0,0,0,0,0,0,0,0,0,0,0,0,0,0,0,0,0,0,0,0,0,0,0,0,0,0
"AR","ARKANSAS","0511970","ROGERS SCHOOL DISTRICT","00955","LOWELL ELEMENTARY SCHOOL","051197000955","DB",0,0,0,0,0,0,0,0,0,0,0,0,0,0,0,0,0,0,0,0,0,0,0,0,0,0,0,0,0,0,0,0,0,0,0
"AR","ARKANSAS","0508640","LAKESIDE SCHOOL DISTRICT (CHICOT COUNTY)","01215","EUDORA ELEMENTARY SCHOOL","050864001215","DB",0,0,0,0,0,0,0,0,0,0,0,0,0,0,0,0,0,0,0,0,0,0,0,0,0,0,0,0,0,0,0,0,0,0,0
"AR","ARKANSAS","0504930","DARDANELLE SCHOOL DISTRICT","00243","DARDANELLE PRIMARY SCHOOL","050493000243","DB",0,0,0,0,0,0,0,0,0,0,0,0,0,0,0,0,0,0,0,0,0,0,0,0,0,0,0,0,0,0,0,0,0,0,0
"AR","ARKANSAS","0513380","VALLEY VIEW SCHOOL DISTRICT","01095","VALLEY VIEW HIGH SCHOOL","051338001095","DB",0,0,0,0,0,0,0,0,0,0,0,0,0,0,0,0,0,0,0,0,0,0,0,0,0,0,0,0,0,0,0,0,0,0,0
"AR","ARKANSAS","0511970","ROGERS SCHOOL DISTRICT","01370","BONNIE GRIMES ELEM. SCHOOL","051197001370","DB",0,0,0,0,0,0,0,0,0,0,0,0,0,0,0,0,0,0,0,0,0,0,0,0,0,0,0,0,0,0,0,0,0,0,0
"AR","ARKANSAS","0503750","CABOT SCHOOL DISTRICT","00399","CABOT JUNIOR HIGH NORTH","050375000399","DB",0,0,0,0,0,0,0,0,0,0,0,0,0,0,0,0,0,0,0,0,0,0,0,0,0,0,0,0,0,0,0,0,0,0,0
"AR","ARKANSAS","0513930","WATSON CHAPEL SCHOOL DISTRICT","01212","WATSON CHAPEL JR. HIGH SCHOOL","051393001212","DB",0,0,0,0,0,0,0,0,0,0,0,0,0,0,0,0,0,0,0,0,0,0,0,0,0,0,0,0,0,0,0,0,0,0,0
"AR","ARKANSAS","0500082","LAWRENCE COUNTY SCHOOL DISTRICT","01216","WALNUT RIDGE HIGH SCHOOL","050008201216","DB",0,0,0,0,0,0,0,0,0,0,0,0,0,0,0,0,0,0,0,0,0,0,0,0,0,0,0,0,0,0,0,0,0,0,0
"AR","ARKANSAS","0503750","CABOT SCHOOL DISTRICT","01431","CENTRAL ELEMENTARY SCHOOL","050375001431","DB",0,0,0,0,0,0,0,0,0,0,0,0,0,0,0,0,0,0,0,0,0,0,0,0,0,0,0,0,0,0,0,0,0,0,0
"AR","ARKANSAS","0508130","HUNTSVILLE SCHOOL DISTRICT","01034","ST. PAUL ELEMENTARY SCHOOL","050813001034","DB",0,0,0,0,0,0,0,0,0,0,0,0,0,0,0,0,0,0,0,0,0,0,0,0,0,0,0,0,0,0,0,0,0,0,0
"AR","ARKANSAS","0503750","CABOT SCHOOL DISTRICT","00809","CABOT MIDDLE SCHOOL NORTH","050375000809","DB",0,0,0,0,0,0,0,0,0,0,0,0,0,0,0,0,0,0,0,0,0,0,0,0,0,0,0,0,0,0,0,0,0,0,0
"AR","ARKANSAS","0513930","WATSON CHAPEL SCHOOL DISTRICT","01140","WATSON CHAPEL HIGH SCHOOL","051393001140","DB",0,0,0,0,0,0,0,0,0,0,0,0,0,0,0,0,0,0,0,0,0,0,0,0,0,0,0,0,0,0,0,0,0,0,0
"AR","ARKANSAS","0500006","WARREN SCHOOL DISTRICT","01695","WARREN HIGH SCHOOL","050000601695","DB",0,0,0,0,0,0,0,0,0,0,0,0,0,0,0,0,0,0,0,0,0,0,0,0,0,0,0,0,0,0,0,0,0,0,0
"AR","ARKANSAS","0508130","HUNTSVILLE SCHOOL DISTRICT","00538","HUNTSVILLE HIGH SCHOOL","050813000538","DB",0,0,0,0,0,0,0,0,0,0,0,0,0,0,0,0,0,0,0,0,0,0,0,0,0,0,0,0,0,0,0,0,0,0,0
"AR","ARKANSAS","0500006","WARREN SCHOOL DISTRICT","01334","WARREN MIDDLE SCHOOL","050000601334","DB",0,0,0,0,0,0,0,0,0,0,0,0,0,0,0,0,0,0,0,0,0,0,0,0,0,0,0,0,0,0,0,0,0,0,0
"AR","ARKANSAS","0503750","CABOT SCHOOL DISTRICT","01181","WESTSIDE ELEMENTARY SCHOOL","050375001181","DB",0,0,0,0,0,0,0,0,0,0,0,0,0,0,0,0,0,0,0,0,0,0,0,0,0,0,0,0,0,0,0,0,0,0,0
"AR","ARKANSAS","0513350","VALLEY SPRINGS SCHOOL DISTRICT","01093","VALLEY SPRINGS HIGH SCHOOL","051335001093","DB",0,0,0,0,0,0,0,0,0,0,0,0,0,0,0,0,0,0,0,0,0,0,0,0,0,0,0,0,0,0,0,0,0,0,0
"AR","ARKANSAS","0503750","CABOT SCHOOL DISTRICT","01019","ACADEMIC CENTER FOR EXCELLENCE","050375001019","DB",0,0,0,0,0,0,0,0,0,0,0,0,0,0,0,0,0,0,0,0,0,0,0,0,0,0,0,0,0,0,0,0,0,0,0
"AR","ARKANSAS","0506990","GREENWOOD SCHOOL DISTRICT","00179","WESTWOOD ELEMENTARY SCHOOL","050699000179","DB",0,0,0,0,0,0,0,0,0,0,0,0,0,0,0,0,0,0,0,0,0,0,0,0,0,0,0,0,0,0,0,0,0,0,0
"AR","ARKANSAS","0508130","HUNTSVILLE SCHOOL DISTRICT","00539","HUNTSVILLE MIDDLE SCHOOL","050813000539","DB",0,0,0,0,0,0,0,0,0,0,0,0,0,0,0,0,0,0,0,0,0,0,0,0,0,0,0,0,0,0,0,0,0,0,0
"AR","ARKANSAS","0506990","GREENWOOD SCHOOL DISTRICT","00463","EAST HILLS MIDDLE SCHOOL","050699000463","DB",0,0,0,0,0,0,0,0,0,0,0,0,0,0,0,0,0,0,0,0,0,0,0,0,0,0,0,0,0,0,0,0,0,0,0
"AR","ARKANSAS","0507620","HECTOR SCHOOL DISTRICT","00471","HECTOR ELEMENTARY SCHOOL","050762000471","DB",0,0,0,0,0,0,0,0,0,0,0,0,0,0,0,0,0,0,0,0,0,0,0,0,0,0,0,0,0,0,0,0,0,0,0
"AR","ARKANSAS","0503750","CABOT SCHOOL DISTRICT","01182","CABOT JUNIOR HIGH SOUTH","050375001182","DB",0,0,0,0,0,0,0,0,0,0,0,0,0,0,0,0,0,0,0,0,0,0,0,0,0,0,0,0,0,0,0,0,0,0,0
"AR","ARKANSAS","0503750","CABOT SCHOOL DISTRICT","00124","EASTSIDE ELEMENTARY SCHOOL","050375000124","DB",0,0,0,0,0,0,0,0,0,0,0,0,0,0,0,0,0,0,0,0,0,0,0,0,0,0,0,0,0,0,0,0,0,0,0
"AR","ARKANSAS","0513930","WATSON CHAPEL SCHOOL DISTRICT","01136","COLEMAN ELEMENTARY SCHOOL","051393001136","DB",0,0,0,0,0,0,0,0,0,0,0,0,0,0,0,0,0,0,0,0,0,0,0,0,0,0,0,0,0,0,0,0,0,0,0
"AR","ARKANSAS","0506990","GREENWOOD SCHOOL DISTRICT","00425","GREENWOOD JUNIOR HIGH SCHOOL","050699000425","DB",0,0,0,0,0,0,0,0,0,0,0,0,0,0,0,0,0,0,0,0,0,0,0,0,0,0,0,0,0,0,0,0,0,0,0
"AR","ARKANSAS","0502280","ALPENA SCHOOL DISTRICT","00006","ALPENA ELEMENTARY SCHOOL","050228000006","DB",0,0,0,0,0,0,0,0,0,0,0,0,0,0,0,0,0,0,0,0,0,0,0,0,0,0,0,0,0,0,0,0,0,0,0
"AR","ARKANSAS","0500006","WARREN SCHOOL DISTRICT","01570","THOMAS C BRUNSON ELEMENTARY  SCHOOL","050000601570","DB",0,0,0,0,0,0,0,0,0,0,0,0,0,0,0,0,0,0,0,0,0,0,0,0,0,0,0,0,0,0,0,0,0,0,0
"AR","ARKANSAS","0506990","GREENWOOD SCHOOL DISTRICT","01523","EAST POINTE ELEMENTARY SCHOOL","050699001523","DB",0,0,0,0,0,0,0,0,0,0,0,0,0,0,0,0,0,0,0,0,0,0,0,0,0,0,0,0,0,0,0,0,0,0,0
"AR","ARKANSAS","0500082","LAWRENCE COUNTY SCHOOL DISTRICT","01186","WALNUT RIDGE ELEMENTARY SCHOOL","050008201186","DB",0,0,0,0,0,0,0,0,0,0,0,0,0,0,0,0,0,0,0,0,0,0,0,0,0,0,0,0,0,0,0,0,0,0,0
"AR","ARKANSAS","0513930","WATSON CHAPEL SCHOOL DISTRICT","01137","EDGEWOOD ELEMENTARY SCHOOL","051393001137","DB",0,0,0,0,0,0,0,0,0,0,0,0,0,0,0,0,0,0,0,0,0,0,0,0,0,0,0,0,0,0,0,0,0,0,0
"AR","ARKANSAS","0513930","WATSON CHAPEL SCHOOL DISTRICT","01138","L. L. OWEN ELEMENTARY SCHOOL","051393001138","DB",0,0,0,0,0,0,0,0,0,0,0,0,0,0,0,0,0,0,0,0,0,0,0,0,0,0,0,0,0,0,0,0,0,0,0
"AR","ARKANSAS","0506990","GREENWOOD SCHOOL DISTRICT","01634","GREENWOOD FRESHMAN CENTER","050699001634","DB",0,0,0,0,0,0,0,0,0,0,0,0,0,0,0,0,0,0,0,0,0,0,0,0,0,0,0,0,0,0,0,0,0,0,0
"AR","ARKANSAS","0507620","HECTOR SCHOOL DISTRICT","00472","HECTOR HIGH SCHOOL","050762000472","DB",0,0,0,0,0,0,0,0,0,0,0,0,0,0,0,0,0,0,0,0,0,0,0,0,0,0,0,0,0,0,0,0,0,0,0
"AR","ARKANSAS","0513350","VALLEY SPRINGS SCHOOL DISTRICT","00678","VALLEY SPRINGS MIDDLE SCHOOL","051335000678","DB",0,0,0,0,0,0,0,0,0,0,0,0,0,0,0,0,0,0,0,0,0,0,0,0,0,0,0,0,0,0,0,0,0,0,0
"AR","ARKANSAS","0503750","CABOT SCHOOL DISTRICT","01518","MOUNTAIN SPRINGS ELEM SCHOOL","050375001518","DB",0,0,0,0,0,0,0,0,0,0,0,0,0,0,0,0,0,0,0,0,0,0,0,0,0,0,0,0,0,0,0,0,0,0,0
"AR","ARKANSAS","0503750","CABOT SCHOOL DISTRICT","01375","NORTHSIDE ELEMENTARY SCHOOL","050375001375","DB",0,0,0,0,0,0,0,0,0,0,0,0,0,0,0,0,0,0,0,0,0,0,0,0,0,0,0,0,0,0,0,0,0,0,0
"AR","ARKANSAS","0503750","CABOT SCHOOL DISTRICT","00123","CABOT HIGH SCHOOL","050375000123","DB",0,0,0,0,0,0,0,0,0,0,0,0,0,0,0,0,0,0,0,0,0,0,0,0,0,0,0,0,0,0,0,0,0,0,0
"AR","ARKANSAS","0506990","GREENWOOD SCHOOL DISTRICT","00424","GREENWOOD HIGH SCHOOL","050699000424","DB",0,0,0,0,0,0,0,0,0,0,0,0,0,0,0,0,0,0,0,0,0,0,0,0,0,0,0,0,0,0,0,0,0,0,0
"AR","ARKANSAS","0512090","SALEM SCHOOL DISTRICT","00975","SALEM HIGH SCHOOL","051209000975","DB",0,0,0,0,0,0,0,0,0,0,0,0,0,0,0,0,0,0,0,0,0,0,0,0,0,0,0,0,0,0,0,0,0,0,0
"AR","ARKANSAS","0502280","ALPENA SCHOOL DISTRICT","00007","ALPENA HIGH SCHOOL","050228000007","DB",0,0,0,0,0,0,0,0,0,0,0,0,0,0,0,0,0,0,0,0,0,0,0,0,0,0,0,0,0,0,0,0,0,0,0
"AR","ARKANSAS","0512090","SALEM SCHOOL DISTRICT","00974","SALEM ELEMENTARY SCHOOL","051209000974","DB",0,0,0,0,0,0,0,0,0,0,0,0,0,0,0,0,0,0,0,0,0,0,0,0,0,0,0,0,0,0,0,0,0,0,0
"AR","ARKANSAS","0508130","HUNTSVILLE SCHOOL DISTRICT","00662","HUNTSVILLE INTERMEDIATE SCH","050813000662","DB",0,0,0,0,0,0,0,0,0,0,0,0,0,0,0,0,0,0,0,0,0,0,0,0,0,0,0,0,0,0,0,0,0,0,0
"AR","ARKANSAS","0508130","HUNTSVILLE SCHOOL DISTRICT","01035","ST. PAUL HIGH SCHOOL","050813001035","DB",0,0,0,0,0,0,0,0,0,0,0,0,0,0,0,0,0,0,0,0,0,0,0,0,0,0,0,0,0,0,0,0,0,0,0
"AR","ARKANSAS","0503750","CABOT SCHOOL DISTRICT","00173","CABOT MIDDLE SCHOOL SOUTH","050375000173","DB",0,0,0,1,0,0,0,0,0,0,0,0,0,0,1,1,0,0,0,0,0,0,0,1,0,0,0,0,0,0,0,0,0,0,0
"AR","ARKANSAS","0503750","CABOT SCHOOL DISTRICT","01553","CABOT FRESHMAN ACADEMY","050375001553","DB",0,0,0,0,0,0,0,0,0,0,0,0,0,0,0,0,0,0,0,0,0,0,0,0,0,0,0,0,0,0,0,0,0,0,0
"AR","ARKANSAS","0503750","CABOT SCHOOL DISTRICT","00125","MAGNESS CREEK ELEMENTARY","050375000125","DB",0,0,0,0,0,0,0,0,0,0,0,0,0,0,0,0,0,0,0,0,0,0,0,0,0,0,0,0,0,0,0,0,0,0,0
"AR","ARKANSAS","0508130","HUNTSVILLE SCHOOL DISTRICT","00537","WATSON PRIMARY SCHOOL","050813000537","DB",0,0,0,0,0,0,0,0,0,0,0,0,0,0,0,0,0,0,0,0,0,0,0,0,0,0,0,0,0,0,0,0,0,0,0
"AR","ARKANSAS","0503750","CABOT SCHOOL DISTRICT","01351","SOUTHSIDE ELEMENTARY SCHOOL","050375001351","DB",0,0,0,0,0,0,0,0,0,0,0,0,0,0,0,0,0,0,0,0,0,0,0,0,0,0,0,0,0,0,0,0,0,0,0
"AR","ARKANSAS","0500006","WARREN SCHOOL DISTRICT","01129","EASTSIDE ELEMENTARY SCHOOL","050000601129","DB",0,0,0,0,0,0,0,0,0,0,0,0,0,0,0,0,0,0,0,0,0,0,0,0,0,0,0,0,0,0,0,0,0,0,0
"AR","ARKANSAS","0513350","VALLEY SPRINGS SCHOOL DISTRICT","01224","VALLEY SPRINGS ELEM. SCHOOL","051335001224","DB",0,0,0,0,0,0,0,0,0,0,0,0,0,0,0,0,0,0,0,0,0,0,0,0,0,0,0,0,0,0,0,0,0,0,0
"AR","ARKANSAS","0503750","CABOT SCHOOL DISTRICT","01445","STAGECOACH ELEMENTARY SCHOOL","050375001445","DB",0,0,0,0,0,0,0,0,0,0,0,0,0,0,0,0,0,0,0,0,0,0,0,0,0,0,0,0,0,0,0,0,0,0,0
"AR","ARKANSAS","0503750","CABOT SCHOOL DISTRICT","00170","WARD CENTRAL ELEMENTARY","050375000170","DB",0,0,0,0,0,0,0,0,0,0,0,0,0,0,0,0,0,0,0,0,0,0,0,0,0,0,0,0,0,0,0,0,0,0,0
"AR","ARKANSAS","0502430","ARKADELPHIA SCHOOL DISTRICT","00021","PEAKE ELEMENTARY SCHOOL","050243000021","DB",0,0,0,0,0,0,0,0,0,0,0,0,0,0,0,0,0,0,0,0,0,0,0,0,0,0,0,0,0,0,0,0,0,0,0
"AR","ARKANSAS","0500036","ARK. SCHOOL FOR THE DEAF","01653","SCHOOL FOR THE DEAF SCHOOLS","050003601653","DB",0,0,0,0,0,0,0,0,0,0,0,0,0,0,0,0,0,0,0,0,0,0,0,0,0,0,0,0,0,0,0,0,0,0,0
"AR","ARKANSAS","0502430","ARKADELPHIA SCHOOL DISTRICT","00022","LOUISA PERRITT PRIMARY","050243000022","DB",0,0,0,0,0,0,0,0,0,0,0,0,0,0,0,0,0,0,0,0,0,0,0,0,0,0,0,0,0,0,0,0,0,0,0
"AR","ARKANSAS","0506930","GREENLAND SCHOOL DISTRICT","00420","GREENLAND HIGH SCHOOL","050693000420","DB",0,0,0,0,0,0,0,0,0,0,0,0,0,0,0,0,0,0,0,0,0,0,0,0,0,0,0,0,0,0,0,0,0,0,0
"AR","ARKANSAS","0512450","SILOAM SPRINGS SCHOOL DISTRICT","01235","DELBERT PETE & PAT ALLEN ELE","051245001235","DB",0,0,0,0,0,0,0,0,0,0,0,0,0,0,0,0,0,0,0,0,0,0,0,0,0,0,0,0,0,0,0,0,0,0,0
"AR","ARKANSAS","0510380","NASHVILLE SCHOOL DISTRICT","00758","NASHVILLE JUNIOR HIGH SCHOOL","051038000758","DB",0,0,0,0,0,0,0,0,0,0,0,0,0,0,0,0,0,0,0,0,0,0,0,0,0,0,0,0,0,0,0,0,0,0,0
"AR","ARKANSAS","0512520","SO. CONWAY CO. SCHOOL DISTRICT","01166","MORRILTON ELEMENTARY SCHOOL","051252001166","DB",0,0,0,0,0,0,0,0,0,0,0,0,0,0,0,0,0,0,0,0,0,0,0,0,0,0,0,0,0,0,0,0,0,0,0
"AR","ARKANSAS","0504680","COTTER SCHOOL DISTRICT","00194","COTTER HIGH SCHOOL","050468000194","DB",0,0,0,0,0,0,0,0,0,0,0,0,0,0,0,0,0,0,0,0,0,0,0,0,0,0,0,0,0,0,0,0,0,0,0
"AR","ARKANSAS","0512450","SILOAM SPRINGS SCHOOL DISTRICT","01002","NORTHSIDE ELEMENTARY SCHOOL","051245001002","DB",0,0,0,0,0,0,0,0,0,0,0,0,0,0,0,0,0,0,0,0,0,0,0,0,0,0,0,0,0,0,0,0,0,0,0
"AR","ARKANSAS","0512520","SO. CONWAY CO. SCHOOL DISTRICT","01245","MORRILTON PRIMARY SCHOOL","051252001245","DB",0,0,0,0,0,0,0,0,0,0,0,0,0,0,0,0,0,0,0,0,0,0,0,0,0,0,0,0,0,0,0,0,0,0,0
"AR","ARKANSAS","0512450","SILOAM SPRINGS SCHOOL DISTRICT","01005","SOUTHSIDE ELEMENTARY SCHOOL","051245001005","DB",0,0,0,0,0,0,0,0,0,0,0,0,0,1,1,0,0,0,1,0,0,0,0,0,0,0,0,0,0,0,0,1,0,0,0
"AR","ARKANSAS","0510380","NASHVILLE SCHOOL DISTRICT","00756","NASHVILLE ELEMENTARY SCHOOL","051038000756","DB",0,0,0,0,0,0,0,0,0,0,0,0,0,0,0,0,0,0,0,0,0,0,0,0,0,0,0,0,0,0,0,0,0,0,0
"AR","ARKANSAS","0512520","SO. CONWAY CO. SCHOOL DISTRICT","01243","MORRILTON INTERMEDIATE SCHOOL","051252001243","DB",0,0,0,0,0,0,0,0,0,0,0,0,0,0,0,0,0,0,0,0,0,0,0,0,0,0,0,0,0,0,0,0,0,0,0
"AR","ARKANSAS","0512520","SO. CONWAY CO. SCHOOL DISTRICT","01242","MORRILTON SR. HIGH SCHOOL","051252001242","DB",0,0,0,0,0,0,0,0,0,0,0,0,0,0,0,0,0,0,0,0,0,0,0,0,0,0,0,0,0,0,0,0,0,0,0
"AR","ARKANSAS","0500072","DEER/MT. JUDEA SCHOOL DISTRICT","01621","DEER K-12 SCHOOL","050007201621","DB",0,0,0,0,0,0,0,0,0,0,0,0,0,0,0,0,0,0,0,0,0,0,0,0,0,0,0,0,0,0,0,0,0,0,0
"AR","ARKANSAS","0510380","NASHVILLE SCHOOL DISTRICT","00757","NASHVILLE HIGH SCHOOL","051038000757","DB",0,0,0,0,0,0,0,0,0,0,0,0,0,0,0,0,0,0,0,0,0,0,0,0,0,0,0,0,0,0,0,0,0,0,0
"AR","ARKANSAS","0500072","DEER/MT. JUDEA SCHOOL DISTRICT","01630","MT. JUDEA K-12 SCHOOL","050007201630","DB",0,0,0,0,0,0,0,0,0,0,0,0,0,0,0,0,0,0,0,0,0,0,0,0,0,0,0,0,0,0,0,0,0,0,0
"AR","ARKANSAS","0507840","HOPE SCHOOL DISTRICT","00495","BERYL HENRY UPPER ELEM. SCHOOL","050784000495","DB",0,0,0,0,0,0,0,0,0,0,0,0,0,0,0,0,0,0,0,0,0,0,0,0,0,0,0,0,0,0,0,0,0,0,0
"AR","ARKANSAS","0512450","SILOAM SPRINGS SCHOOL DISTRICT","01584","SILOAM SPRINGS INTERMEDIATE SCHOOL","051245001584","DB",0,0,0,0,0,0,0,0,0,0,0,0,0,0,0,0,0,0,0,0,0,0,0,0,0,0,0,0,0,0,0,0,0,0,0
"AR","ARKANSAS","0502430","ARKADELPHIA SCHOOL DISTRICT","00018","ARKADELPHIA HIGH SCHOOL","050243000018","DB",0,0,0,0,0,0,0,0,0,0,0,0,0,0,0,0,0,0,0,0,0,0,0,0,0,0,0,0,0,0,0,0,0,0,0
"AR","ARKANSAS","0507840","HOPE SCHOOL DISTRICT","00498","HOPE HIGH SCHOOL","050784000498","DB",0,0,0,0,0,0,0,0,0,0,0,0,0,0,0,0,0,0,0,0,0,0,0,0,0,0,0,0,0,0,0,0,0,0,0
"AR","ARKANSAS","0510380","NASHVILLE SCHOOL DISTRICT","01193","NASHVILLE PRIMARY SCHOOL","051038001193","DB",0,0,0,0,0,0,0,0,0,0,0,0,0,0,0,0,0,0,0,0,0,0,0,0,0,0,0,0,0,0,0,0,0,0,0
"AR","ARKANSAS","0507840","HOPE SCHOOL DISTRICT","00025","WM. JEFFERSON CLINTON PRIMARY","050784000025","DB",0,0,0,0,0,0,0,0,0,0,0,0,0,0,0,0,0,0,0,0,0,0,0,0,0,0,0,0,0,0,0,0,0,0,0
"AR","ARKANSAS","0502430","ARKADELPHIA SCHOOL DISTRICT","00020","GOZA MIDDLE SCHOOL","050243000020","DB",0,0,0,0,0,0,0,0,0,0,0,0,0,0,0,0,0,0,0,0,0,0,0,0,0,0,0,0,0,0,0,0,0,0,0
"AR","ARKANSAS","0506930","GREENLAND SCHOOL DISTRICT","00660","GREENLAND MIDDLE SCHOOL","050693000660","DB",0,0,0,0,0,0,0,0,0,0,0,0,0,0,0,0,0,0,0,0,0,0,0,0,0,0,0,0,0,0,0,0,0,0,0
"AR","ARKANSAS","0512450","SILOAM SPRINGS SCHOOL DISTRICT","01003","SILOAM SPRINGS HIGH SCHOOL CONVERSION CHARTER","051245001003","DB",0,0,0,0,0,0,0,0,0,0,0,0,0,0,0,0,0,0,0,0,0,0,0,0,0,0,0,0,0,0,0,0,0,0,0
"AR","ARKANSAS","0507840","HOPE SCHOOL DISTRICT","01662","CREATIVE ACTION TEAM SCHOOL","050784001662","DB",0,0,0,0,0,0,0,0,0,0,0,0,0,0,0,0,0,0,0,0,0,0,0,0,0,0,0,0,0,0,0,0,0,0,0
"AR","ARKANSAS","0506930","GREENLAND SCHOOL DISTRICT","00419","GREENLAND ELEMENTARY SCHOOL","050693000419","DB",0,0,0,0,0,0,0,0,0,0,0,0,0,0,0,0,0,0,0,0,0,0,0,0,0,0,0,0,0,0,0,0,0,0,0
"AR","ARKANSAS","0512450","SILOAM SPRINGS SCHOOL DISTRICT","01004","SILOAM SPRINGS MIDDLE SCHOOL","051245001004","DB",0,0,0,0,0,0,0,0,0,0,0,0,0,0,0,0,0,0,0,0,0,0,0,0,0,0,0,0,0,0,0,0,0,0,0
"AR","ARKANSAS","0507840","HOPE SCHOOL DISTRICT","00805","HOPE ACADEMY","050784000805","DB",0,0,0,0,0,0,0,0,0,0,0,0,0,0,0,0,0,0,0,0,0,0,0,0,0,0,0,0,0,0,0,0,0,0,0
"AR","ARKANSAS","0512520","SO. CONWAY CO. SCHOOL DISTRICT","00041","MORRILTON JUNIOR HIGH SCHOOL","051252000041","DB",0,0,0,0,0,0,0,0,0,0,0,0,0,0,0,0,0,0,0,0,0,0,0,0,0,0,0,0,0,0,0,0,0,0,0
"AR","ARKANSAS","0504680","COTTER SCHOOL DISTRICT","00193","AMANDA GIST ELEMENTARY SCHOOL","050468000193","DB",0,0,0,0,0,0,0,0,0,0,0,0,0,0,0,0,0,0,0,0,0,0,0,0,0,0,0,0,0,0,0,0,0,0,0
"AR","ARKANSAS","0507840","HOPE SCHOOL DISTRICT","00500","YERGER JUNIOR HIGH SCHOOL","050784000500","DB",0,0,0,0,0,0,0,0,0,0,0,0,0,0,0,0,0,0,0,0,0,0,0,0,0,0,0,0,0,0,0,0,0,0,0
"AR","ARKANSAS","0506120","FAYETTEVILLE SCHOOL DISTRICT","01636","FAYETTEVILLE VIRTUAL ACADEMY- DIST CONVERSION CHARTER SCH","050612001636","DB",0,0,0,0,0,0,0,0,0,0,0,0,0,0,0,0,0,0,0,0,0,0,0,0,0,0,0,0,0,0,0,0,0,0,0
"AR","ARKANSAS","0506120","FAYETTEVILLE SCHOOL DISTRICT","01213","OWL CREEK SCHOOL","050612001213","DB",0,0,0,0,0,0,0,0,0,0,0,0,0,0,0,0,0,0,0,0,0,0,0,0,0,0,0,0,0,0,0,0,0,0,0
"AR","ARKANSAS","0512180","SCRANTON SCHOOL DISTRICT","00980","SCRANTON ELEMENTARY SCHOOL","051218000980","DB",0,0,0,0,0,0,0,0,0,0,0,0,0,0,0,0,0,0,0,0,0,0,0,0,0,0,0,0,0,0,0,0,0,0,0
"AR","ARKANSAS","0500044","MAGNOLIA SCHOOL DISTRICT","00654","EAST SIDE ELEMENTARY SCHOOL","050004400654","DB",0,0,0,0,0,0,0,0,0,0,0,0,0,0,0,0,0,0,0,0,0,0,0,0,0,0,0,0,0,0,0,0,0,0,0
"AR","ARKANSAS","0506060","CAMDEN FAIRVIEW SCHOOL DIST.","01435","CAMDEN FAIRVIEW MIDDLE SCHOOL","050606001435","DB",0,0,0,0,0,0,0,0,0,0,0,0,0,0,0,0,0,0,0,0,0,0,0,0,0,0,0,0,0,0,0,0,0,0,0
"AR","ARKANSAS","0506120","FAYETTEVILLE SCHOOL DISTRICT","00229","HOLCOMB ELEMENTARY SCHOOL","050612000229","DB",0,0,0,0,0,0,0,0,0,0,0,0,0,0,0,0,0,0,0,0,0,0,0,0,0,0,0,0,0,0,0,0,0,0,0
"AR","ARKANSAS","0506120","FAYETTEVILLE SCHOOL DISTRICT","00323","LEVERETT ELEMENTARY SCHOOL","050612000323","DB",0,0,0,0,0,0,0,0,0,0,0,0,0,0,0,0,0,0,0,0,0,0,0,0,0,0,0,0,0,0,0,0,0,0,0
"AR","ARKANSAS","0506120","FAYETTEVILLE SCHOOL DISTRICT","00321","HAPPY HOLLOW ELEMENTARY SCHOOL","050612000321","DB",0,0,0,0,0,0,0,0,0,0,0,0,0,0,0,0,0,0,0,0,0,0,0,0,0,0,0,0,0,0,0,0,0,0,0
"AR","ARKANSAS","0509270","MAMMOTH SPRING SCHOOL DISTRICT","00665","MAMMOTH SPRING ELEM. SCHOOL","050927000665","DB",0,0,0,0,0,0,0,0,0,0,0,0,0,0,0,0,0,0,0,0,0,0,0,0,0,0,0,0,0,0,0,0,0,0,0
"AR","ARKANSAS","0500044","MAGNOLIA SCHOOL DISTRICT","00655","MAGNOLIA JR. HIGH SCHOOL","050004400655","DB",0,0,0,0,0,0,0,0,0,0,0,0,0,0,0,0,0,0,0,0,0,0,0,0,0,0,0,0,0,0,0,0,0,0,0
"AR","ARKANSAS","0500062","KIPP DELTA PUBLIC SCHOOLS","01451","KIPP DELTA COLLEGIATE HIGH SCHOOL","050006201451","DB",0,0,0,0,0,0,0,0,0,0,0,0,0,0,0,0,0,0,0,0,0,0,0,0,0,0,0,0,0,0,0,0,0,0,0
"AR","ARKANSAS","0506060","CAMDEN FAIRVIEW SCHOOL DIST.","00311","FAIRVIEW ELEMENTARY SCHOOL","050606000311","DB",0,0,0,0,0,0,0,0,0,0,0,0,0,0,0,0,0,0,0,0,0,0,0,0,0,0,0,0,0,0,0,0,0,0,0
"AR","ARKANSAS","0506120","FAYETTEVILLE SCHOOL DISTRICT","01644","AGEE LIERLY LIFE PREPARATION SERVICES SCHOOL","050612001644","DB",0,0,0,0,0,0,0,0,0,0,0,0,0,0,0,0,0,0,0,0,0,0,0,0,0,0,0,0,0,0,0,0,0,0,0
"AR","ARKANSAS","0506060","CAMDEN FAIRVIEW SCHOOL DIST.","01433","CAMDEN FAIRVIEW INTERMEDIATE","050606001433","DB",0,0,0,0,0,0,0,0,0,0,0,0,0,0,0,0,0,0,0,0,0,0,0,0,0,0,0,0,0,0,0,0,0,0,0
"AR","ARKANSAS","0506120","FAYETTEVILLE SCHOOL DISTRICT","00856","MCNAIR MIDDLE SCHOOL","050612000856","DB",0,0,0,0,0,0,0,0,0,0,0,0,0,0,0,0,0,0,0,0,0,0,0,0,0,0,0,0,0,0,0,0,0,0,0
"AR","ARKANSAS","0506120","FAYETTEVILLE SCHOOL DISTRICT","00863","HOLT MIDDLE SCHOOL","050612000863","DB",0,0,0,0,0,0,0,0,0,0,0,0,0,0,0,0,0,0,0,0,0,0,0,0,0,0,0,0,0,0,0,0,0,0,0
"AR","ARKANSAS","0506120","FAYETTEVILLE SCHOOL DISTRICT","00231","VANDERGRIFF ELEMENTARY SCHOOL","050612000231","DB",0,0,0,0,0,0,0,0,0,0,0,0,0,0,0,0,0,0,0,0,0,0,0,0,0,0,0,0,0,0,0,0,0,0,0
"AR","ARKANSAS","0506120","FAYETTEVILLE SCHOOL DISTRICT","00316","ASBELL ELEMENTARY SCHOOL","050612000316","DB",0,0,0,0,0,0,0,0,0,0,0,0,0,0,0,0,0,0,0,0,0,0,0,0,0,0,0,0,0,0,0,0,0,0,0
"AR","ARKANSAS","0506120","FAYETTEVILLE SCHOOL DISTRICT","00327","WOODLAND JUNIOR HIGH SCHOOL","050612000327","DB",0,0,0,0,0,0,0,0,0,0,0,0,0,0,0,0,0,0,0,0,0,0,0,0,0,0,0,0,0,0,0,0,0,0,0
"AR","ARKANSAS","0512180","SCRANTON SCHOOL DISTRICT","00981","SCRANTON HIGH SCHOOL","051218000981","DB",0,0,0,0,0,0,0,0,0,0,0,0,0,0,0,0,0,0,0,0,0,0,0,0,0,0,0,0,0,0,0,0,0,0,0
"AR","ARKANSAS","0506060","CAMDEN FAIRVIEW SCHOOL DIST.","00312","CAMDEN FAIRVIEW HIGH SCHOOL","050606000312","DB",0,0,0,0,0,0,0,0,0,0,0,0,0,0,0,0,0,0,0,0,0,0,0,0,0,0,0,0,0,0,0,0,0,0,0
"AR","ARKANSAS","0506120","FAYETTEVILLE SCHOOL DISTRICT","00324","RAMAY JUNIOR HIGH SCHOOL","050612000324","DB",0,0,0,0,0,0,0,0,0,0,0,0,0,0,0,0,0,0,0,0,0,0,0,0,0,0,0,0,0,0,0,0,0,0,0
"AR","ARKANSAS","0500062","KIPP DELTA PUBLIC SCHOOLS","01595","KIPP BLYTHEVILLE COLLEGIATE HIGH SCHOOL","050006201595","DB",0,0,0,0,0,0,0,0,0,0,0,0,0,0,0,0,0,0,0,0,0,0,0,0,0,0,0,0,0,0,0,0,0,0,0
"AR","ARKANSAS","0506120","FAYETTEVILLE SCHOOL DISTRICT","00318","BUTTERFIELD ELEMENTARY SCHOOL","050612000318","DB",0,0,0,0,0,0,0,0,0,0,0,0,0,0,0,0,0,0,0,0,0,0,0,0,0,0,0,0,0,0,0,0,0,0,0
"AR","ARKANSAS","0506060","CAMDEN FAIRVIEW SCHOOL DIST.","01432","IVORY PRIMARY SCHOOL","050606001432","DB",0,0,0,0,0,0,0,0,0,0,0,0,0,0,0,0,0,0,0,0,0,0,0,0,0,0,0,0,0,0,0,0,0,0,0
"AR","ARKANSAS","0500044","MAGNOLIA SCHOOL DISTRICT","00656","MAGNOLIA HIGH SCHOOL","050004400656","DB",0,0,0,0,0,0,0,0,0,0,0,0,0,0,0,0,0,0,0,0,0,0,0,0,0,0,0,0,0,0,0,0,0,0,0
"AR","ARKANSAS","0506120","FAYETTEVILLE SCHOOL DISTRICT","00325","ROOT ELEMENTARY SCHOOL","050612000325","DB",0,0,0,0,0,0,0,0,0,0,0,0,0,0,0,0,0,0,0,0,0,0,0,0,0,0,0,0,0,0,0,0,0,0,0
"AR","ARKANSAS","0500062","KIPP DELTA PUBLIC SCHOOLS","01513","KIPP DELTA ELEMENTARY LITERACY ACADEMY","050006201513","DB",0,0,0,0,0,0,0,0,0,0,0,0,0,0,0,0,0,0,0,0,0,0,0,0,0,0,0,0,0,0,0,0,0,0,0
"AR","ARKANSAS","0509270","MAMMOTH SPRING SCHOOL DISTRICT","00666","MAMMOTH SPRING HIGH SCHOOL","050927000666","DB",0,0,0,0,0,0,0,0,0,0,0,0,0,0,0,0,0,0,0,0,0,0,0,0,0,0,0,0,0,0,0,0,0,0,0
"AR","ARKANSAS","0506120","FAYETTEVILLE SCHOOL DISTRICT","00319","FAYETTEVILLE HIGH SCHOOL EAST","050612000319","DB",0,0,0,0,0,0,0,0,0,0,0,0,0,0,0,0,0,0,0,0,0,0,0,0,0,0,0,0,0,0,0,0,0,0,0
"AR","ARKANSAS","0500044","MAGNOLIA SCHOOL DISTRICT","00653","CENTRAL ELEMENTARY SCHOOL","050004400653","DB",0,0,0,0,0,0,0,0,0,0,0,0,0,0,0,0,0,0,0,0,0,0,0,0,0,0,0,0,0,0,0,0,0,0,0
"AR","ARKANSAS","0500062","KIPP DELTA PUBLIC SCHOOLS","00659","KIPP DELTA COLLEGE PREPARATORY SCHOOL","050006200659","DB",0,0,0,0,0,0,0,0,0,0,0,0,0,0,0,0,0,0,0,0,0,0,0,0,0,0,0,0,0,0,0,0,0,0,0
"AR","ARKANSAS","0506120","FAYETTEVILLE SCHOOL DISTRICT","00326","WASHINGTON ELEMENTARY SCHOOL","050612000326","DB",0,0,0,0,0,0,0,0,0,0,0,0,0,0,0,0,0,0,0,0,0,0,0,0,0,0,0,0,0,0,0,0,0,0,0
"AR","ARKANSAS","0500062","KIPP DELTA PUBLIC SCHOOLS","01526","KIPP BLYTHEVILLE COLLEGE PREPARATORY SCHOOL","050006201526","DB",0,0,0,0,0,0,0,0,0,0,0,0,0,0,0,0,0,0,0,0,0,0,0,0,0,0,0,0,0,0,0,0,0,0,0
"AR","ARKANSAS","0509480","SEARCY COUNTY SCHOOL DISTRICT","00595","LESLIE ELEMENTARY SCHOOL","050948000595","DB",0,0,0,0,0,0,0,0,0,0,0,0,0,0,0,0,0,0,0,0,0,0,0,0,0,0,0,0,0,0,0,0,0,0,0
"AR","ARKANSAS","0507680","HELENA/ W.HELENA SCHOOL DIST.","00476","CENTRAL HIGH SCHOOL","050768000476","DB",0,0,0,0,0,0,0,0,0,0,0,0,0,0,0,0,0,0,0,0,0,0,0,0,0,0,0,0,0,0,0,0,0,0,0
"AR","ARKANSAS","0507770","HIGHLAND SCHOOL DISTRICT","00490","CHEROKEE ELEMENTARY SCHOOL","050777000490","DB",0,0,0,0,0,0,0,0,0,0,0,0,0,0,0,0,0,0,0,0,0,0,0,0,0,0,0,0,0,0,0,0,0,0,0
"AR","ARKANSAS","0500028","STAR CITY SCHOOL DISTRICT","01041","BROWN ELEMENTARY SCHOOL","050002801041","DB",0,0,0,0,0,0,0,0,0,0,0,0,0,0,0,0,0,0,0,0,0,0,0,0,0,0,0,0,0,0,0,0,0,0,0
"AR","ARKANSAS","0507680","HELENA/ W.HELENA SCHOOL DIST.","01637","J.F. WAHL ELEMENTARY SCHOOL","050768001637","DB",0,0,0,0,0,0,0,0,0,0,0,0,0,0,0,0,0,0,0,0,0,0,0,0,0,0,0,0,0,0,0,0,0,0,0
"AR","ARKANSAS","0508700","LAMAR SCHOOL DISTRICT","00994","LAMAR MIDDLE SCHOOL","050870000994","DB",0,0,0,0,0,0,0,0,0,0,0,0,0,0,0,0,0,0,0,0,0,0,0,0,0,0,0,0,0,0,0,0,0,0,0
"AR","ARKANSAS","0511610","POCAHONTAS SCHOOL DISTRICT","00883","ALMA SPIKES ELEMENTARY SCHOOL","051161000883","DB",0,0,0,0,0,0,0,0,0,0,0,0,0,0,0,0,0,0,0,0,0,0,0,0,0,0,0,0,0,0,0,0,0,0,0
"AR","ARKANSAS","0511850","PULASKI CO. SPEC. SCHOOL DIST.","00923","JOE T. ROBINSON HIGH SCHOOL","051185000923","DB",0,0,0,0,0,0,0,0,0,0,0,0,0,0,0,0,0,0,0,0,0,0,0,0,0,0,0,0,0,0,0,0,0,0,0
"AR","ARKANSAS","0511850","PULASKI CO. SPEC. SCHOOL DIST.","00945","WILBUR D. MILLS HIGH SCHOOL","051185000945","DB",0,0,0,0,0,0,0,0,0,0,0,0,0,0,0,0,0,0,0,0,0,0,0,0,0,0,0,0,0,0,0,0,0,0,0
"AR","ARKANSAS","0511850","PULASKI CO. SPEC. SCHOOL DIST.","01239","OAKBROOKE ELEMENTARY SCHOOL","051185001239","DB",0,0,0,0,0,0,0,0,0,0,0,0,0,0,0,0,0,0,0,0,0,0,0,0,0,0,0,0,0,0,0,0,0,0,0
"AR","ARKANSAS","0511850","PULASKI CO. SPEC. SCHOOL DIST.","00122","CLINTON ELEMENTARY SCHOOL","051185000122","DB",0,0,0,0,0,0,0,0,0,0,0,0,0,0,0,0,0,0,0,0,0,0,0,0,0,0,0,0,0,0,0,0,0,0,0
"AR","ARKANSAS","0511850","PULASKI CO. SPEC. SCHOOL DIST.","00916","HARRIS ELEMENTARY SCHOOL","051185000916","DB",0,0,0,0,0,0,0,0,0,0,0,0,0,0,0,0,0,0,0,0,0,0,0,0,0,0,0,0,0,0,0,0,0,0,0
"AR","ARKANSAS","0507770","HIGHLAND SCHOOL DISTRICT","00491","HIGHLAND HIGH SCHOOL","050777000491","DB",0,0,0,0,0,0,0,0,0,0,0,0,0,0,0,0,0,0,0,0,0,0,0,0,0,0,0,0,0,0,0,0,0,0,0
"AR","ARKANSAS","0511850","PULASKI CO. SPEC. SCHOOL DIST.","00922","JOE T. ROBINSON ELEM. SCHOOL","051185000922","DB",0,0,0,0,0,0,0,0,0,0,0,0,0,0,0,0,0,0,0,0,0,0,0,0,0,0,0,0,0,0,0,0,0,0,0
"AR","ARKANSAS","0500028","STAR CITY SCHOOL DISTRICT","01043","STAR CITY MIDDLE SCHOOL","050002801043","DB",0,0,0,0,0,0,0,0,0,0,0,0,0,0,0,0,0,0,0,0,0,0,0,0,0,0,0,0,0,0,0,0,0,0,0
"AR","ARKANSAS","0511850","PULASKI CO. SPEC. SCHOOL DIST.","01258","JOE T. ROBINSON MIDDLE SCHOOL","051185001258","DB",0,0,0,0,0,0,0,0,0,0,0,0,0,0,0,0,0,0,0,0,0,0,0,0,0,0,0,0,0,0,0,0,0,0,0
"AR","ARKANSAS","0500424","FRIENDSHIP ASPIRE ACADEMY LITTLE ROCK","01683","FRIENDSHIP ASPIRE MIDDLE ACADEMY LITTLE ROCK","050042401683","DB",0,0,0,0,0,0,0,0,0,0,0,0,0,0,0,0,0,0,0,0,0,0,0,0,0,0,0,0,0,0,0,0,0,0,0
"AR","ARKANSAS","0511850","PULASKI CO. SPEC. SCHOOL DIST.","01106","MAUMELLE MIDDLE SCHOOL","051185001106","DB",0,0,0,0,0,0,0,0,0,0,0,0,0,0,0,0,0,0,0,0,0,0,0,0,0,0,0,0,0,0,0,0,0,0,0
"AR","ARKANSAS","0503300","BLEVINS SCHOOL DISTRICT","00089","BLEVINS ELEMENTARY SCHOOL","050330000089","DB",0,0,0,0,0,0,0,0,0,0,0,0,0,0,0,0,0,0,0,0,0,0,0,0,0,0,0,0,0,0,0,0,0,0,0
"AR","ARKANSAS","0508700","LAMAR SCHOOL DISTRICT","00585","LAMAR HIGH SCHOOL","050870000585","DB",0,0,0,0,0,0,0,0,0,0,0,0,0,0,0,0,0,0,0,0,0,0,0,0,0,0,0,0,0,0,0,0,0,0,0
"AR","ARKANSAS","0511850","PULASKI CO. SPEC. SCHOOL DIST.","01391","BATES ELEMENTARY SCHOOL","051185001391","DB",0,0,0,0,0,0,0,0,0,0,0,0,0,0,0,0,0,0,0,0,0,0,0,0,0,0,0,0,0,0,0,0,0,0,0
"AR","ARKANSAS","0509480","SEARCY COUNTY SCHOOL DISTRICT","00692","MARSHALL ELEMENTARY SCHOOL","050948000692","DB",0,0,0,0,0,0,0,0,0,0,0,0,0,0,0,0,0,0,0,0,0,0,0,0,0,0,0,0,0,0,0,0,0,0,0
"AR","ARKANSAS","0511850","PULASKI CO. SPEC. SCHOOL DIST.","01559","MAUMELLE HIGH SCHOOL","051185001559","DB",0,0,0,0,0,0,0,0,0,0,0,0,0,0,0,0,0,0,0,0,0,0,0,0,0,0,0,0,0,0,0,0,0,0,0
"AR","ARKANSAS","0511850","PULASKI CO. SPEC. SCHOOL DIST.","01484","CHENAL ELEMENTARY SCHOOL","051185001484","DB",0,0,0,0,0,0,0,0,0,0,0,0,0,0,0,0,0,0,0,0,0,0,0,0,0,0,0,0,0,0,0,0,0,0,0
"AR","ARKANSAS","0510410","NEMO VISTA SCHOOL DISTRICT","00759","NEMO VISTA ELEMENTARY SCHOOL","051041000759","DB",0,0,0,0,0,0,0,0,0,0,0,0,0,0,0,0,0,0,0,0,0,0,0,0,0,0,0,0,0,0,0,0,0,0,0
"AR","ARKANSAS","0508700","LAMAR SCHOOL DISTRICT","00584","LAMAR ELEMENTARY SCHOOL","050870000584","DB",0,0,0,0,0,0,0,0,0,0,0,0,0,0,0,0,0,0,0,0,0,0,0,0,0,0,0,0,0,0,0,0,0,0,0
"AR","ARKANSAS","0511610","POCAHONTAS SCHOOL DISTRICT","01438","POCAHONTAS JUNIOR HIGH SCHOOL","051161001438","DB",0,0,0,0,0,0,0,0,0,0,0,0,0,0,0,0,0,0,0,0,0,0,0,0,0,0,0,0,0,0,0,0,0,0,0
"AR","ARKANSAS","0500028","STAR CITY SCHOOL DISTRICT","01042","STAR CITY HIGH SCHOOL","050002801042","DB",0,0,0,0,0,0,0,0,0,0,0,0,0,0,0,0,0,0,0,0,0,0,0,0,0,0,0,0,0,0,0,0,0,0,0
"AR","ARKANSAS","0511850","PULASKI CO. SPEC. SCHOOL DIST.","00928","LAWSON ELEMENTARY SCHOOL","051185000928","DB",0,0,0,0,0,0,0,0,0,0,0,0,0,0,0,0,0,0,0,0,0,0,0,0,0,0,0,0,0,0,0,0,0,0,0
"AR","ARKANSAS","0511850","PULASKI CO. SPEC. SCHOOL DIST.","00914","FULLER MIDDLE SCHOOL","051185000914","DB",0,0,0,0,0,0,0,0,0,0,0,0,0,0,0,0,0,0,0,0,0,0,0,0,0,0,0,0,0,0,0,0,0,0,0
"AR","ARKANSAS","0511850","PULASKI CO. SPEC. SCHOOL DIST.","00903","BAKER INTERDISTRICT ELEM. SCH.","051185000903","DB",0,0,0,0,0,0,0,0,0,0,0,0,0,0,0,0,0,0,0,0,0,0,0,0,0,0,0,0,0,0,0,0,0,0,0
"AR","ARKANSAS","0509480","SEARCY COUNTY SCHOOL DISTRICT","00693","MARSHALL HIGH SCHOOL","050948000693","DB",0,0,0,0,0,0,0,0,0,0,0,0,0,0,0,0,0,0,0,0,0,0,0,0,0,0,0,0,0,0,0,0,0,0,0
"AR","ARKANSAS","0500424","FRIENDSHIP ASPIRE ACADEMY LITTLE ROCK","01681","FRIENDSHIP ASPIRE ELEMENTARY ACADEMY LITTLE ROCK","050042401681","DB",0,0,0,0,0,0,0,0,0,0,0,0,0,0,0,0,0,0,0,0,0,0,0,0,0,0,0,0,0,0,0,0,0,0,0
"AR","ARKANSAS","0511850","PULASKI CO. SPEC. SCHOOL DIST.","00927","LANDMARK ELEMENTARY SCHOOL","051185000927","DB",0,0,0,0,0,0,0,0,0,0,0,0,0,0,0,0,0,0,0,0,0,0,0,0,0,0,0,0,0,0,0,0,0,0,0
"AR","ARKANSAS","0511850","PULASKI CO. SPEC. SCHOOL DIST.","00933","OAK GROVE ELEMENTARY SCHOOL","051185000933","DB",0,0,0,0,0,0,0,0,0,0,0,0,0,0,0,0,0,0,0,0,0,0,0,0,0,0,0,0,0,0,0,0,0,0,0
"AR","ARKANSAS","0511850","PULASKI CO. SPEC. SCHOOL DIST.","00941","SYLVAN HILLS HIGH SCHOOL","051185000941","DB",0,0,0,0,0,0,0,0,0,0,0,0,0,0,0,0,0,0,0,0,0,0,0,0,0,0,0,0,0,0,0,0,0,0,0
"AR","ARKANSAS","0511850","PULASKI CO. SPEC. SCHOOL DIST.","00940","SYLVAN HILLS ELEMENTARY SCHOOL","051185000940","DB",0,0,0,0,0,0,0,0,0,0,0,0,0,0,0,0,0,0,0,0,0,0,0,0,0,0,0,0,0,0,0,0,0,0,0
"AR","ARKANSAS","0511850","PULASKI CO. SPEC. SCHOOL DIST.","00906","CATO ELEMENTARY SCHOOL","051185000906","DB",0,0,0,0,0,0,0,0,0,0,0,0,0,0,0,0,0,0,0,0,0,0,0,0,0,0,0,0,0,0,0,0,0,0,0
"AR","ARKANSAS","0511610","POCAHONTAS SCHOOL DISTRICT","00884","POCAHONTAS HIGH SCHOOL","051161000884","DB",0,0,0,0,0,0,0,0,0,0,0,0,0,0,0,0,0,0,0,0,0,0,0,0,0,0,0,0,0,0,0,0,0,0,0
"AR","ARKANSAS","0511850","PULASKI CO. SPEC. SCHOOL DIST.","00939","SHERWOOD ELEMENTARY SCHOOL","051185000939","DB",0,0,0,0,0,0,0,0,0,0,0,0,0,0,0,0,0,0,0,0,0,0,0,0,0,0,0,0,0,0,0,0,0,0,0
"AR","ARKANSAS","0511610","POCAHONTAS SCHOOL DISTRICT","00885","M.D. WILLIAMS INTERMEDIATE SCHOOL","051161000885","DB",0,0,0,0,0,0,0,0,0,0,0,0,0,0,0,0,0,0,0,0,0,0,0,0,0,0,0,0,0,0,0,0,0,0,0
"AR","ARKANSAS","0500423","FRIENDSHIP ASPIRE ACADEMY PINE BLUFF","01657","FRIENDSHIP ASPIRE ACADEMY","050042301657","DB",0,0,0,0,0,0,0,0,0,0,0,0,0,0,0,0,0,0,0,0,0,0,0,0,0,0,0,0,0,0,0,0,0,0,0
"AR","ARKANSAS","0507770","HIGHLAND SCHOOL DISTRICT","01232","HIGHLAND MIDDLE SCHOOL","050777001232","DB",0,0,0,0,0,0,0,0,0,0,0,0,0,0,0,0,0,0,0,0,0,0,0,0,0,0,0,0,0,0,0,0,0,0,0
"AR","ARKANSAS","0510410","NEMO VISTA SCHOOL DISTRICT","00760","NEMO VISTA HIGH SCHOOL","051041000760","DB",0,0,0,0,0,0,0,0,0,0,0,0,0,0,0,0,0,0,0,0,0,0,0,0,0,0,0,0,0,0,0,0,0,0,0
"AR","ARKANSAS","0511850","PULASKI CO. SPEC. SCHOOL DIST.","00058","CRYSTAL HILL ELEMENTARY","051185000058","DB",0,0,0,0,0,0,0,0,0,0,0,0,0,0,0,0,0,0,0,0,0,0,0,0,0,0,0,0,0,0,0,0,0,0,0
"AR","ARKANSAS","0510410","NEMO VISTA SCHOOL DISTRICT","01493","NEMO VISTA MIDDLE SCHOOL","051041001493","DB",0,0,0,0,0,0,0,0,0,0,0,0,0,0,0,0,0,0,0,0,0,0,0,0,0,0,0,0,0,0,0,0,0,0,0
"AR","ARKANSAS","0503300","BLEVINS SCHOOL DISTRICT","00090","BLEVINS HIGH SCHOOL","050330000090","DB",0,0,0,0,0,0,0,0,0,0,0,0,0,0,0,0,0,0,0,0,0,0,0,0,0,0,0,0,0,0,0,0,0,0,0
"AR","ARKANSAS","0511850","PULASKI CO. SPEC. SCHOOL DIST.","00910","COLLEGE STATION ELEM. SCHOOL","051185000910","DB",0,0,0,0,0,0,0,0,0,0,0,0,0,0,0,0,0,0,0,0,0,0,0,0,0,0,0,0,0,0,0,0,0,0,0
"AR","ARKANSAS","0511850","PULASKI CO. SPEC. SCHOOL DIST.","01257","PINE FOREST ELEMENTARY SCHOOL","051185001257","DB",0,0,0,0,0,0,0,0,0,0,0,0,0,0,0,0,0,0,0,0,0,0,0,0,0,0,0,0,0,0,0,0,0,0,0
"AR","ARKANSAS","0511850","PULASKI CO. SPEC. SCHOOL DIST.","00942","SYLVAN HILLS MIDDLE SCHOOL","051185000942","DB",0,0,0,0,0,0,0,0,0,0,0,0,0,0,0,0,0,0,0,0,0,0,0,0,0,0,0,0,0,0,0,0,0,0,0
"AR","ARKANSAS","0500030","NEVADA SCHOOL DISTRICT","01405","NEVADA HIGH  SCHOOL","050003001405","DB",0,0,0,0,0,0,0,0,0,0,0,0,0,0,0,0,0,0,0,0,0,0,0,0,0,0,0,0,0,0,0,0,0,0,0
"AR","ARKANSAS","0509540","MAYFLOWER SCHOOL DISTRICT","00698","MAYFLOWER HIGH SCHOOL","050954000698","DB",0,0,0,0,0,0,0,0,0,0,0,0,0,0,0,0,0,0,0,0,0,0,0,0,0,0,0,0,0,0,0,0,0,0,0
"AR","ARKANSAS","0506900","GREENBRIER SCHOOL DISTRICT","01429","GREENBRIER WESTSIDE ELEMENTARY","050690001429","DB",0,0,0,0,0,0,0,0,0,0,0,0,0,0,0,0,0,0,0,0,0,0,0,0,0,0,0,0,0,0,0,0,0,0,0
"AR","ARKANSAS","0504370","RECTOR SCHOOL DISTRICT","01273","RECTOR ELEMENTARY SCHOOL","050437001273","DB",0,0,0,0,0,0,0,0,0,0,0,0,0,0,0,0,0,0,0,0,0,0,0,0,0,0,0,0,0,0,0,0,0,0,0
"AR","ARKANSAS","0504890","DANVILLE SCHOOL DISTRICT","00212","DANVILLE HIGH SCHOOL","050489000212","DB",0,0,0,0,0,0,0,0,0,0,0,0,0,0,0,0,0,0,0,0,0,0,0,0,0,0,0,0,0,0,0,0,0,0,0
"AR","ARKANSAS","0506900","GREENBRIER SCHOOL DISTRICT","00417","GREENBRIER EASTSIDE ELEMENTARY","050690000417","DB",0,0,0,0,0,0,0,0,0,0,0,0,0,0,0,0,0,0,0,0,0,0,0,0,0,0,0,0,0,0,0,0,0,0,0
"AR","ARKANSAS","0504740","COUNTY LINE SCHOOL DISTRICT","00197","COUNTY LINE ELEMENTARY SCHOOL","050474000197","DB",0,0,0,0,0,0,0,0,0,0,0,0,0,0,0,0,0,0,0,0,0,0,0,0,0,0,0,0,0,0,0,0,0,0,0
"AR","ARKANSAS","0500065","LAFAYETTE COUNTY SCHOOL DISTRICT","00719","LAFAYETTE COUNTY ELEMENTARY","050006500719","DB",0,0,0,0,0,0,0,0,0,0,0,0,0,0,0,0,0,0,0,0,0,0,0,0,0,0,0,0,0,0,0,0,0,0,0
"AR","ARKANSAS","0504370","RECTOR SCHOOL DISTRICT","01274","RECTOR HIGH SCHOOL","050437001274","DB",0,0,0,0,0,0,0,0,0,0,0,0,0,0,0,0,0,0,0,0,0,0,0,0,0,0,0,0,0,0,0,0,0,0,0
"AR","ARKANSAS","0506900","GREENBRIER SCHOOL DISTRICT","01623","GREENBRIER SPRINGHILL ELEMENTARY SCHOOL","050690001623","DB",0,0,0,0,0,0,0,0,0,0,0,0,0,0,0,0,0,0,0,0,0,0,0,0,0,0,0,0,0,0,0,0,0,0,0
"AR","ARKANSAS","0504740","COUNTY LINE SCHOOL DISTRICT","00198","COUNTY LINE HIGH SCHOOL","050474000198","DB",0,0,0,0,0,0,0,0,0,0,0,0,0,0,0,0,0,0,0,0,0,0,0,0,0,0,0,0,0,0,0,0,0,0,0
"AR","ARKANSAS","0509060","LONOKE SCHOOL DISTRICT","00644","LONOKE PRIMARY SCHOOL","050906000644","DB",0,0,0,0,0,0,0,0,0,0,0,0,0,0,0,0,0,0,0,0,0,0,0,0,0,0,0,0,0,0,0,0,0,0,0
"AR","ARKANSAS","0500020","MIDLAND SCHOOL DISTRICT","01297","MIDLAND ELEMENTARY SCHOOL","050002001297","DB",0,0,0,0,0,0,0,0,0,0,0,0,0,0,0,0,0,0,0,0,0,0,0,0,0,0,0,0,0,0,0,0,0,0,0
"AR","ARKANSAS","0500030","NEVADA SCHOOL DISTRICT","01398","NEVADA ELEMENTARY SCHOOL","050003001398","DB",0,0,0,0,0,0,0,0,0,0,0,0,0,0,0,0,0,0,0,0,0,0,0,0,0,0,0,0,0,0,0,0,0,0,0
"AR","ARKANSAS","0509540","MAYFLOWER SCHOOL DISTRICT","00697","MAYFLOWER ELEMENTARY SCHOOL","050954000697","DB",0,0,0,0,0,0,0,0,0,0,0,0,0,0,0,0,0,0,0,0,0,0,0,0,0,0,0,0,0,0,0,0,0,0,0
"AR","ARKANSAS","0509060","LONOKE SCHOOL DISTRICT","00642","LONOKE HIGH SCHOOL","050906000642","DB",0,0,0,0,0,0,0,0,0,0,0,0,0,0,0,0,0,0,0,0,0,0,0,0,0,0,0,0,0,0,0,0,0,0,0
"AR","ARKANSAS","0500065","LAFAYETTE COUNTY SCHOOL DISTRICT","00727","LAFAYETTE COUNTY HIGH SCHOOL","050006500727","DB",0,0,0,0,0,0,0,0,0,0,0,0,0,0,0,0,0,0,0,0,0,0,0,0,0,0,0,0,0,0,0,0,0,0,0
"AR","ARKANSAS","0504890","DANVILLE SCHOOL DISTRICT","00211","S.C. TUCKER ELEMENTARY SCHOOL","050489000211","DB",0,0,0,0,0,0,0,0,0,0,0,0,0,0,0,0,0,0,0,0,0,0,0,0,0,0,0,0,0,0,0,0,0,0,0
"AR","ARKANSAS","0506900","GREENBRIER SCHOOL DISTRICT","00270","GREENBRIER JUNIOR HIGH SCHOOL","050690000270","DB",0,0,0,0,0,0,0,0,0,0,0,0,0,0,0,0,0,0,0,0,0,0,0,0,0,0,0,0,0,0,0,0,0,0,0
"AR","ARKANSAS","0509060","LONOKE SCHOOL DISTRICT","00641","LONOKE ELEMENTARY SCHOOL","050906000641","DB",0,0,0,0,0,0,0,0,0,0,0,0,0,0,0,0,0,0,0,0,0,0,0,0,0,0,0,0,0,0,0,0,0,0,0
"AR","ARKANSAS","0506900","GREENBRIER SCHOOL DISTRICT","01359","GREENBRIER MIDDLE SCHOOL","050690001359","DB",0,0,0,0,0,0,0,0,0,0,0,0,0,0,0,0,0,0,0,0,0,0,0,0,0,0,0,0,0,0,0,0,0,0,0
"AR","ARKANSAS","0509540","MAYFLOWER SCHOOL DISTRICT","00437","MAYFLOWER MIDDLE SCHOOL","050954000437","DB",0,0,0,0,0,0,0,0,0,0,0,0,0,0,0,0,0,0,0,0,0,0,0,0,0,0,0,0,0,0,0,0,0,0,0
"AR","ARKANSAS","0506900","GREENBRIER SCHOOL DISTRICT","00418","GREENBRIER HIGH SCHOOL","050690000418","DB",0,0,0,0,0,0,0,0,0,0,0,0,0,0,0,0,0,0,0,0,0,0,0,0,0,0,0,0,0,0,0,0,0,0,0
"AR","ARKANSAS","0509060","LONOKE SCHOOL DISTRICT","00643","LONOKE MIDDLE SCHOOL","050906000643","DB",0,0,0,0,0,0,0,0,0,0,0,0,0,0,0,0,0,0,0,0,0,0,0,0,0,0,0,0,0,0,0,0,0,0,0
"AR","ARKANSAS","0506900","GREENBRIER SCHOOL DISTRICT","01476","GREENBRIER WOOSTER ELEMENTARY","050690001476","DB",0,0,0,0,0,0,0,0,0,0,0,0,0,0,0,0,0,0,0,0,0,0,0,0,0,0,0,0,0,0,0,0,0,0,0
"AR","ARKANSAS","0504890","DANVILLE SCHOOL DISTRICT","01488","DANVILLE MIDDLE SCHOOL","050489001488","DB",0,0,0,0,0,0,0,0,0,0,0,0,0,0,0,0,0,0,0,0,0,0,0,0,0,0,0,0,0,0,0,0,0,0,0
"AR","ARKANSAS","0500020","MIDLAND SCHOOL DISTRICT","01298","MIDLAND HIGH SCHOOL","050002001298","DB",0,0,0,0,0,0,0,0,0,0,0,0,0,0,0,0,0,0,0,0,0,0,0,0,0,0,0,0,0,0,0,0,0,0,0
"AR","ARKANSAS","0505470","DREW CENTRAL SCHOOL DISTRICT","01492","DREW CENTRAL MIDDLE SCHOOL","050547001492","DB",0,0,0,0,0,0,0,0,0,0,0,0,0,0,0,0,0,0,0,0,0,0,0,0,0,0,0,0,0,0,0,0,0,0,0
"AR","ARKANSAS","0500419","JACKSONVILLE NORTH PULASKI SCHOOL DISTRICT","00919","JACKSONVILLE HIGH SCHOOL","050041900919","DB",0,0,0,0,0,0,0,0,0,0,0,0,0,0,0,0,0,0,0,0,0,0,0,0,0,0,0,0,0,0,0,0,0,0,0
"AR","ARKANSAS","0503630","BRINKLEY SCHOOL DISTRICT","00112","BRINKLEY HIGH SCHOOL","050363000112","DB",0,0,0,0,0,0,0,0,0,0,0,0,0,0,0,0,0,0,0,0,0,0,0,0,0,0,0,0,0,0,0,0,0,0,0
"AR","ARKANSAS","0507890","HOT SPRINGS SCHOOL DISTRICT","00514","HOT SPRINGS JUNIOR ACADEMY","050789000514","DB",0,0,0,0,0,0,0,0,0,0,0,0,0,0,0,0,0,0,0,0,0,0,0,0,0,0,0,0,0,0,0,0,0,0,0
"AR","ARKANSAS","0512480","SLOAN-HENDRIX SCHOOL DIST.","01007","SLOAN-HENDRIX HIGH SCHOOL","051248001007","DB",0,0,0,0,0,0,0,0,0,0,0,0,0,0,0,0,0,0,0,0,0,0,0,0,0,0,0,0,0,0,0,0,0,0,0
"AR","ARKANSAS","0506270","FORREST CITY SCHOOL DISTRICT","00344","FORREST CITY HIGH SCHOOL","050627000344","DB",0,0,0,0,0,0,0,0,0,0,0,0,0,0,0,0,0,0,0,0,0,0,0,0,0,0,0,0,0,0,0,0,0,0,0
"AR","ARKANSAS","0500047","TRUMANN SCHOOL DISTRICT","01079","TRUMANN HIGH SCHOOL","050004701079","DB",0,0,0,0,0,0,0,0,0,0,0,0,0,0,0,0,0,0,0,0,0,0,0,0,0,0,0,0,0,0,0,0,0,0,0
"AR","ARKANSAS","0504020","WESTSIDE CONS. SCHOOL DISTRICT","01353","WESTSIDE ELEMENTARY SCHOOL","050402001353","DB",0,0,0,0,0,0,0,0,0,0,0,0,0,0,0,0,0,0,0,0,0,0,0,0,0,0,0,0,0,0,0,0,0,0,0
"AR","ARKANSAS","0500051","PALESTINE-WHEATLEY SCH. DIST.","00832","PALESTINE-WHEATLEY ELEM. SCH.","050005100832","DB",0,0,0,0,0,0,0,0,0,0,0,0,0,0,0,0,0,0,0,0,0,0,0,0,0,0,0,0,0,0,0,0,0,0,0
"AR","ARKANSAS","0500051","PALESTINE-WHEATLEY SCH. DIST.","00833","PALESTINE-WHEATLEY SENIOR HIGH","050005100833","DB",0,0,0,0,0,0,0,0,0,0,0,0,0,0,0,0,0,0,0,0,0,0,0,0,0,0,0,0,0,0,0,0,0,0,0
"AR","ARKANSAS","0500419","JACKSONVILLE NORTH PULASKI SCHOOL DISTRICT","00912","WARREN DUPREE ELEM. SCHOOL","050041900912","DB",0,0,0,0,0,0,0,0,0,0,0,0,0,0,0,0,0,0,0,0,0,0,0,0,0,0,0,0,0,0,0,0,0,0,0
"AR","ARKANSAS","0512540","SOUTHSIDE SCHOOL DISTRICT","01011","SOUTHSIDE ELEMENTARY SCHOOL","051254001011","DB",0,0,0,0,0,0,0,0,0,0,0,0,0,0,0,0,0,0,0,0,0,0,0,0,0,0,0,0,0,0,0,0,0,0,0
"AR","ARKANSAS","0506270","FORREST CITY SCHOOL DISTRICT","00345","FORREST CITY JR. HIGH","050627000345","DB",0,0,0,0,0,0,0,0,0,0,0,0,0,0,0,0,0,0,0,0,0,0,0,0,0,0,0,0,0,0,0,0,0,0,0
"AR","ARKANSAS","0507890","HOT SPRINGS SCHOOL DISTRICT","00512","PARK MAGNET SCHOOL","050789000512","DB",0,0,0,0,0,0,0,0,0,0,0,0,0,0,0,0,0,0,0,0,0,0,0,0,0,0,0,0,0,0,0,0,0,0,0
"AR","ARKANSAS","0506270","FORREST CITY SCHOOL DISTRICT","01185","LINCOLN ACADEMY","050627001185","DB",0,0,0,0,0,0,0,0,0,0,0,0,0,0,0,0,0,0,0,0,0,0,0,0,0,0,0,0,0,0,0,0,0,0,0
"AR","ARKANSAS","0503630","BRINKLEY SCHOOL DISTRICT","00114","C.B. PARTEE ELEMENTARY SCHOOL","050363000114","DB",0,0,0,0,0,0,0,0,0,0,0,0,0,0,0,0,0,0,0,0,0,0,0,0,0,0,0,0,0,0,0,0,0,0,0
"AR","ARKANSAS","0505470","DREW CENTRAL SCHOOL DISTRICT","00258","DREW CENTRAL ELEM. SCHOOL","050547000258","DB",0,0,0,0,0,0,0,0,0,0,0,0,0,0,0,0,0,0,0,0,0,0,0,0,0,0,0,0,0,0,0,0,0,0,0
"AR","ARKANSAS","0507890","HOT SPRINGS SCHOOL DISTRICT","00511","OAKLAWN MAGNET SCHOOL","050789000511","DB",0,0,0,0,0,0,0,0,0,0,0,0,0,0,0,0,0,0,0,0,0,0,0,0,0,0,0,0,0,0,0,0,0,0,0
"AR","ARKANSAS","0500047","TRUMANN SCHOOL DISTRICT","01506","TRUMANN INTERMEDIATE SCHOOL7-8","050004701506","DB",0,0,0,0,0,0,0,0,0,0,0,0,0,0,0,0,0,0,0,0,0,0,0,0,0,0,0,0,0,0,0,0,0,0,0
"AR","ARKANSAS","0504020","WESTSIDE CONS. SCHOOL DISTRICT","00146","WESTSIDE HIGH SCHOOL","050402000146","DB",0,0,0,0,0,0,0,0,0,0,0,0,0,0,0,0,0,0,0,0,0,0,0,0,0,0,0,0,0,0,0,0,0,0,0
"AR","ARKANSAS","0506270","FORREST CITY SCHOOL DISTRICT","01425","CENTRAL ELEMENTARY SCHOOL","050627001425","DB",0,0,0,0,0,0,0,0,0,0,0,0,0,0,0,0,0,0,0,0,0,0,0,0,0,0,0,0,0,0,0,0,0,0,0
"AR","ARKANSAS","0500419","JACKSONVILLE NORTH PULASKI SCHOOL DISTRICT","01510","JACKSONVILLE MIDDLE SCHOOL","050041901510","DB",0,0,0,0,0,0,0,0,0,0,0,0,0,0,0,0,0,0,0,0,0,0,0,0,0,0,0,0,0,0,0,0,0,0,0
"AR","ARKANSAS","0512540","SOUTHSIDE SCHOOL DISTRICT","01012","SOUTHSIDE CHARTER HIGH SCHOOL","051254001012","DB",0,0,0,0,0,0,0,0,0,0,0,0,0,0,0,0,0,0,0,0,0,0,0,0,0,0,0,0,0,0,0,0,0,0,0
"AR","ARKANSAS","0507890","HOT SPRINGS SCHOOL DISTRICT","00509","HOT SPRINGS WORLD CLASS HIGH SCHOOL","050789000509","DB",0,0,0,0,0,0,0,0,0,0,0,0,0,0,0,0,0,0,0,0,0,0,0,0,0,0,0,0,0,0,0,0,0,0,0
"AR","ARKANSAS","0512540","SOUTHSIDE SCHOOL DISTRICT","00100","SOUTHSIDE MIDDLE SCHOOL","051254000100","DB",0,0,0,0,0,0,0,0,0,0,0,0,0,0,0,0,0,0,0,0,0,0,0,0,0,0,0,0,0,0,0,0,0,0,0
"AR","ARKANSAS","0500419","JACKSONVILLE NORTH PULASKI SCHOOL DISTRICT","00905","BAYOU METO ELEMENTARY SCHOOL","050041900905","DB",0,0,0,0,0,0,0,0,0,0,0,0,0,0,0,0,0,0,0,0,0,0,0,0,0,0,0,0,0,0,0,0,0,0,0
"AR","ARKANSAS","0507890","HOT SPRINGS SCHOOL DISTRICT","01187","LANGSTON MAGNET SCHOOL","050789001187","DB",0,0,0,0,0,0,0,0,0,0,0,0,0,0,0,0,0,0,0,0,0,0,0,0,0,0,0,0,0,0,0,0,0,0,0
"AR","ARKANSAS","0512480","SLOAN-HENDRIX SCHOOL DIST.","01006","SLOAN-HENDRIX ELEM. SCHOOL","051248001006","DB",0,0,0,0,0,0,0,0,0,0,0,0,0,0,0,0,0,0,0,0,0,0,0,0,0,0,0,0,0,0,0,0,0,0,0
"AR","ARKANSAS","0504020","WESTSIDE CONS. SCHOOL DISTRICT","00269","WESTSIDE MIDDLE SCHOOL","050402000269","DB",0,0,0,0,0,0,0,0,0,0,0,0,0,0,0,0,0,0,0,0,0,0,0,0,0,0,0,0,0,0,0,0,0,0,0
"AR","ARKANSAS","0505470","DREW CENTRAL SCHOOL DISTRICT","00259","DREW CENTRAL HIGH SCHOOL","050547000259","DB",0,0,0,0,0,0,0,0,0,0,0,0,0,0,0,0,0,0,0,0,0,0,0,0,0,0,0,0,0,0,0,0,0,0,0
"AR","ARKANSAS","0500419","JACKSONVILLE NORTH PULASKI SCHOOL DISTRICT","00935","PINEWOOD ELEMENTARY SCHOOL","050041900935","DB",0,0,0,0,0,0,0,0,0,0,0,0,0,0,0,0,0,0,0,0,0,0,0,0,0,0,0,0,0,0,0,0,0,0,0
"AR","ARKANSAS","0506270","FORREST CITY SCHOOL DISTRICT","00350","STEWART ELEMENTARY SCHOOL","050627000350","DB",0,0,0,0,0,0,0,0,0,0,0,0,0,0,0,0,0,0,0,0,0,0,0,0,0,0,0,0,0,0,0,0,0,0,0
"AR","ARKANSAS","0507890","HOT SPRINGS SCHOOL DISTRICT","00506","GARDNER MAGNET SCHOOL","050789000506","DB",0,0,0,0,0,0,0,0,0,0,0,0,0,0,0,0,0,0,0,0,0,0,0,0,0,0,0,0,0,0,0,0,0,0,0
"AR","ARKANSAS","0512540","SOUTHSIDE SCHOOL DISTRICT","01702","SOUTHSIDE JUNIOR HIGH SCHOOL","051254001702","DB",0,0,0,0,0,0,0,0,0,0,0,0,0,0,0,0,0,0,0,0,0,0,0,0,0,0,0,0,0,0,0,0,0,0,0
"AR","ARKANSAS","0500419","JACKSONVILLE NORTH PULASKI SCHOOL DISTRICT","01655","BOBBY G LESTER ELEMENTARY SCHOOL","050041901655","DB",0,0,0,0,0,0,0,0,0,0,0,0,0,0,0,0,0,0,0,0,0,0,0,0,0,0,0,0,0,0,0,0,0,0,0
"AR","ARKANSAS","0500419","JACKSONVILLE NORTH PULASKI SCHOOL DISTRICT","01256","MURRELL TAYLOR ELEM. SCHOOL","050041901256","DB",0,0,0,0,0,0,0,0,0,0,0,0,0,0,0,0,0,0,0,0,0,0,0,0,0,0,0,0,0,0,0,0,0,0,0
"AR","ARKANSAS","0500047","TRUMANN SCHOOL DISTRICT","01081","CEDAR PARK ELEMENTARY SCHOOL","050004701081","DB",0,0,0,0,0,0,0,0,0,0,0,0,0,0,0,0,0,0,0,0,0,0,0,0,0,0,0,0,0,0,0,0,0,0,0
"AR","ARKANSAS","0508490","KIRBY SCHOOL DISTRICT","00566","KIRBY HIGH SCHOOL","050849000566","DB",0,0,0,0,0,0,0,0,0,0,0,0,0,0,0,0,0,0,0,0,0,0,0,0,0,0,0,0,0,0,0,0,0,0,0
"AR","ARKANSAS","0511700","POTTSVILLE SCHOOL DISTRICT","00891","POTTSVILLE HIGH SCHOOL","051170000891","DB",0,0,0,0,0,0,0,0,0,0,0,0,0,0,0,0,0,0,0,0,0,0,0,0,0,0,0,0,0,0,0,0,0,0,0
"AR","ARKANSAS","0502700","BALD KNOB SCHOOL DISTRICT","00128","BALD KNOB MIDDLE SCHOOL","050270000128","DB",0,0,0,0,0,0,0,0,0,0,0,0,0,0,0,0,0,0,0,0,0,0,0,0,0,0,0,0,0,0,0,0,0,0,0
"AR","ARKANSAS","0502700","BALD KNOB SCHOOL DISTRICT","00038","BALD KNOB HIGH SCHOOL","050270000038","DB",0,0,0,0,0,0,0,0,0,0,0,0,0,0,0,0,0,0,0,0,0,0,0,0,0,0,0,0,0,0,0,0,0,0,0
"AR","ARKANSAS","0511700","POTTSVILLE SCHOOL DISTRICT","00401","POTTSVILLE MIDDLE GRADE","051170000401","DB",0,0,0,0,0,0,0,0,0,0,0,0,0,0,0,0,0,0,0,0,0,0,0,0,0,0,0,0,0,0,0,0,0,0,0
"AR","ARKANSAS","0511700","POTTSVILLE SCHOOL DISTRICT","00890","POTTSVILLE ELEMENTARY SCHOOL","051170000890","DB",0,0,0,0,0,0,0,0,0,0,0,0,0,0,0,0,0,0,0,0,0,0,0,0,0,0,0,0,0,0,0,0,0,0,0
"AR","ARKANSAS","0511700","POTTSVILLE SCHOOL DISTRICT","01180","POTTSVILLE JUNIOR HIGH SCHOOL","051170001180","DB",0,0,0,0,0,0,0,0,0,0,0,0,0,0,0,0,0,0,0,0,0,0,0,0,0,0,0,0,0,0,0,0,0,0,0
"AR","ARKANSAS","0500055","BENTON COUNTY SCHOOL OF ARTS","00513","ARKANSAS ARTS ACADEMY ELEMENTARY/MIDDLE SCHOOL","050005500513","DB",0,0,0,0,0,0,0,0,0,0,0,0,0,0,0,0,0,0,0,0,0,0,0,0,0,0,0,0,0,0,0,0,0,0,0
"AR","ARKANSAS","0500067","CLEVELAND COUNTY SCHOOL DIST.","00950","RISON ELEMENTARY SCHOOL","050006700950","DB",0,0,0,0,0,0,0,0,0,0,0,0,0,0,0,0,0,0,0,0,0,0,0,0,0,0,0,0,0,0,0,0,0,0,0
"AR","ARKANSAS","0500407","GRADUATE ARKANSAS SCHOOL","01539","SIATECH HIGH CHARTER","050040701539","DB",0,0,0,0,0,0,0,0,0,0,0,0,0,0,0,0,0,0,0,0,0,0,0,0,0,0,0,0,0,0,0,0,0,0,0
"AR","ARKANSAS","0500067","CLEVELAND COUNTY SCHOOL DIST.","00951","RISON HIGH SCHOOL","050006700951","DB",0,0,0,0,0,0,0,0,0,0,0,0,0,0,0,0,0,0,0,0,0,0,0,0,0,0,0,0,0,0,0,0,0,0,0
"AR","ARKANSAS","0500055","BENTON COUNTY SCHOOL OF ARTS","01508","ARKANSAS ARTS ACADEMY HIGH SCHOOL","050005501508","DB",0,0,0,0,0,0,0,0,0,0,0,0,0,0,0,0,0,0,0,0,0,0,0,0,0,0,0,0,0,0,0,0,0,0,0
"AR","ARKANSAS","0502700","BALD KNOB SCHOOL DISTRICT","00037","H.L. LUBKER ELEMENTARY SCHOOL","050270000037","DB",0,0,0,0,0,0,0,0,0,0,0,0,0,0,0,0,0,0,0,0,0,0,0,0,0,0,0,0,0,0,0,0,0,0,0
"AR","ARKANSAS","0500079","TWO RIVERS SCHOOL DISTRICT","01521","TWO RIVERS HIGH SCHOOL","050007901521","DB",0,0,0,0,0,0,0,0,0,0,0,0,0,0,0,0,0,0,0,0,0,0,0,0,0,0,0,0,0,0,0,0,0,0,0
"AR","ARKANSAS","0508490","KIRBY SCHOOL DISTRICT","00565","KIRBY ELEMENTARY SCHOOL","050849000565","DB",0,0,0,0,0,0,0,0,0,0,0,0,0,0,0,0,0,0,0,0,0,0,0,0,0,0,0,0,0,0,0,0,0,0,0
"AR","ARKANSAS","0500079","TWO RIVERS SCHOOL DISTRICT","00818","OLA ELEMENTARY SCHOOL","050007900818","DB",0,0,0,0,0,0,0,0,0,0,0,0,0,0,0,0,0,0,0,0,0,0,0,0,0,0,0,0,0,0,0,0,0,0,0
"AR","ARKANSAS","0507230","HAMPTON SCHOOL DISTRICT","00440","HAMPTON ELEMENTARY SCHOOL","050723000440","DB",0,0,0,0,0,0,0,0,0,0,0,0,0,0,0,0,0,0,0,0,0,0,0,0,0,0,0,0,0,0,0,0,0,0,0
"AR","ARKANSAS","0512000","ROSE BUD SCHOOL DISTRICT","00961","ROSE BUD ELEMENTARY SCHOOL","051200000961","DB",0,0,0,0,0,0,0,0,0,0,0,0,0,0,0,0,0,0,0,0,0,0,0,0,0,0,0,0,0,0,0,0,0,0,0
"AR","ARKANSAS","0507110","GURDON SCHOOL DISTRICT","00432","GURDON PRIMARY SCHOOL","050711000432","DB",0,0,0,0,0,0,0,0,0,0,0,0,0,0,0,0,0,0,0,0,0,0,0,0,0,0,0,0,0,0,0,0,0,0,0
"AR","ARKANSAS","0513530","VILONIA SCHOOL DISTRICT","01109","VILONIA ELEMENTARY SCHOOL","051353001109","DB",0,0,0,0,0,0,0,0,0,0,0,0,0,0,0,0,0,0,0,0,0,0,0,0,0,0,0,0,0,0,0,0,0,0,0
"AR","ARKANSAS","0505410","DOLLARWAY SCHOOL DISTRICT","00251","MATTHEWS ELEMENTARY SCHOOL","050541000251","DB",0,0,0,0,0,0,0,0,0,0,0,0,0,0,0,0,0,0,0,0,0,0,0,0,0,0,0,0,0,0,0,0,0,0,0
"AR","ARKANSAS","0507110","GURDON SCHOOL DISTRICT","00430","GURDON HIGH SCHOOL","050711000430","DB",0,0,0,0,0,0,0,0,0,0,0,0,0,0,0,0,0,0,0,0,0,0,0,0,0,0,0,0,0,0,0,0,0,0,0
"AR","ARKANSAS","0506360","FOUKE SCHOOL DISTRICT","00299","PAULETTE SMITH MIDDLE SCHOOL","050636000299","DB",0,0,0,0,0,0,0,0,0,0,0,0,0,0,0,0,0,0,0,0,0,0,0,0,0,0,0,0,0,0,0,0,0,0,0
"AR","ARKANSAS","0512000","ROSE BUD SCHOOL DISTRICT","00962","ROSE BUD HIGH SCHOOL","051200000962","DB",0,0,0,0,0,0,0,0,0,0,0,0,0,0,0,0,0,0,0,0,0,0,0,0,0,0,0,0,0,0,0,0,0,0,0
"AR","ARKANSAS","0505410","DOLLARWAY SCHOOL DISTRICT","00253","DOLLARWAY HIGH SCHOOL","050541000253","DB",0,0,0,0,0,0,0,0,0,0,0,0,0,0,0,0,0,0,0,0,0,0,0,0,0,0,0,0,0,0,0,0,0,0,0
"AR","ARKANSAS","0513560","VIOLA SCHOOL DISTRICT","01112","VIOLA HIGH SCHOOL","051356001112","DB",0,0,0,0,0,0,0,0,0,0,0,0,0,0,0,0,0,0,0,0,0,0,0,0,0,0,0,0,0,0,0,0,0,0,0
"AR","ARKANSAS","0507230","HAMPTON SCHOOL DISTRICT","00441","HAMPTON HIGH SCHOOL","050723000441","DB",0,0,0,0,0,0,0,0,0,0,0,0,0,0,0,0,0,0,0,0,0,0,0,0,0,0,0,0,0,0,0,0,0,0,0
"AR","ARKANSAS","0500032","BEARDEN SCHOOL DISTRICT","00053","BEARDEN HIGH SCHOOL","050003200053","DB",0,0,0,0,0,0,0,0,0,0,0,0,0,0,0,0,0,0,0,0,0,0,0,0,0,0,0,0,0,0,0,0,0,0,0
"AR","ARKANSAS","0513530","VILONIA SCHOOL DISTRICT","01430","VILONIA PRIMARY SCHOOL","051353001430","DB",0,0,0,0,0,0,0,0,0,0,0,0,0,0,0,0,0,0,0,0,0,0,0,0,0,0,0,0,0,0,0,0,0,0,0
"AR","ARKANSAS","0511010","OZARK SCHOOL DISTRICT","01719","OZARK UPPER ELEMENTARY SCHOOL","051101001719","DB",0,0,0,0,0,0,0,0,0,0,0,0,0,0,0,0,0,0,0,0,0,0,0,0,0,0,0,0,0,0,0,0,0,0,0
"AR","ARKANSAS","0502960","BENTON SCHOOL DISTRICT","00067","RINGGOLD ELEMENTARY SCHOOL","050296000067","DB",0,0,0,0,0,0,0,0,0,0,0,0,0,0,0,0,0,0,0,0,0,0,0,0,0,0,0,0,0,0,0,0,0,0,0
"AR","ARKANSAS","0506360","FOUKE SCHOOL DISTRICT","00379","FOUKE ELEMENTARY SCHOOL","050636000379","DB",0,0,0,0,0,0,0,0,0,0,0,0,0,0,0,0,0,0,0,0,0,0,0,0,0,0,0,0,0,0,0,0,0,0,0
"AR","ARKANSAS","0505410","DOLLARWAY SCHOOL DISTRICT","00252","ROBERT F MOREHEAD MIDDLE SCHOO","050541000252","DB",0,0,0,0,0,0,0,0,0,0,0,0,0,0,0,0,0,0,0,0,0,0,0,0,0,0,0,0,0,0,0,0,0,0,0
"AR","ARKANSAS","0505580","EAST END SCHOOL DISTRICT","00268","BIGELOW HIGH SCHOOL","050558000268","DB",0,0,0,0,0,0,0,0,0,0,0,0,0,0,0,0,0,0,0,0,0,0,0,0,0,0,0,0,0,0,0,0,0,0,0
"AR","ARKANSAS","0502960","BENTON SCHOOL DISTRICT","00068","BENTON MIDDLE SCHOOL","050296000068","DB",0,0,0,0,0,0,0,0,0,0,0,0,0,0,0,0,0,0,0,0,0,0,0,0,0,0,0,0,0,0,0,0,0,0,0
"AR","ARKANSAS","0503450","BOONEVILLE SCHOOL DISTRICT","00339","BOONEVILLE JR HIGH SCHOOL","050345000339","DB",0,0,0,0,0,0,0,0,0,0,0,0,0,0,0,0,0,0,0,0,0,0,0,0,0,0,0,0,0,0,0,0,0,0,0
"AR","ARKANSAS","0511010","OZARK SCHOOL DISTRICT","01700","ELGIN B MILTON PRIMARY SCHOOL","051101001700","DB",0,0,0,0,0,0,0,0,0,0,0,0,0,0,0,0,0,0,0,0,0,0,0,0,0,0,0,0,0,0,0,0,0,0,0
"AR","ARKANSAS","0502960","BENTON SCHOOL DISTRICT","00066","PERRIN ELEMENTARY SCHOOL","050296000066","DB",0,0,0,0,0,0,0,0,0,0,0,0,0,0,0,0,0,0,0,0,0,0,0,0,0,0,0,0,0,0,0,0,0,0,0
"AR","ARKANSAS","0502960","BENTON SCHOOL DISTRICT","00065","BENTON JUNIOR HIGH SCHOOL","050296000065","DB",0,0,0,0,0,0,0,0,0,0,0,0,0,0,0,0,0,0,0,0,0,0,0,0,0,0,0,0,0,0,0,0,0,0,0
"AR","ARKANSAS","0503450","BOONEVILLE SCHOOL DISTRICT","00104","BOONEVILLE ELEMENTARY SCHOOL","050345000104","DB",0,0,0,0,0,0,0,0,0,0,0,0,0,0,0,0,0,0,0,0,0,0,0,0,0,0,0,0,0,0,0,0,0,0,0
"AR","ARKANSAS","0502960","BENTON SCHOOL DISTRICT","00063","BENTON HIGH SCHOOL","050296000063","DB",0,0,0,0,0,0,0,0,0,0,0,0,0,0,0,0,0,0,0,0,0,0,0,0,0,0,0,0,0,0,0,0,0,0,0
"AR","ARKANSAS","0502960","BENTON SCHOOL DISTRICT","00062","ANGIE GRANT ELEMENTARY SCHOOL","050296000062","DB",0,0,0,0,0,0,0,0,0,0,0,0,0,0,0,0,0,0,0,0,0,0,0,0,0,0,0,0,0,0,0,0,0,0,0
"AR","ARKANSAS","0508730","LAVACA SCHOOL DISTRICT","00586","LAVACA ELEMENTARY SCHOOL","050873000586","DB",0,0,0,0,0,0,0,0,0,0,0,0,0,0,0,0,0,0,0,0,0,0,0,0,0,0,0,0,0,0,0,0,0,0,0
"AR","ARKANSAS","0511010","OZARK SCHOOL DISTRICT","01090","OZARK MIDDLE SCHOOL","051101001090","DB",0,0,0,0,0,0,0,0,0,0,0,0,0,0,0,0,0,0,0,0,0,0,0,0,0,0,0,0,0,0,0,0,0,0,0
"AR","ARKANSAS","0505340","DIERKS SCHOOL DISTRICT","00248","JOANN WALTERS ELEMENTARY SCH","050534000248","DB",0,0,0,0,0,0,0,0,0,0,0,0,0,0,0,0,0,0,0,0,0,0,0,0,0,0,0,0,0,0,0,0,0,0,0
"AR","ARKANSAS","0505340","DIERKS SCHOOL DISTRICT","00249","DIERKS HIGH SCHOOL","050534000249","DB",0,0,0,0,0,0,0,0,0,0,0,0,0,0,0,0,0,0,0,0,0,0,0,0,0,0,0,0,0,0,0,0,0,0,0
"AR","ARKANSAS","0507560","HEBER SPRINGS SCHOOL DISTRICT","00468","HEBER SPRINGS MIDDLE SCHOOL","050756000468","DB",0,0,0,0,0,0,0,0,0,0,0,0,0,0,0,0,0,0,0,0,0,0,0,0,0,0,0,0,0,0,0,0,0,0,0
"AR","ARKANSAS","0508730","LAVACA SCHOOL DISTRICT","00587","LAVACA HIGH SCHOOL","050873000587","DB",0,0,0,0,0,0,0,0,0,0,0,0,0,0,0,0,0,0,0,0,0,0,0,0,0,0,0,0,0,0,0,0,0,0,0
"AR","ARKANSAS","0513530","VILONIA SCHOOL DISTRICT","01617","FRANK MITCHELL INTERMEDIATE SCHOOL","051353001617","DB",0,0,0,0,0,0,0,0,0,0,0,0,0,0,0,0,0,0,0,0,0,0,0,0,0,0,0,0,0,0,0,0,0,0,0
"AR","ARKANSAS","0507560","HEBER SPRINGS SCHOOL DISTRICT","00466","HEBER SPRINGS ELEM. SCHOOL","050756000466","DB",0,0,0,0,0,0,0,0,0,0,0,0,0,0,0,0,0,0,0,0,0,0,0,0,0,0,0,0,0,0,0,0,0,0,0
"AR","ARKANSAS","0500425","RESPONSIVE ED SOLUTIONS PREMIER HIGH SCHOOL OF N LITTLE ROCK","01686","PREMIER HIGH SCHOOL OF NORTH LITTLE ROCK","050042501686","DB",0,0,0,0,0,0,0,0,0,0,0,0,0,0,0,0,0,0,0,0,0,0,0,0,0,0,0,0,0,0,0,0,0,0,0
"AR","ARKANSAS","0513530","VILONIA SCHOOL DISTRICT","01110","VILONIA HIGH SCHOOL","051353001110","DB",0,0,0,0,0,0,0,0,0,0,0,0,0,0,0,0,0,0,0,0,0,0,0,0,0,0,0,0,0,0,0,0,0,0,0
"AR","ARKANSAS","0500032","BEARDEN SCHOOL DISTRICT","00052","BEARDEN ELEMENTARY SCHOOL","050003200052","DB",0,0,0,0,0,0,0,0,0,0,0,0,0,0,0,0,0,0,0,0,0,0,0,0,0,0,0,0,0,0,0,0,0,0,0
"AR","ARKANSAS","0507560","HEBER SPRINGS SCHOOL DISTRICT","00467","HEBER SPRINGS HIGH SCHOOL","050756000467","DB",0,0,0,0,0,0,0,0,0,0,0,0,0,0,0,0,0,0,0,0,0,0,0,0,0,0,0,0,0,0,0,0,0,0,0
"AR","ARKANSAS","0513560","VIOLA SCHOOL DISTRICT","01111","VIOLA ELEMENTARY SCHOOL","051356001111","DB",0,0,0,0,0,0,0,0,0,0,0,0,0,0,0,0,0,0,0,0,0,0,0,0,0,0,0,0,0,0,0,0,0,0,0
"AR","ARKANSAS","0502960","BENTON SCHOOL DISTRICT","00064","CALDWELL ELEMENTARY SCHOOL","050296000064","DB",0,0,0,0,0,0,0,0,0,0,0,0,0,0,0,0,0,0,0,0,0,0,0,0,0,0,0,0,0,0,0,0,0,0,0
"AR","ARKANSAS","0513530","VILONIA SCHOOL DISTRICT","00137","VILONIA MIDDLE SCHOOL","051353000137","DB",0,0,0,0,0,0,0,0,0,0,0,0,0,0,0,0,0,0,0,0,0,0,0,0,0,0,0,0,0,0,0,0,0,0,0
"AR","ARKANSAS","0507110","GURDON SCHOOL DISTRICT","00431","CABE MIDDLE SCHOOL","050711000431","DB",0,0,0,0,0,0,0,0,0,0,0,0,0,0,0,0,0,0,0,0,0,0,0,0,0,0,0,0,0,0,0,0,0,0,0
"AR","ARKANSAS","0503450","BOONEVILLE SCHOOL DISTRICT","00105","BOONEVILLE HIGH SCHOOL","050345000105","DB",0,0,0,0,0,0,0,0,0,0,0,0,0,0,0,0,0,0,0,0,0,0,0,0,0,0,0,0,0,0,0,0,0,0,0
"AR","ARKANSAS","0511010","OZARK SCHOOL DISTRICT","00830","OZARK HIGH SCHOOL","051101000830","DB",0,0,0,0,0,0,0,0,0,0,0,0,0,0,0,0,0,0,0,0,0,0,0,0,0,0,0,0,0,0,0,0,0,0,0
"AR","ARKANSAS","0506360","FOUKE SCHOOL DISTRICT","00380","FOUKE HIGH SCHOOL","050636000380","DB",0,0,0,0,0,0,0,0,0,0,0,0,0,0,0,0,0,0,0,0,0,0,0,0,0,0,0,0,0,0,0,0,0,0,0
"AR","ARKANSAS","0505580","EAST END SCHOOL DISTRICT","00267","ANNE WATSON ELEMENTARY SCHOOL","050558000267","DB",0,0,0,0,0,0,0,0,0,0,0,0,0,0,0,0,0,0,0,0,0,0,0,0,0,0,0,0,0,0,0,0,0,0,0
"AR","ARKANSAS","0508730","LAVACA SCHOOL DISTRICT","00663","LAVACA MIDDLE SCHOOL","050873000663","DB",0,0,0,0,0,0,0,0,0,0,0,0,0,0,0,0,0,0,0,0,0,0,0,0,0,0,0,0,0,0,0,0,0,0,0
"AR","ARKANSAS","0504380","CLARKSVILLE SCHOOL DISTRICT","00806","CLARKSVILLE PRIMARY SCHOOL","050438000806","DB",0,0,0,0,0,0,0,0,0,0,0,0,0,0,0,0,0,0,0,0,0,0,0,0,0,0,0,0,0,0,0,0,0,0,0
"AR","ARKANSAS","0500041","WESTERN YELL CO. SCHOOL DIST.","01312","WESTERN YELL CO. ELEM. SCHOOL","050004101312","DB",0,0,0,0,0,0,0,0,0,0,0,0,0,0,0,0,0,0,0,0,0,0,0,0,0,0,0,0,0,0,0,0,0,0,0
"AR","ARKANSAS","0502610","ATKINS SCHOOL DISTRICT","00032","ATKINS ELEMENTARY SCHOOL","050261000032","DB",0,0,0,0,0,0,0,0,0,0,0,0,0,0,0,0,0,0,0,0,0,0,0,0,0,0,0,0,0,0,0,0,0,0,0
"AR","ARKANSAS","0502250","ALMA SCHOOL DISTRICT","00004","ALMA HIGH SCHOOL","050225000004","DB",0,0,0,0,0,0,0,0,0,0,0,0,0,0,0,0,0,0,0,0,0,0,0,0,0,0,0,0,0,0,0,0,0,0,0
"AR","ARKANSAS","0504860","CUTTER-MORNING STAR SCH. DIST.","00209","CUTTER-MORNING STAR ELEM. SCH.","050486000209","DB",0,0,0,0,0,0,0,0,0,0,0,0,0,0,0,0,0,0,0,0,0,0,0,0,0,0,0,0,0,0,0,0,0,0,0
"AR","ARKANSAS","0502610","ATKINS SCHOOL DISTRICT","00438","ATKINS MIDDLE SCHOOL","050261000438","DB",0,0,0,0,0,0,0,0,0,0,0,0,0,0,0,0,0,0,0,0,0,0,0,0,0,0,0,0,0,0,0,0,0,0,0
"AR","ARKANSAS","0500029","GOSNELL SCHOOL DISTRICT","01277","GOSNELL HIGH SCHOOL","050002901277","DB",0,0,0,0,0,0,0,0,0,0,0,0,0,0,0,0,0,0,0,0,0,0,0,0,0,0,0,0,0,0,0,0,0,0,0
"AR","ARKANSAS","0508610","LAKE HAMILTON SCHOOL DISTRICT","00138","LAKE HAMILTON MIDDLE SCHOOL","050861000138","DB",0,0,0,0,0,0,0,0,0,0,0,0,0,0,0,0,0,0,0,0,0,0,0,0,0,0,0,0,0,0,0,0,0,0,0
"AR","ARKANSAS","0504860","CUTTER-MORNING STAR SCH. DIST.","00210","CUTTER-MORNING STAR HIGH SCH.","050486000210","DB",0,0,0,0,0,0,0,0,0,0,0,0,0,0,0,0,0,0,0,0,0,0,0,0,0,0,0,0,0,0,0,0,0,0,0
"AR","ARKANSAS","0500049","DEQUEEN SCHOOL DISTRICT","00235","DEQUEEN HIGH SCHOOL","050004900235","DB",0,0,0,0,0,0,0,0,0,0,0,0,0,0,0,0,0,0,0,0,0,0,0,0,0,0,0,0,0,0,0,0,0,0,0
"AR","ARKANSAS","0500041","WESTERN YELL CO. SCHOOL DIST.","01315","WESTERN YELL CO. HIGH SCHOOL","050004101315","DB",0,0,0,0,0,0,0,0,0,0,0,0,0,0,0,0,0,0,0,0,0,0,0,0,0,0,0,0,0,0,0,0,0,0,0
"AR","ARKANSAS","0504380","CLARKSVILLE SCHOOL DISTRICT","00168","PYRON ELEMENTARY SCHOOL","050438000168","DB",0,0,0,0,0,0,0,0,0,0,0,0,0,0,0,0,0,0,0,0,0,0,0,0,0,0,0,0,0,0,0,0,0,0,0
"AR","ARKANSAS","0500049","DEQUEEN SCHOOL DISTRICT","00234","DEQUEEN ELEMENTARY SCHOOL","050004900234","DB",0,0,0,0,0,0,0,0,0,0,0,0,0,0,0,0,0,0,0,0,0,0,0,0,0,0,0,0,0,0,0,0,0,0,0
"AR","ARKANSAS","0511370","PIGGOTT SCHOOL DISTRICT","00851","PIGGOTT ELEMENTARY SCHOOL","051137000851","DB",0,0,0,0,0,0,0,0,0,0,0,0,0,0,0,0,0,0,0,0,0,0,0,0,0,0,0,0,0,0,0,0,0,0,0
"AR","ARKANSAS","0502250","ALMA SCHOOL DISTRICT","00005","ALMA MIDDLE SCHOOL","050225000005","DB",0,0,0,0,0,0,0,0,0,0,0,0,0,0,0,0,0,0,0,0,0,0,0,0,0,0,0,0,0,0,0,0,0,0,0
"AR","ARKANSAS","0508610","LAKE HAMILTON SCHOOL DISTRICT","00575","LAKE HAMILTON HIGH SCHOOL","050861000575","DB",0,0,0,0,0,0,0,0,0,0,0,0,0,0,0,0,0,0,0,0,0,0,0,0,0,0,0,0,0,0,0,0,0,0,0
"AR","ARKANSAS","0500049","DEQUEEN SCHOOL DISTRICT","00236","DEQUEEN MIDDLE SCHOOL","050004900236","DB",0,0,0,0,0,0,0,0,0,0,0,0,0,0,0,0,0,0,0,0,0,0,0,0,0,0,0,0,0,0,0,0,0,0,0
"AR","ARKANSAS","0503320","BLYTHEVILLE SCHOOL DISTRICT","00093","BLYTHEVILLE ELEMENTARY SCHOOL","050332000093","DB",0,0,0,0,0,0,0,0,0,0,0,0,0,0,0,0,0,0,0,0,0,0,0,0,0,0,0,0,0,0,0,0,0,0,0
"AR","ARKANSAS","0503320","BLYTHEVILLE SCHOOL DISTRICT","00099","BLYTHEVILLE MIDDLE SCHOOL","050332000099","DB",0,0,0,0,0,0,0,0,0,0,0,0,0,0,0,0,0,0,0,0,0,0,0,0,0,0,0,0,0,0,0,0,0,0,0
"AR","ARKANSAS","0508610","LAKE HAMILTON SCHOOL DISTRICT","01234","LAKE HAMILTON INTERM. SCHOOL","050861001234","DB",0,0,0,0,0,0,0,0,0,0,0,0,0,0,0,0,0,0,0,0,0,0,0,0,0,0,0,0,0,0,0,0,0,0,0
"AR","ARKANSAS","0502250","ALMA SCHOOL DISTRICT","00003","ALMA INTERMEDIATE SCHOOL","050225000003","DB",0,0,0,0,0,0,0,0,0,0,0,0,0,0,0,0,0,0,0,0,0,0,0,0,0,0,0,0,0,0,0,0,0,0,0
"AR","ARKANSAS","0508610","LAKE HAMILTON SCHOOL DISTRICT","00573","LAKE HAMILTON ELEMENTARY SCH","050861000573","DB",0,0,0,0,0,0,0,0,0,0,0,0,0,0,0,0,0,0,0,0,0,0,0,0,0,0,0,0,0,0,0,0,0,0,0
"AR","ARKANSAS","0504380","CLARKSVILLE SCHOOL DISTRICT","00166","CLARKSVILLE HIGH SCHOOL","050438000166","DB",0,0,0,0,0,0,0,0,0,0,0,0,0,0,0,0,0,0,0,0,0,0,0,0,0,0,0,0,0,0,0,0,0,0,0
"AR","ARKANSAS","0511370","PIGGOTT SCHOOL DISTRICT","00852","PIGGOTT HIGH SCHOOL","051137000852","DB",0,0,0,0,0,0,0,0,0,0,0,0,0,0,0,0,0,0,0,0,0,0,0,0,0,0,0,0,0,0,0,0,0,0,0
"AR","ARKANSAS","0508610","LAKE HAMILTON SCHOOL DISTRICT","00572","LAKE HAMILTON PRIMARY SCHOOL","050861000572","DB",0,0,0,0,0,0,0,0,0,0,0,0,0,0,0,0,0,0,0,0,0,0,0,0,0,0,0,0,0,0,0,0,0,0,0
"AR","ARKANSAS","0508610","LAKE HAMILTON SCHOOL DISTRICT","00574","LAKE HAMILTON JR. HIGH SCHOOL","050861000574","DB",0,0,0,0,0,0,0,0,0,0,0,0,0,0,0,0,0,0,0,0,0,0,0,0,0,0,0,0,0,0,0,0,0,0,0
"AR","ARKANSAS","0503320","BLYTHEVILLE SCHOOL DISTRICT","00096","BLYTHEVILLE PRIMARY SCHOOL","050332000096","DB",0,0,0,0,0,0,0,0,0,0,0,0,0,0,0,0,0,0,0,0,0,0,0,0,0,0,0,0,0,0,0,0,0,0,0
"AR","ARKANSAS","0502610","ATKINS SCHOOL DISTRICT","00033","ATKINS HIGH SCHOOL","050261000033","DB",0,0,0,0,0,0,0,0,0,0,0,0,0,0,0,0,0,0,0,0,0,0,0,0,0,0,0,0,0,0,0,0,0,0,0
"AR","ARKANSAS","0503320","BLYTHEVILLE SCHOOL DISTRICT","01578","BLYTHEVILLE HIGH SCHOOL-A NEW TECH SCHOOL","050332001578","DB",0,0,0,0,0,0,0,0,0,0,0,0,0,0,0,0,0,0,0,0,0,0,0,0,0,0,0,0,0,0,0,0,0,0,0
"AR","ARKANSAS","0504380","CLARKSVILLE SCHOOL DISTRICT","00154","KRAUS MIDDLE SCHOOL","050438000154","DB",0,0,0,0,0,0,0,0,0,0,0,0,0,0,0,0,0,0,0,0,0,0,0,0,0,0,0,0,0,0,0,0,0,0,0
"AR","ARKANSAS","0500049","DEQUEEN SCHOOL DISTRICT","00853","DEQUEEN PRIMARY","050004900853","DB",0,0,0,0,0,0,0,0,0,0,0,0,0,0,0,0,0,0,0,0,0,0,0,0,0,0,0,0,0,0,0,0,0,0,0
"AR","ARKANSAS","0502250","ALMA SCHOOL DISTRICT","01350","ALMA PRIMARY SCHOOL","050225001350","DB",0,0,0,0,0,0,0,0,0,0,0,0,0,0,0,0,0,0,0,0,0,0,0,0,0,0,0,0,0,0,0,0,0,0,0
"AR","ARKANSAS","0500049","DEQUEEN SCHOOL DISTRICT","01503","DEQUEEN JUNIOR HIGH SCHOOL","050004901503","DB",0,0,0,0,0,0,0,0,0,0,0,0,0,0,0,0,0,0,0,0,0,0,0,0,0,0,0,0,0,0,0,0,0,0,0
"AR","ARKANSAS","0504380","CLARKSVILLE SCHOOL DISTRICT","00167","CLARKSVILLE JUNIOR HIGH SCHOOL","050438000167","DB",0,0,0,0,0,0,0,0,0,0,0,0,0,0,0,0,0,0,0,0,0,0,0,0,0,0,0,0,0,0,0,0,0,0,0
"AR","ARKANSAS","0500029","GOSNELL SCHOOL DISTRICT","01275","GOSNELL ELEMENTARY SCHOOL","050002901275","DB",0,0,0,0,0,0,0,0,0,0,0,0,0,0,0,0,0,0,0,0,0,0,0,0,0,0,0,0,0,0,0,0,0,0,0
"AR","ARKANSAS","0511760","PRAIRIE GROVE SCHOOL DISTRICT","01426","PRAIRIE GROVE MIDDLE SCHOOL","051176001426","DB",0,0,0,0,0,0,0,0,0,0,0,0,0,0,0,0,0,0,0,0,0,0,0,0,0,0,0,0,0,0,0,0,0,0,0
"AR","ARKANSAS","0512060","RUSSELLVILLE SCHOOL DISTRICT","00969","LONDON ELEMENTARY SCHOOL","051206000969","DB",0,0,0,0,0,0,0,0,0,0,0,0,0,0,0,0,0,0,0,0,0,0,0,0,0,0,0,0,0,0,0,0,0,0,0
"AR","ARKANSAS","0514020","WESTSIDE SCHOOL DISTRICT","01266","WESTSIDE ELEMENTARY SCHOOL","051402001266","DB",0,0,0,0,0,0,0,0,0,0,0,0,0,0,0,0,0,0,0,0,0,0,0,0,0,0,0,0,0,0,0,0,0,0,0
"AR","ARKANSAS","0503710","BUFFALO IS. CENTRAL SCH. DIST.","01269","BUFFALO IS. CENTRAL EAST ELEM.","050371001269","DB",0,0,0,0,0,0,0,0,0,0,0,0,0,0,0,0,0,0,0,0,0,0,0,0,0,0,0,0,0,0,0,0,0,0,0
"AR","ARKANSAS","0511760","PRAIRIE GROVE SCHOOL DISTRICT","00895","PRAIRIE GROVE HIGH SCHOOL","051176000895","DB",0,0,0,0,0,0,0,0,0,0,0,0,0,0,0,0,0,0,0,0,0,0,0,0,0,0,0,0,0,0,0,0,0,0,0
"AR","ARKANSAS","0514020","WESTSIDE SCHOOL DISTRICT","01267","WESTSIDE HIGH SCHOOL","051402001267","DB",0,0,0,0,0,0,0,0,0,0,0,0,0,0,0,0,0,0,0,0,0,0,0,0,0,0,0,0,0,0,0,0,0,0,0
"AR","ARKANSAS","0512060","RUSSELLVILLE SCHOOL DISTRICT","00972","RUSSELLVILLE MIDDLE SCHOOL","051206000972","DB",0,0,0,0,0,0,0,0,0,0,0,0,0,0,0,0,0,0,0,0,0,0,0,0,0,0,0,0,0,0,0,0,0,0,0
"AR","ARKANSAS","0512060","RUSSELLVILLE SCHOOL DISTRICT","00968","RUSSELLVILLE JR. HIGH SCHOOL","051206000968","DB",0,0,0,0,0,0,0,0,0,0,0,0,0,0,0,0,0,0,0,0,0,0,0,0,0,0,0,0,0,0,0,0,0,0,0
"AR","ARKANSAS","0514140","WHITE HALL SCHOOL DISTRICT","01156","WHITE HALL HIGH SCHOOL","051414001156","DB",0,0,0,0,0,0,0,0,0,0,0,0,0,0,0,0,0,0,0,0,0,0,0,0,0,0,0,0,0,0,0,0,0,0,0
"AR","ARKANSAS","0503770","CADDO HILLS SCHOOL DISTRICT","00126","CADDO HILLS ELEMENTARY SCHOOL","050377000126","DB",0,0,0,0,0,0,0,0,0,0,0,0,0,0,0,0,0,0,0,0,0,0,0,0,0,0,0,0,0,0,0,0,0,0,0
"AR","ARKANSAS","0512060","RUSSELLVILLE SCHOOL DISTRICT","01376","CENTER VALLEY ELEM. SCHOOL","051206001376","DB",0,0,0,0,0,0,0,0,0,0,0,0,0,0,0,0,0,0,0,0,0,0,0,0,0,0,0,0,0,0,0,0,0,0,0
"AR","ARKANSAS","0511760","PRAIRIE GROVE SCHOOL DISTRICT","00894","PRAIRIE GROVE ELEM. SCHOOL","051176000894","DB",0,0,0,0,0,0,0,0,0,0,0,0,0,0,0,0,0,0,0,0,0,0,0,0,0,0,0,0,0,0,0,0,0,0,0
"AR","ARKANSAS","0511760","PRAIRIE GROVE SCHOOL DISTRICT","01717","PRAIRIE GROVE JUNIOR HIGH SCHOOL","051176001717","DB",0,0,0,0,0,0,0,0,0,0,0,0,0,0,0,0,0,0,0,0,0,0,0,0,0,0,0,0,0,0,0,0,0,0,0
"AR","ARKANSAS","0503710","BUFFALO IS. CENTRAL SCH. DIST.","01271","BUFFALO IS. CENTRAL HS","050371001271","DB",0,0,0,0,0,0,0,0,0,0,0,0,0,0,0,0,0,0,0,0,0,0,0,0,0,0,0,0,0,0,0,0,0,0,0
"AR","ARKANSAS","0514140","WHITE HALL SCHOOL DISTRICT","01153","MOODY ELEMENTARY SCHOOL","051414001153","DB",0,0,0,0,0,0,0,0,0,0,0,0,0,0,0,0,0,0,0,0,0,0,0,0,0,0,0,0,0,0,0,0,0,0,0
"AR","ARKANSAS","0500409","RESPONSIVE ED SOLUTIONS NORTHWEST ARK CLASSICAL ACADEMY","01685","WEST LITTLE ROCK CLASSICAL ACADEMY","050040901685","DB",0,0,0,0,0,0,0,0,0,0,0,0,0,0,0,0,0,0,0,0,0,0,0,0,0,0,0,0,0,0,0,0,0,0,0
"AR","ARKANSAS","0500409","RESPONSIVE ED SOLUTIONS NORTHWEST ARK CLASSICAL ACADEMY","01606","NORTHWEST ARKANSAS CLASSICAL ACADEMY HIGH","050040901606","DB",0,0,0,0,0,0,0,0,0,0,0,0,0,0,0,0,0,0,0,0,0,0,0,0,0,0,0,0,0,0,0,0,0,0,0
"AR","ARKANSAS","0500078","HAAS HALL ACADEMY","01078","HAAS HALL ACADEMY","050007801078","DB",0,0,0,0,0,0,0,0,0,0,0,0,0,0,0,0,0,0,0,0,0,0,0,0,0,0,0,0,0,0,0,0,0,0,0
"AR","ARKANSAS","0500078","HAAS HALL ACADEMY","01640","HAAS HALL ACADEMY JONES CENTER","050007801640","DB",0,0,0,0,0,0,0,0,0,0,0,0,0,0,0,0,0,0,0,0,0,0,0,0,0,0,0,0,0,0,0,0,0,0,0
"AR","ARKANSAS","0504200","CHARLESTON SCHOOL DISTRICT","00157","CHARLESTON ELEMENTARY SCHOOL","050420000157","DB",0,0,0,0,0,0,0,0,0,0,0,0,0,0,0,0,0,0,0,0,0,0,0,0,0,0,0,0,0,0,0,0,0,0,0
"AR","ARKANSAS","0512060","RUSSELLVILLE SCHOOL DISTRICT","00971","RUSSELLVILLE HIGH SCHOOL","051206000971","DB",0,0,0,0,0,0,0,0,0,0,0,0,0,0,0,0,0,0,0,0,0,0,0,0,0,0,0,0,0,0,0,0,0,0,0
"AR","ARKANSAS","0504110","GENOA CENTRAL SCHOOL DISTRICT","00286","GARY E. COBB MIDDLE SCHOOL","050411000286","DB",0,0,0,0,0,0,0,0,0,0,0,0,0,0,0,0,0,0,0,0,0,0,0,0,0,0,0,0,0,0,0,0,0,0,0
"AR","ARKANSAS","0514140","WHITE HALL SCHOOL DISTRICT","01155","TAYLOR ELEMENTARY SCHOOL","051414001155","DB",0,0,0,0,0,0,0,0,0,0,0,0,0,0,0,0,0,0,0,0,0,0,0,0,0,0,0,0,0,0,0,0,0,0,0
"AR","ARKANSAS","0500409","RESPONSIVE ED SOLUTIONS NORTHWEST ARK CLASSICAL ACADEMY","01574","NORTHWEST ARKANSAS CLASSICAL ACADEMY","050040901574","DB",0,0,0,0,0,0,0,0,0,0,0,0,0,0,0,0,0,0,0,0,0,0,0,0,0,0,0,0,0,0,0,0,0,0,0
"AR","ARKANSAS","0514140","WHITE HALL SCHOOL DISTRICT","01152","HARDIN ELEMENTARY SCHOOL","051414001152","DB",0,0,0,0,0,0,0,0,0,0,0,0,0,0,0,0,0,0,0,0,0,0,0,0,0,0,0,0,0,0,0,0,0,0,0
"AR","ARKANSAS","0503770","CADDO HILLS SCHOOL DISTRICT","00127","CADDO HILLS HIGH SCHOOL","050377000127","DB",0,0,0,0,0,0,0,0,0,0,0,0,0,0,0,0,0,0,0,0,0,0,0,0,0,0,0,0,0,0,0,0,0,0,0
"AR","ARKANSAS","0512060","RUSSELLVILLE SCHOOL DISTRICT","00175","RUSSELLVILLE UPPER ELEM. SCH.","051206000175","DB",0,0,0,0,0,0,0,0,0,0,0,0,0,0,0,0,0,0,0,0,0,0,0,0,0,0,0,0,0,0,0,0,0,0,0
"AR","ARKANSAS","0512060","RUSSELLVILLE SCHOOL DISTRICT","00973","SEQUOYAH ELEMENTARY SCHOOL","051206000973","DB",0,0,0,0,0,0,0,0,0,0,0,0,0,0,0,0,0,0,0,0,0,0,0,0,0,0,0,0,0,0,0,0,0,0,0
"AR","ARKANSAS","0504110","GENOA CENTRAL SCHOOL DISTRICT","00152","GENOA CENTRAL HIGH SCHOOL","050411000152","DB",0,0,0,0,0,0,0,0,0,0,0,0,0,0,0,0,0,0,0,0,0,0,0,0,0,0,0,0,0,0,0,0,0,0,0
"AR","ARKANSAS","0504200","CHARLESTON SCHOOL DISTRICT","00158","CHARLESTON HIGH SCHOOL","050420000158","DB",0,0,0,0,0,0,0,0,0,0,0,0,0,0,0,0,0,0,0,0,0,0,0,0,0,0,0,0,0,0,0,0,0,0,0
"AR","ARKANSAS","0500078","HAAS HALL ACADEMY","01639","HAAS HALL ACADEMY AT THE LANE","050007801639","DB",0,0,0,0,0,0,0,0,0,0,0,0,0,0,0,0,0,0,0,0,0,0,0,0,0,0,0,0,0,0,0,0,0,0,0
"AR","ARKANSAS","0500078","HAAS HALL ACADEMY","01718","HAAS HALL BENTONVILLE","050007801718","DB",0,0,0,0,0,0,0,0,0,0,0,0,0,0,0,0,0,0,0,0,0,0,0,0,0,0,0,0,0,0,0,0,0,0,0
"AR","ARKANSAS","0514140","WHITE HALL SCHOOL DISTRICT","01262","GANDY ELEMENTARY SCHOOL","051414001262","DB",0,0,0,0,0,0,0,0,0,0,0,0,0,0,0,0,0,0,0,0,0,0,0,0,0,0,0,0,0,0,0,0,0,0,0
"AR","ARKANSAS","0512060","RUSSELLVILLE SCHOOL DISTRICT","00970","OAKLAND HEIGHTS ELEM. SCHOOL","051206000970","DB",0,0,0,0,0,0,0,0,0,0,0,0,0,0,0,0,0,0,0,0,0,0,0,0,0,0,0,0,0,0,0,0,0,0,0
"AR","ARKANSAS","0512060","RUSSELLVILLE SCHOOL DISTRICT","00967","DWIGHT ELEMENTARY SCHOOL","051206000967","DB",0,0,0,0,0,0,0,0,0,0,0,0,0,0,0,0,0,0,0,0,0,0,0,0,0,0,0,0,0,0,0,0,0,0,0
"AR","ARKANSAS","0504110","GENOA CENTRAL SCHOOL DISTRICT","00151","GENOA CENTRAL ELEM. SCHOOL","050411000151","DB",0,0,0,0,0,0,0,0,0,0,0,0,0,0,0,0,0,0,0,0,0,0,0,0,0,0,0,0,0,0,0,0,0,0,0
"AR","ARKANSAS","0514140","WHITE HALL SCHOOL DISTRICT","01247","WHITE HALL JUNIOR HIGH SCHOOL","051414001247","DB",0,0,0,0,0,0,0,0,0,0,0,0,0,0,0,0,0,0,0,0,0,0,0,0,0,0,0,0,0,0,0,0,0,0,0
"AR","ARKANSAS","0512060","RUSSELLVILLE SCHOOL DISTRICT","00966","CRAWFORD ELEMENTARY SCHOOL","051206000966","DB",0,0,0,0,0,0,0,0,0,0,0,0,0,0,0,0,0,0,0,0,0,0,0,0,0,0,0,0,0,0,0,0,0,0,0
"AR","ARKANSAS","0502790","BAUXITE SCHOOL DISTRICT","00047","BAUXITE HIGH SCHOOL","050279000047","DB",0,0,0,0,0,0,0,0,0,0,0,0,0,0,0,0,0,0,0,0,0,0,0,0,0,0,0,0,0,0,0,0,0,0,0
"AR","ARKANSAS","0513080","GREENE CO. TECH SCHOOL DIST.","00963","GREENE CO. TECH PRIMARY SCHOOL","051308000963","DB",0,0,0,0,0,0,0,0,0,0,0,0,0,0,0,0,0,0,0,0,0,0,0,0,0,0,0,0,0,0,0,0,0,0,0
"AR","ARKANSAS","0506090","FARMINGTON SCHOOL DISTRICT","01490","BOB FOLSOM ELEMENTARY SCHOOL","050609001490","DB",0,0,0,0,0,0,0,0,0,0,0,0,0,0,0,0,0,0,0,0,0,0,0,0,0,0,0,0,0,0,0,0,0,0,0
"AR","ARKANSAS","0503960","CARLISLE SCHOOL DISTRICT","00140","CARLISLE HIGH SCHOOL","050396000140","DB",0,0,0,0,0,0,0,0,0,0,0,0,0,0,0,0,0,0,0,0,0,0,0,0,0,0,0,0,0,0,0,0,0,0,0
"AR","ARKANSAS","0500045","RIVERCREST SCHOOL DISTRICT #57","01204","RIVERCREST HIGH SCHOOL","050004501204","DB",0,0,0,0,0,0,0,0,0,0,0,0,0,0,0,0,0,0,0,0,0,0,0,0,0,0,0,0,0,0,0,0,0,0,0
"AR","ARKANSAS","0502550","ARMOREL SCHOOL DISTRICT","00027","ARMOREL HIGH SCHOOL","050255000027","DB",0,0,0,0,0,0,0,0,0,0,0,0,0,0,0,0,0,0,0,0,0,0,0,0,0,0,0,0,0,0,0,0,0,0,0
"AR","ARKANSAS","0500045","RIVERCREST SCHOOL DISTRICT #57","01600","RIVERCREST ELEMENTARY SCHOOL","050004501600","DB",0,0,0,0,0,0,0,0,0,0,0,0,0,0,0,0,0,0,0,0,0,0,0,0,0,0,0,0,0,0,0,0,0,0,0
"AR","ARKANSAS","0506090","FARMINGTON SCHOOL DISTRICT","00854","RANDALL G. LYNCH MIDDLE SCHOOL","050609000854","DB",0,0,0,0,0,0,0,0,0,0,0,0,0,0,0,0,0,0,0,0,0,0,0,0,0,0,0,0,0,0,0,0,0,0,0
"AR","ARKANSAS","0513080","GREENE CO. TECH SCHOOL DIST.","01067","GREENE CO. TECH INTERM. SCHOOL","051308001067","DB",0,0,0,0,0,0,0,0,0,0,0,0,0,0,0,0,0,0,0,0,0,0,0,0,0,0,0,0,0,0,0,0,0,0,0
"AR","ARKANSAS","0506090","FARMINGTON SCHOOL DISTRICT","01608","FARMINGTON FRESHMAN ACADEMY","050609001608","DB",0,0,0,0,0,0,0,0,0,0,0,0,0,0,0,0,0,0,0,0,0,0,0,0,0,0,0,0,0,0,0,0,0,0,0
"AR","ARKANSAS","0506090","FARMINGTON SCHOOL DISTRICT","01716","FARMINGTON HIGH SCHOOL","050609001716","DB",0,0,0,0,0,0,0,0,0,0,0,0,0,0,0,0,0,0,0,0,0,0,0,0,0,0,0,0,0,0,0,0,0,0,0
"AR","ARKANSAS","0502550","ARMOREL SCHOOL DISTRICT","00026","ARMOREL ELEMENTARY SCHOOL","050255000026","DB",0,0,0,0,0,0,0,0,0,0,0,0,0,0,0,0,0,0,0,0,0,0,0,0,0,0,0,0,0,0,0,0,0,0,0
"AR","ARKANSAS","0513080","GREENE CO. TECH SCHOOL DIST.","01368","GREEN CO. TECH JR. HIGH SCHOOL","051308001368","DB",0,0,0,0,0,0,0,0,0,0,0,0,0,0,0,0,0,0,0,0,0,0,0,0,0,0,0,0,0,0,0,0,0,0,0
"AR","ARKANSAS","0513080","GREENE CO. TECH SCHOOL DIST.","01546","GREENE CTY TECH INTERMEDIATE","051308001546","DB",0,0,0,0,0,0,0,0,0,0,0,0,0,0,0,0,0,0,0,0,0,0,0,0,0,0,0,0,0,0,0,0,0,0,0
"AR","ARKANSAS","0502790","BAUXITE SCHOOL DISTRICT","00048","PINE HAVEN ELEMENTARY SCHOOL","050279000048","DB",0,0,0,0,0,0,0,0,0,0,0,0,0,0,0,0,0,0,0,0,0,0,0,0,0,0,0,0,0,0,0,0,0,0,0
"AR","ARKANSAS","0502790","BAUXITE SCHOOL DISTRICT","01590","MINER ACADEMY","050279001590","DB",0,0,0,0,0,0,0,0,0,0,0,0,0,0,0,0,0,0,0,0,0,0,0,0,0,0,0,0,0,0,0,0,0,0,0
"AR","ARKANSAS","0513080","GREENE CO. TECH SCHOOL DIST.","01066","GREENE CO. TECH HIGH SCHOOL","051308001066","DB",0,0,0,0,0,0,0,0,0,0,0,0,0,0,0,0,0,0,0,0,0,0,0,0,0,0,0,0,0,0,0,0,0,0,0
"AR","ARKANSAS","0506090","FARMINGTON SCHOOL DISTRICT","01113","JERRY POP WILLIAMS ELEM SCH","050609001113","DB",0,0,0,0,0,0,0,0,0,0,0,0,0,0,0,0,0,0,0,0,0,0,0,0,0,0,0,0,0,0,0,0,0,0,0
"AR","ARKANSAS","0503960","CARLISLE SCHOOL DISTRICT","00139","CARLISLE ELEMENTARY SCHOOL","050396000139","DB",0,0,0,0,0,0,0,0,0,0,0,0,0,0,0,0,0,0,0,0,0,0,0,0,0,0,0,0,0,0,0,0,0,0,0
"AR","ARKANSAS","0513080","GREENE CO. TECH SCHOOL DIST.","00015","GREENE CTY TECH ELEM. SCHOOL","051308000015","DB",0,0,0,0,0,0,0,0,0,0,0,0,0,0,0,0,0,0,0,0,0,0,0,0,0,0,0,0,0,0,0,0,0,0,0
"AR","ARKANSAS","0502790","BAUXITE SCHOOL DISTRICT","01536","BAUXITE MIDDLE SCHOOL","050279001536","DB",0,0,0,0,0,0,0,0,0,0,0,0,0,0,0,0,0,0,0,0,0,0,0,0,0,0,0,0,0,0,0,0,0,0,0
"AR","ARKANSAS","0509150","MAGAZINE SCHOOL DISTRICT","00649","MAGAZINE ELEMENTARY SCHOOL","050915000649","DB",0,0,0,0,0,0,0,0,0,0,0,0,0,0,0,0,0,0,0,0,0,0,0,0,0,0,0,0,0,0,0,0,0,0,0
"AR","ARKANSAS","0509750","MENA SCHOOL DISTRICT","00714","MENA MIDDLE SCHOOL","050975000714","DB",0,0,0,0,0,0,0,0,0,0,0,0,0,0,0,0,0,0,0,0,0,0,0,0,0,0,0,0,0,0,0,0,0,0,0
"AR","ARKANSAS","0500025","ARKANSAS CORRECTIONAL SCHOOLS","01417","ARKANSAS CORRECTIONAL SCHOOL","050002501417","DB",0,0,0,0,0,0,0,0,0,0,0,0,0,0,0,0,0,0,0,0,0,0,0,0,0,0,0,0,0,0,0,0,0,0,0
"AR","ARKANSAS","0509150","MAGAZINE SCHOOL DISTRICT","00650","J.D. LEFTWICH HIGH SCHOOL","050915000650","DB",0,0,0,0,0,0,0,0,0,0,0,0,0,0,0,0,0,0,0,0,0,0,0,0,0,0,0,0,0,0,0,0,0,0,0
"AR","ARKANSAS","0509750","MENA SCHOOL DISTRICT","00712","LOUISE DURHAM ELEM. SCHOOL","050975000712","DB",0,0,0,0,0,0,0,0,0,0,0,0,0,0,0,0,0,0,0,0,0,0,0,0,0,0,0,0,0,0,0,0,0,0,0
"AR","ARKANSAS","0503690","BRYANT SCHOOL DISTRICT","01676","BRYANT JUNIOR HIGH SCHOOL","050369001676","DB",0,0,0,0,0,0,0,0,0,0,0,0,0,0,0,0,0,0,0,0,0,0,0,0,0,0,0,0,0,0,0,0,0,0,0
"AR","ARKANSAS","0503690","BRYANT SCHOOL DISTRICT","01197","BETHEL MIDDLE SCHOOL","050369001197","DB",0,0,0,0,0,0,0,0,0,0,0,0,0,0,0,0,0,0,0,0,0,0,0,0,0,0,0,0,0,0,0,0,0,0,0
"AR","ARKANSAS","0500026","PINE BLUFF SCHOOL DISTRICT","00872","THIRTY-FOURTH AVE. ELEM. SCH.","050002600872","DB",0,0,0,0,0,0,0,0,0,0,0,0,0,0,0,0,0,0,0,0,0,0,0,0,0,0,0,0,0,0,0,0,0,0,0
"AR","ARKANSAS","0506540","GENTRY SCHOOL DISTRICT","00390","GENTRY HIGH SCHOOL CONVERSION CHARTER","050654000390","DB",0,0,0,0,0,0,0,0,0,0,0,0,0,0,0,0,0,0,0,0,0,0,0,0,0,0,0,0,0,0,0,0,0,0,0
"AR","ARKANSAS","0500001","DEWITT SCHOOL DISTRICT","00216","DEWITT HIGH SCHOOL","050000100216","DB",0,0,0,0,0,0,0,0,0,0,0,0,0,0,0,0,0,0,0,0,0,0,0,0,0,0,0,0,0,0,0,0,0,0,0
"AR","ARKANSAS","0503690","BRYANT SCHOOL DISTRICT","01450","HURRICANE CREEK ELEMENTARY","050369001450","DB",0,0,0,0,0,0,0,0,0,0,0,0,0,0,0,0,0,0,0,0,0,0,0,0,0,0,0,0,0,0,0,0,0,0,0
"AR","ARKANSAS","0503690","BRYANT SCHOOL DISTRICT","01661","PARKWAY ELEMENTARY SCHOOL","050369001661","DB",0,0,0,0,0,0,0,0,0,0,0,0,0,0,0,0,0,0,0,0,0,0,0,0,0,0,0,0,0,0,0,0,0,0,0
"AR","ARKANSAS","0503690","BRYANT SCHOOL DISTRICT","01440","BRYANT MIDDLE SCHOOL","050369001440","DB",0,0,0,0,0,0,0,0,0,0,0,0,0,0,0,0,0,0,0,0,0,0,0,0,0,0,0,0,0,0,0,0,0,0,0
"AR","ARKANSAS","0510920","OMAHA SCHOOL DISTRICT","00821","OMAHA HIGH SCHOOL","051092000821","DB",0,0,0,0,0,0,0,0,0,0,0,0,0,0,0,0,0,0,0,0,0,0,0,0,0,0,0,0,0,0,0,0,0,0,0
"AR","ARKANSAS","0503420","LEAD HILL SCHOOL DISTRICT","00102","LEAD HILL ELEMENTARY SCHOOL","050342000102","DB",0,0,0,0,0,0,0,0,0,0,0,0,0,0,0,0,0,0,0,0,0,0,0,0,0,0,0,0,0,0,0,0,0,0,0
"AR","ARKANSAS","0503420","LEAD HILL SCHOOL DISTRICT","00103","LEAD HILL HIGH SCHOOL","050342000103","DB",0,0,0,0,0,0,0,0,0,0,0,0,0,0,0,0,0,0,0,0,0,0,0,0,0,0,0,0,0,0,0,0,0,0,0
"AR","ARKANSAS","0509600","MCCRORY SCHOOL DISTRICT","00701","MCCRORY ELEMENTARY SCHOOL","050960000701","DB",0,0,0,0,0,0,0,0,0,0,0,0,0,0,0,0,0,0,0,0,0,0,0,0,0,0,0,0,0,0,0,0,0,0,0
"AR","ARKANSAS","0506540","GENTRY SCHOOL DISTRICT","00791","GENTRY PRIMARY SCHOOL","050654000791","DB",0,0,0,0,0,0,0,0,0,0,0,0,0,0,0,0,0,0,0,0,0,0,0,0,0,0,0,0,0,0,0,0,0,0,0
"AR","ARKANSAS","0506540","GENTRY SCHOOL DISTRICT","00389","GENTRY INTERMEDIATE SCHOOL","050654000389","DB",0,0,0,0,0,0,0,0,0,0,0,0,0,0,0,0,0,0,0,0,0,0,0,0,0,0,0,0,0,0,0,0,0,0,0
"AR","ARKANSAS","0503690","BRYANT SCHOOL DISTRICT","00120","BRYANT ELEMENTARY SCHOOL","050369000120","DB",0,0,0,0,0,0,0,0,0,0,0,0,0,0,0,0,0,0,0,0,0,0,0,0,0,0,0,0,0,0,0,0,0,0,0
"AR","ARKANSAS","0503690","BRYANT SCHOOL DISTRICT","00118","BRYANT HIGH SCHOOL","050369000118","DB",0,0,0,0,0,0,0,0,0,0,0,0,0,0,0,0,0,0,0,0,0,0,0,0,0,0,0,0,0,0,0,0,0,0,0
"AR","ARKANSAS","0509750","MENA SCHOOL DISTRICT","00713","MENA HIGH SCHOOL","050975000713","DB",0,0,0,0,0,0,0,0,0,0,0,0,0,0,0,0,0,0,0,0,0,0,0,0,0,0,0,0,0,0,0,0,0,0,0
"AR","ARKANSAS","0502820","BAY SCHOOL DISTRICT","00051","BAY HIGH SCHOOL","050282000051","DB",0,0,0,0,0,0,0,0,0,0,0,0,0,0,0,0,0,0,0,0,0,0,0,0,0,0,0,0,0,0,0,0,0,0,0
"AR","ARKANSAS","0509600","MCCRORY SCHOOL DISTRICT","00702","MCCRORY HIGH SCHOOL","050960000702","DB",0,0,0,0,0,0,0,0,0,0,0,0,0,0,0,0,0,0,0,0,0,0,0,0,0,0,0,0,0,0,0,0,0,0,0
"AR","ARKANSAS","0500026","PINE BLUFF SCHOOL DISTRICT","01338","JACK ROBEY JR. HIGH SCHOOL","050002601338","DB",0,0,0,0,0,0,0,0,0,0,0,0,0,0,0,0,0,0,0,0,0,0,0,0,0,0,0,0,0,0,0,0,0,0,0
"AR","ARKANSAS","0506540","GENTRY SCHOOL DISTRICT","01231","GENTRY MIDDLE SCHOOL","050654001231","DB",0,0,0,0,0,0,0,0,0,0,0,0,0,0,0,0,0,0,0,0,0,0,0,0,0,0,0,0,0,0,0,0,0,0,0
"AR","ARKANSAS","0503690","BRYANT SCHOOL DISTRICT","00178","COLLEGEVILLE ELEMENTARY SCHOOL","050369000178","DB",0,0,0,0,0,0,0,0,0,0,0,0,0,0,0,0,0,0,0,0,0,0,0,0,0,0,0,0,0,0,0,0,0,0,0
"AR","ARKANSAS","0502820","BAY SCHOOL DISTRICT","00050","BAY ELEMENTARY SCHOOL","050282000050","DB",0,0,0,0,0,0,0,0,0,0,0,0,0,0,0,0,0,0,0,0,0,0,0,0,0,0,0,0,0,0,0,0,0,0,0
"AR","ARKANSAS","0500026","PINE BLUFF SCHOOL DISTRICT","00857","BROADMOOR ELEMENTARY SCHOOL","050002600857","DB",0,0,0,0,0,0,0,0,0,0,0,0,0,0,0,0,0,0,0,0,0,0,0,0,0,0,0,0,0,0,0,0,0,0,0
"AR","ARKANSAS","0503690","BRYANT SCHOOL DISTRICT","01439","SPRINGHILL ELEMENTARY SCHOOL","050369001439","DB",0,0,0,0,0,0,0,0,0,0,0,0,0,0,0,0,0,0,0,0,0,0,0,0,0,0,0,0,0,0,0,0,0,0,0
"AR","ARKANSAS","0500001","DEWITT SCHOOL DISTRICT","00218","DEWITT ELEMENTARY SCHOOL","050000100218","DB",0,0,0,0,0,0,1,0,0,0,0,0,0,0,1,0,1,0,0,0,0,0,1,0,0,0,0,0,0,0,0,0,0,0,0
"AR","ARKANSAS","0500026","PINE BLUFF SCHOOL DISTRICT","01670","SOUTHWOOD ELEMENTARY SCHOOL","050002601670","DB",0,0,0,0,0,0,0,0,0,0,0,0,0,0,0,0,0,0,0,0,0,0,0,0,0,0,0,0,0,0,0,0,0,0,0
"AR","ARKANSAS","0509750","MENA SCHOOL DISTRICT","00715","HOLLY HARSHMAN ELEM. SCHOOL","050975000715","DB",0,0,0,0,0,0,0,0,0,0,0,0,0,0,0,0,0,0,0,0,0,0,0,0,0,0,0,0,0,0,0,0,0,0,0
"AR","ARKANSAS","0503690","BRYANT SCHOOL DISTRICT","00121","SALEM ELEMENTARY SCHOOL","050369000121","DB",0,0,0,0,0,0,0,0,0,0,0,0,0,0,0,0,0,0,0,0,0,0,0,0,0,0,0,0,0,0,0,0,0,0,0
"AR","ARKANSAS","0500001","DEWITT SCHOOL DISTRICT","00217","DEWITT MIDDLE SCHOOL","050000100217","DB",0,0,0,0,0,0,0,0,0,0,0,0,0,0,0,0,0,0,0,0,0,0,0,0,0,0,0,0,0,0,0,0,0,0,0
"AR","ARKANSAS","0510920","OMAHA SCHOOL DISTRICT","00820","OMAHA ELEMENTARY SCHOOL","051092000820","DB",0,0,0,0,0,0,0,0,0,0,0,0,0,0,0,0,0,0,0,0,0,0,0,0,0,0,0,0,0,0,0,0,0,0,0
"AR","ARKANSAS","0500026","PINE BLUFF SCHOOL DISTRICT","00867","PINE BLUFF HIGH SCHOOL","050002600867","DB",0,0,0,0,0,0,0,0,0,0,0,0,0,0,0,0,0,0,0,0,0,0,0,0,0,0,0,0,0,0,0,0,0,0,0
"AR","ARKANSAS","0503690","BRYANT SCHOOL DISTRICT","01407","ROBERT L. DAVIS ELEM. SCHOOL","050369001407","DB",0,0,0,0,0,0,0,0,0,0,0,0,0,0,0,0,0,0,0,0,0,0,0,0,0,0,0,0,0,0,0,0,0,0,0
"AR","ARKANSAS","0503690","BRYANT SCHOOL DISTRICT","01563","HILL FARM ELEMENTARY SCHOOL","050369001563","DB",0,0,0,0,0,0,0,0,0,0,0,0,0,0,0,0,0,0,0,0,0,0,0,0,0,0,0,0,0,0,0,0,0,0,0
"AR","ARKANSAS","0500001","DEWITT SCHOOL DISTRICT","00391","GILLETT ELEMENTARY SCHOOL","050000100391","DB",0,0,0,0,0,0,0,0,0,0,0,0,0,0,0,0,0,0,0,0,0,0,0,0,0,0,0,0,0,0,0,0,0,0,0
"AR","ARKANSAS","0508340","JUNCTION CITY SCHOOL DISTRICT","00557","JUNCTION CITY ELEM. SCHOOL","050834000557","DB",0,0,0,0,0,0,0,0,0,0,0,0,0,0,0,0,0,0,0,0,0,0,0,0,0,0,0,0,0,0,0,0,0,0,0
"AR","ARKANSAS","0507920","JESSIEVILLE SCHOOL DISTRICT","00516","JESSIEVILLE HIGH SCHOOL","050792000516","DB",0,0,0,0,0,0,0,0,0,0,0,0,0,0,0,0,0,0,0,0,0,0,0,0,0,0,0,0,0,0,0,0,0,0,0
"AR","ARKANSAS","0503480","BRADFORD SCHOOL DISTRICT","00106","BRADFORD ELEMENTARY SCHOOL","050348000106","DB",0,0,0,0,0,0,0,0,0,0,0,0,0,0,0,0,0,0,0,0,0,0,0,0,0,0,0,0,0,0,0,0,0,0,0
"AR","ARKANSAS","0504560","CONCORD SCHOOL DISTRICT","00180","CONCORD ELEMENTARY SCHOOL","050456000180","DB",0,0,0,0,0,0,0,0,0,0,0,0,0,0,0,0,0,0,0,0,0,0,0,0,0,0,0,0,0,0,0,0,0,0,0
"AR","ARKANSAS","0514490","YELLVILLE-SUMMIT SCHOOL DIST.","01177","YELLVILLE-SUMMIT ELEM. SCHOOL","051449001177","DB",0,0,0,0,0,0,0,0,0,0,0,0,0,0,0,0,0,0,0,0,0,0,0,0,0,0,0,0,0,0,0,0,0,0,0
"AR","ARKANSAS","0511220","PARKERS CHAPEL SCHOOL DIST.","00840","PARKERS CHAPEL ELEM. SCHOOL","051122000840","DB",0,0,0,0,0,0,0,0,0,0,0,0,0,0,0,0,0,0,0,0,0,0,0,0,0,0,0,0,0,0,0,0,0,0,0
"AR","ARKANSAS","0511220","PARKERS CHAPEL SCHOOL DIST.","00841","PARKERS CHAPEL HIGH SCHOOL","051122000841","DB",0,0,0,0,0,0,0,0,0,0,0,0,0,0,0,0,0,0,0,0,0,0,0,0,0,0,0,0,0,0,0,0,0,0,0
"AR","ARKANSAS","0509190","MAGNET COVE SCHOOL DIST.","00651","MAGNET COVE ELEMENTARY SCHOOL","050919000651","DB",0,0,0,0,0,0,0,0,0,0,0,0,0,0,0,0,0,0,0,0,0,0,0,0,0,0,0,0,0,0,0,0,0,0,0
"AR","ARKANSAS","0514490","YELLVILLE-SUMMIT SCHOOL DIST.","01178","YELLVILLE-SUMMIT HIGH SCHOOL","051449001178","DB",0,0,0,0,0,0,0,0,0,0,0,0,0,0,0,0,0,0,0,0,0,0,0,0,0,0,0,0,0,0,0,0,0,0,0
"AR","ARKANSAS","0500417","ARKANSAS CONNECTIONS ACADEMY","01632","ARKANSAS CONNECTIONS ACADEMY HIGH","050041701632","DB",0,0,0,0,0,0,0,0,0,0,0,0,0,0,0,0,0,0,0,0,0,0,0,0,0,0,0,0,0,0,0,0,0,0,0
"AR","ARKANSAS","0504560","CONCORD SCHOOL DISTRICT","00181","CONCORD HIGH SCHOOL","050456000181","DB",0,0,0,0,0,0,0,0,0,0,0,0,0,0,0,0,0,0,0,0,0,0,0,0,0,0,0,0,0,0,0,0,0,0,0
"AR","ARKANSAS","0508340","JUNCTION CITY SCHOOL DISTRICT","00558","JUNCTION CITY HIGH SCHOOL","050834000558","DB",0,0,0,0,0,0,0,0,0,0,0,0,0,0,0,0,0,0,0,0,0,0,0,0,0,0,0,0,0,0,0,0,0,0,0
"AR","ARKANSAS","0509780","MINERAL SPRINGS SCHOOL DIST.","00717","MINERAL SPRINGS HIGH SCHOOL","050978000717","DB",0,0,0,0,0,0,0,0,0,0,0,0,0,0,0,0,0,0,0,0,0,0,0,0,0,0,0,0,0,0,0,0,0,0,0
"AR","ARKANSAS","0507920","JESSIEVILLE SCHOOL DISTRICT","01464","JESSIEVILLE MIDDLE SCHOOL","050792001464","DB",0,0,0,0,0,0,0,0,0,0,0,0,0,0,0,0,0,0,0,0,0,0,0,0,0,0,0,0,0,0,0,0,0,0,0
"AR","ARKANSAS","0507920","JESSIEVILLE SCHOOL DISTRICT","00515","JESSIEVILLE ELEMENTARY SCHOOL","050792000515","DB",0,0,0,0,0,0,0,0,0,0,0,0,0,0,0,0,0,0,0,0,0,0,0,0,0,0,0,0,0,0,0,0,0,0,0
"AR","ARKANSAS","0503480","BRADFORD SCHOOL DISTRICT","00107","BRADFORD HIGH SCHOOL","050348000107","DB",0,0,0,0,0,0,0,0,0,0,0,0,0,0,0,0,0,0,0,0,0,0,0,0,0,0,0,0,0,0,0,0,0,0,0
"AR","ARKANSAS","0514040","WEST SIDE SCHOOL DISTRICT","01147","WEST SIDE HIGH SCHOOL","051404001147","DB",0,0,0,0,0,0,0,0,0,0,0,0,0,0,0,0,0,0,0,0,0,0,0,0,0,0,0,0,0,0,0,0,0,0,0
"AR","ARKANSAS","0509780","MINERAL SPRINGS SCHOOL DIST.","00716","MINERAL SPRINGS ELEM. SCHOOL","050978000716","DB",0,0,0,0,0,0,0,0,0,0,0,0,0,0,0,0,0,0,0,0,0,0,0,0,0,0,0,0,0,0,0,0,0,0,0
"AR","ARKANSAS","0509190","MAGNET COVE SCHOOL DIST.","00652","MAGNET COVE HIGH SCHOOL","050919000652","DB",0,0,0,0,0,0,0,0,0,0,0,0,0,0,0,0,0,0,0,0,0,0,0,0,0,0,0,0,0,0,0,0,0,0,0
"AR","ARKANSAS","0514040","WEST SIDE SCHOOL DISTRICT","01146","WEST SIDE ELEMENTARY SCHOOL","051404001146","DB",0,0,0,0,0,0,0,0,0,0,0,0,0,0,0,0,0,0,0,0,0,0,0,0,0,0,0,0,0,0,0,0,0,0,0
"AR","ARKANSAS","0500046","MANILA SCHOOL DISTRICT","00667","MANILA ELEMENTARY SCHOOL","050004600667","DB",0,0,0,0,0,0,0,0,0,0,0,0,0,0,0,0,0,0,0,0,0,0,0,0,0,0,0,0,0,0,0,0,0,0,0
"AR","ARKANSAS","0500046","MANILA SCHOOL DISTRICT","00668","MANILA HIGH SCHOOL","050004600668","DB",0,0,0,0,0,0,0,0,0,0,0,0,0,0,0,0,0,0,0,0,0,0,0,0,0,0,0,0,0,0,0,0,0,0,0
"AR","ARKANSAS","0503090","BERGMAN SCHOOL DISTRICT","00078","BERGMAN HIGH SCHOOL","050309000078","DB",0,0,0,0,0,0,0,0,0,0,0,0,0,0,0,0,0,0,0,0,0,0,0,0,0,0,0,0,0,0,0,0,0,0,0
"AR","ARKANSAS","0503090","BERGMAN SCHOOL DISTRICT","01089","BERGMAN MIDDLE SCHOOL","050309001089","DB",0,0,0,0,0,0,0,0,0,0,0,0,0,0,0,0,0,0,0,0,0,0,0,0,0,0,0,0,0,0,0,0,0,0,0
"AR","ARKANSAS","0503090","BERGMAN SCHOOL DISTRICT","00077","BERGMAN ELEMENTARY SCHOOL","050309000077","DB",0,0,0,0,0,0,0,0,0,0,0,0,0,0,0,0,0,0,0,0,0,0,0,0,0,0,0,0,0,0,0,0,0,0,0
"AR","ARKANSAS","0500405","COSSATOT RIVER SCHOOL DISTRICT","01157","WICKES ELEMENTARY SCHOOL","050040501157","DB",0,0,0,0,0,0,0,0,0,0,0,0,0,0,0,0,0,0,0,0,0,0,0,0,0,0,0,0,0,0,0,0,0,0,0
"AR","ARKANSAS","0500074","LISA ACADEMY CHARTER","01107","LISA ACADEMY HIGH","050007401107","DB",0,0,0,0,0,0,0,0,0,0,0,0,0,0,0,0,0,0,0,0,0,0,0,0,0,0,0,0,0,0,0,0,0,0,0
"AR","ARKANSAS","0506330","FORT SMITH SCHOOL DISTRICT","00351","BALLMAN ELEMENTARY SCHOOL","050633000351","DB",0,0,0,0,0,0,0,0,0,0,0,0,0,0,0,0,0,0,0,0,0,0,0,0,0,0,0,0,0,0,0,0,0,0,0
"AR","ARKANSAS","0500076","OZARK MOUNTAIN SCHOOL DISTRICT","01643","ST. JOE K-12 SCHOOL","050007601643","DB",0,0,0,0,0,0,0,0,0,0,0,0,0,0,0,0,0,0,0,0,0,0,0,0,0,0,0,0,0,0,0,0,0,0,0
"AR","ARKANSAS","0500405","COSSATOT RIVER SCHOOL DISTRICT","01226","VAN COVE ELEMENTARY SCHOOL","050040501226","DB",0,0,0,0,0,0,0,0,0,0,0,0,0,0,0,0,0,0,0,0,0,0,0,0,0,0,0,0,0,0,0,0,0,0,0
"AR","ARKANSAS","0506330","FORT SMITH SCHOOL DISTRICT","01358","EUPER LANE ELEMENTARY SCHOOL","050633001358","DB",0,0,0,0,0,0,0,0,0,0,0,0,0,0,0,0,0,0,0,0,0,0,0,0,0,0,0,0,0,0,0,0,0,0,0
"AR","ARKANSAS","0511820","PRESCOTT SCHOOL DISTRICT","01660","PRESCOTT JUNIOR HIGH SCHOOL","051182001660","DB",0,0,0,0,0,0,0,0,0,0,0,0,0,0,0,0,0,0,0,0,0,0,0,0,0,0,0,0,0,0,0,0,0,0,0
"AR","ARKANSAS","0511820","PRESCOTT SCHOOL DISTRICT","00898","PRESCOTT ELEMENTARY SCHOOL","051182000898","DB",0,0,0,0,0,0,0,0,0,0,0,0,0,0,0,0,0,0,0,0,0,0,0,0,0,0,0,0,0,0,0,0,0,0,0
"AR","ARKANSAS","0506330","FORT SMITH SCHOOL DISTRICT","00360","WILLIAM O. DARBY JR. HIGH SCH.","050633000360","DB",0,0,0,0,0,0,0,0,0,0,0,0,0,0,0,0,0,0,0,0,0,0,0,0,0,0,0,0,0,0,0,0,0,0,0
"AR","ARKANSAS","0506330","FORT SMITH SCHOOL DISTRICT","00371","RAMSEY JUNIOR HIGH SCHOOL","050633000371","DB",0,0,0,0,0,0,0,0,0,0,0,0,0,0,0,0,0,0,0,0,0,0,0,0,0,0,0,0,0,0,0,0,0,0,0
"AR","ARKANSAS","0506330","FORT SMITH SCHOOL DISTRICT","00358","L. A. CHAFFIN JR. HIGH SCHOOL","050633000358","DB",0,0,0,0,0,0,0,0,0,0,0,0,0,0,0,0,0,0,0,0,0,0,0,0,0,0,0,0,0,0,0,0,0,0,0
"AR","ARKANSAS","0505760","ELKINS SCHOOL DISTRICT","00289","ELKINS ELEMENTARY SCHOOL","050576000289","DB",0,0,0,0,0,0,0,0,0,0,0,0,0,0,0,0,0,0,0,0,0,0,0,0,0,0,0,0,0,0,0,0,0,0,0
"AR","ARKANSAS","0500405","COSSATOT RIVER SCHOOL DISTRICT","01591","COSSATOT RIVER HIGH SCHOOL","050040501591","DB",0,0,0,0,0,0,0,0,0,0,0,0,0,0,0,0,0,0,0,0,0,0,0,0,0,0,0,0,0,0,0,0,0,0,0
"AR","ARKANSAS","0506330","FORT SMITH SCHOOL DISTRICT","00365","DORA KIMMONS JR. HIGH SCHOOL","050633000365","DB",0,0,0,0,0,0,0,0,0,0,0,0,0,0,0,0,0,0,0,0,0,0,0,0,0,0,0,0,0,0,0,0,0,0,0
"AR","ARKANSAS","0506330","FORT SMITH SCHOOL DISTRICT","00353","BEARD ELEMENTARY SCHOOL","050633000353","DB",0,0,0,0,0,0,0,0,0,0,0,0,0,0,0,0,0,0,0,0,0,0,0,0,0,0,0,0,0,0,0,0,0,0,0
"AR","ARKANSAS","0506330","FORT SMITH SCHOOL DISTRICT","00359","ELMER H. COOK ELEM. SCHOOL","050633000359","DB",0,0,0,0,0,0,0,0,0,0,0,0,0,0,0,0,0,0,0,0,0,0,0,0,0,0,0,0,0,0,0,0,0,0,0
"AR","ARKANSAS","0506330","FORT SMITH SCHOOL DISTRICT","00354","BELLE POINT ALTERNATIVE CENTER","050633000354","DB",0,0,0,0,0,0,0,0,0,0,0,0,0,0,0,0,0,0,0,0,0,0,0,0,0,0,0,0,0,0,0,0,0,0,0
"AR","ARKANSAS","0505760","ELKINS SCHOOL DISTRICT","00290","ELKINS HIGH SCHOOL","050576000290","DB",0,0,0,0,0,0,0,0,0,0,0,0,0,0,0,0,0,0,0,0,0,0,0,0,0,0,0,0,0,0,0,0,0,0,0
"AR","ARKANSAS","0506330","FORT SMITH SCHOOL DISTRICT","01251","TILLES ELEMENTARY SCHOOL","050633001251","DB",0,0,0,0,0,0,0,0,0,0,0,0,0,0,0,0,0,0,0,0,0,0,0,0,0,0,0,0,0,0,0,0,0,0,0
"AR","ARKANSAS","0500405","COSSATOT RIVER SCHOOL DISTRICT","01620","UMPIRE K-12 SCHOOL","050040501620","DB",0,0,0,0,0,0,0,0,0,0,0,0,0,0,0,0,0,0,0,0,0,0,0,0,0,0,0,0,0,0,0,0,0,0,0
"AR","ARKANSAS","0510560","NORFORK SCHOOL DISTRICT","00773","ARRIE GOFORTH ELEMENTARY SCHOOL","051056000773","DB",0,0,0,0,0,0,0,0,0,0,0,0,0,0,0,0,0,0,0,0,0,0,0,0,0,0,0,0,0,0,0,0,0,0,0
"AR","ARKANSAS","0500074","LISA ACADEMY CHARTER","01501","LISA ACADEMY NORTH HIGH CHARTER SCHOOL","050007401501","DB",0,0,0,0,0,0,0,0,0,0,0,0,0,0,0,0,0,0,0,0,0,0,0,0,0,0,0,0,0,0,0,0,0,0,0
"AR","ARKANSAS","0506330","FORT SMITH SCHOOL DISTRICT","00356","CARNALL ELEMENTARY SCHOOL","050633000356","DB",0,0,0,0,0,0,0,0,0,0,0,0,0,0,0,0,0,0,0,0,0,0,0,0,0,0,0,0,0,0,0,0,0,0,0
"AR","ARKANSAS","0505760","ELKINS SCHOOL DISTRICT","01051","ELKINS ELEM. PRIMARY SCHOOL","050576001051","DB",0,0,0,0,0,0,0,0,0,0,0,0,0,0,0,0,0,0,0,0,0,0,0,0,0,0,0,0,0,0,0,0,0,0,0
"AR","ARKANSAS","0506330","FORT SMITH SCHOOL DISTRICT","00377","TRUSTY ELEMENTARY SCHOOL","050633000377","DB",0,0,0,0,0,0,0,0,0,0,0,0,0,0,0,0,0,0,0,0,0,0,0,0,0,0,0,0,0,0,0,0,0,0,0
"AR","ARKANSAS","0500074","LISA ACADEMY CHARTER","01624","LISA ACADEMY CHENAL","050007401624","DB",0,0,0,0,0,0,0,0,0,0,0,0,0,0,0,0,0,0,0,0,0,0,0,0,0,0,0,0,0,0,0,0,0,0,0
"AR","ARKANSAS","0506330","FORT SMITH SCHOOL DISTRICT","00378","JOHN P. WOODS ELEM. SCHOOL","050633000378","DB",0,0,0,0,0,0,0,0,0,0,0,0,0,0,0,0,0,0,0,0,0,0,0,0,0,0,0,0,0,0,0,0,0,0,0
"AR","ARKANSAS","0500076","OZARK MOUNTAIN SCHOOL DISTRICT","01646","WESTERN GROVE K-12 SCHOOL","050007601646","DB",0,0,0,0,0,0,0,0,0,0,0,0,0,0,0,0,0,0,0,0,0,0,0,0,0,0,0,0,0,0,0,0,0,0,0
"AR","ARKANSAS","0506840","GRAVETTE SCHOOL DISTRICT","00406","GRAVETTE UPPER ELEMENTARY","050684000406","DB",0,0,0,0,0,0,0,0,0,0,0,0,0,0,0,0,0,0,0,0,0,0,0,0,0,0,0,0,0,0,0,0,0,0,0
"AR","ARKANSAS","0511820","PRESCOTT SCHOOL DISTRICT","00899","PRESCOTT HIGH SCHOOL","051182000899","DB",0,0,0,0,0,0,0,0,0,0,0,0,0,0,0,0,0,0,0,0,0,0,0,0,0,0,0,0,0,0,0,0,0,0,0
"AR","ARKANSAS","0506330","FORT SMITH SCHOOL DISTRICT","00364","HOWARD ELEMENTARY SCHOOL","050633000364","DB",0,0,0,0,0,0,0,0,0,0,0,0,0,0,0,0,0,0,0,0,0,0,0,0,0,0,0,0,0,0,0,0,0,0,0
"AR","ARKANSAS","0506840","GRAVETTE SCHOOL DISTRICT","00413","GLENN DUFFY ELEMENTARY SCHOOL","050684000413","DB",0,0,0,0,0,0,0,0,0,0,0,0,0,0,0,0,0,0,0,0,0,0,0,0,0,0,0,0,0,0,0,0,0,0,0
"AR","ARKANSAS","0506840","GRAVETTE SCHOOL DISTRICT","00414","GRAVETTE HIGH SCHOOL","050684000414","DB",0,0,0,0,0,0,0,0,0,0,0,0,0,0,0,0,0,0,0,0,0,0,0,0,0,0,0,0,0,0,0,0,0,0,0
"AR","ARKANSAS","0506330","FORT SMITH SCHOOL DISTRICT","00352","BARLING ELEMENTARY SCHOOL","050633000352","DB",0,0,0,0,0,0,0,0,0,0,0,0,0,0,0,0,0,0,0,0,0,0,0,0,0,0,0,0,0,0,0,0,0,0,0
"AR","ARKANSAS","0500427","FRIENDSHIP ASPIRE ACADEMY SOUTHEAST PINE BLUFF","01707","FRIENDSHIP ASPIRE ACADEMY SOUTHEAST PINE BLUFF HIGH","050042701707","DB",0,0,0,0,0,0,0,0,0,0,0,0,0,0,0,0,0,0,0,0,0,0,0,0,0,0,0,0,0,0,0,0,0,0,0
"AR","ARKANSAS","0506330","FORT SMITH SCHOOL DISTRICT","00366","HARRY C. MORRISON ELEM. SCHOOL","050633000366","DB",0,0,0,0,0,0,0,0,0,0,0,0,0,0,0,0,0,0,0,0,0,0,0,0,0,0,0,0,0,0,0,0,0,0,0
"AR","ARKANSAS","0500076","OZARK MOUNTAIN SCHOOL DISTRICT","01645","BRUNO-PYATT K-12 SCHOOL","050007601645","DB",0,0,0,0,0,0,0,0,0,0,0,0,0,0,0,0,0,0,0,0,0,0,0,0,0,0,0,0,0,0,0,0,0,0,0
"AR","ARKANSAS","0506330","FORT SMITH SCHOOL DISTRICT","00355","BONNEVILLE ELEMENTARY SCHOOL","050633000355","DB",0,0,0,0,0,0,0,0,0,0,0,0,0,0,0,0,0,0,0,0,0,0,0,0,0,0,0,0,0,0,0,0,0,0,0
"AR","ARKANSAS","0506330","FORT SMITH SCHOOL DISTRICT","00357","CAVANAUGH ELEMENTARY SCHOOL","050633000357","DB",0,0,0,0,0,0,0,0,0,0,0,0,0,0,0,0,0,0,0,0,0,0,0,0,0,0,0,0,0,0,0,0,0,0,0
"AR","ARKANSAS","0506330","FORT SMITH SCHOOL DISTRICT","00374","SPRADLING ELEMENTARY SCHOOL","050633000374","DB",0,0,0,0,0,0,0,0,0,0,0,0,0,0,0,0,0,0,0,0,0,0,0,0,0,0,0,0,0,0,0,0,0,0,0
"AR","ARKANSAS","0506330","FORT SMITH SCHOOL DISTRICT","00368","RAYMOND F. ORR ELEM. SCHOOL","050633000368","DB",0,0,0,0,0,0,0,0,0,0,0,0,0,0,0,0,0,0,0,0,0,0,0,0,0,0,0,0,0,0,0,0,0,0,0
"AR","ARKANSAS","0506330","FORT SMITH SCHOOL DISTRICT","00376","SUTTON ELEMENTARY SCHOOL","050633000376","DB",0,0,0,0,0,0,0,0,0,0,0,0,0,0,0,0,0,0,0,0,0,0,0,0,0,0,0,0,0,0,0,0,0,0,0
"AR","ARKANSAS","0500074","LISA ACADEMY CHARTER","01030","LISA ACADEMY","050007401030","DB",0,0,0,0,0,0,0,0,0,0,0,0,0,0,0,0,0,0,0,0,0,0,0,0,0,0,0,0,0,0,0,0,0,0,0
"AR","ARKANSAS","0506330","FORT SMITH SCHOOL DISTRICT","00370","ALBERT PIKE ELEMENTARY SCHOOL","050633000370","DB",0,0,0,0,0,0,0,0,0,0,0,0,0,0,0,0,0,0,0,0,0,0,0,0,0,0,0,0,0,0,0,0,0,0,0
"AR","ARKANSAS","0505760","ELKINS SCHOOL DISTRICT","00303","ELKINS MIDDLE SCHOOL","050576000303","DB",0,0,0,0,0,0,0,0,0,0,0,0,0,0,0,0,0,0,0,0,0,0,0,0,0,0,0,0,0,0,0,0,0,0,0
"AR","ARKANSAS","0506330","FORT SMITH SCHOOL DISTRICT","00367","NORTHSIDE HIGH SCHOOL","050633000367","DB",0,0,0,0,0,0,0,0,0,0,0,0,0,0,0,0,0,0,0,0,0,0,0,0,0,0,0,0,0,0,0,0,0,0,0
"AR","ARKANSAS","0500074","LISA ACADEMY CHARTER","01485","LISA ACADEMY NORTH ELEMENTARY CHARTER SCHOOL","050007401485","DB",0,0,0,0,0,0,0,0,0,0,0,0,0,0,0,0,0,0,0,0,0,0,0,0,0,0,0,0,0,0,0,0,0,0,0
"AR","ARKANSAS","0500074","LISA ACADEMY CHARTER","01473","LISA ACADEMY NORTH MIDDLE CHARTER SCHOOL","050007401473","DB",0,0,0,0,0,0,0,0,0,0,0,0,0,0,0,0,0,0,0,0,0,0,0,0,0,0,0,0,0,0,0,0,0,0,0
"AR","ARKANSAS","0506840","GRAVETTE SCHOOL DISTRICT","01394","GRAVETTE MIDDLE SCHOOL","050684001394","DB",0,0,0,0,0,0,0,0,0,0,0,0,0,0,0,0,0,0,0,0,0,0,0,0,0,0,0,0,0,0,0,0,0,0,0
"AR","ARKANSAS","0510560","NORFORK SCHOOL DISTRICT","00774","NORFORK HIGH SCHOOL","051056000774","DB",0,0,0,0,0,0,0,0,0,0,0,0,0,0,0,0,0,0,0,0,0,0,0,0,0,0,0,0,0,0,0,0,0,0,0
"AR","ARKANSAS","0506330","FORT SMITH SCHOOL DISTRICT","00373","SOUTHSIDE HIGH SCHOOL","050633000373","DB",0,0,0,0,0,0,0,0,0,0,0,0,0,0,0,0,0,0,0,0,0,0,0,0,0,0,0,0,0,0,0,0,0,0,0
"AR","ARKANSAS","0506330","FORT SMITH SCHOOL DISTRICT","00375","SUNNYMEDE ELEMENTARY SCHOOL","050633000375","DB",0,0,0,0,0,0,0,0,0,0,0,0,0,0,0,0,0,0,0,0,0,0,0,0,0,0,0,0,0,0,0,0,0,0,0
"AR","ARKANSAS","0500074","LISA ACADEMY CHARTER","01672","LISA ACADEMY SPRINGDALE","050007401672","DB",0,0,0,0,0,0,0,0,0,0,0,0,0,0,0,0,0,0,0,0,0,0,0,0,0,0,0,0,0,0,0,0,0,0,0
"AR","ARKANSAS","0506330","FORT SMITH SCHOOL DISTRICT","00363","FAIRVIEW ELEMENTARY SCHOOL","050633000363","DB",0,0,0,0,0,0,0,0,0,0,0,0,0,0,0,0,0,0,0,0,0,0,0,0,0,0,0,0,0,0,0,0,0,0,0
"AR","ARKANSAS","0507170","HACKETT SCHOOL DISTRICT","00435","HACKETT HIGH SCHOOL","050717000435","DB",0,0,0,0,0,0,0,0,0,0,0,0,0,0,0,0,0,0,0,0,0,0,0,0,0,0,0,0,0,0,0,0,0,0,0
"AR","ARKANSAS","0509330","MANSFIELD SCHOOL DISTRICT","01036","MANSFIELD HIGH SCHOOL","050933001036","DB",0,0,0,0,0,0,0,0,0,0,0,0,0,0,0,0,0,0,0,0,0,0,0,0,0,0,0,0,0,0,0,0,0,0,0
"AR","ARKANSAS","0500071","HILLCREST SCHOOL DISTRICT","01010","HILLCREST HIGH SCHOOL","050007101010","DB",0,0,0,0,0,0,0,0,0,0,0,0,0,0,0,0,0,0,0,0,0,0,0,0,0,0,0,0,0,0,0,0,0,0,0
"AR","ARKANSAS","0510440","NETTLETON SCHOOL DISTRICT","01514","NETTLETON STEAM SCHOOL","051044001514","DB",0,0,0,0,0,0,0,0,0,0,0,0,0,0,0,0,0,0,0,0,0,0,0,0,0,0,0,0,0,0,0,0,0,0,0
"AR","ARKANSAS","0509330","MANSFIELD SCHOOL DISTRICT","00671","MANSFIELD MIDDLE SCHOOL","050933000671","DB",0,0,0,0,0,0,0,0,0,0,0,0,0,0,0,0,0,0,0,0,0,0,0,0,0,0,0,0,0,0,0,0,0,0,0
"AR","ARKANSAS","0500421","SCHOLARMADE ACHIEVEMENT PLACE","01669","NICHOLS INTERMEDIATE ACADEMY","050042101669","DB",0,0,0,0,0,0,0,0,0,0,0,0,0,0,0,0,0,0,0,0,0,0,0,0,0,0,0,0,0,0,0,0,0,0,0
"AR","ARKANSAS","0511070","PANGBURN SCHOOL DISTRICT","00835","PANGBURN HIGH SCHOOL","051107000835","DB",0,0,0,0,0,0,0,0,0,0,0,0,0,0,0,0,0,0,0,0,0,0,0,0,0,0,0,0,0,0,0,0,0,0,0
"AR","ARKANSAS","0510440","NETTLETON SCHOOL DISTRICT","00060","UNIVERSITY HEIGHTS INTERMEDIATE CENTER","051044000060","DB",0,0,0,0,0,0,0,0,0,0,0,0,0,0,0,0,0,0,0,0,0,0,0,0,0,0,0,0,0,0,0,0,0,0,0
"AR","ARKANSAS","0510440","NETTLETON SCHOOL DISTRICT","00764","UNIVERSITY HGTS. ELEM. SCHOOL","051044000764","DB",0,0,0,0,0,0,0,0,0,0,0,0,0,0,0,0,0,0,0,0,0,0,0,0,0,0,0,0,0,0,0,0,0,0,0
"AR","ARKANSAS","0500406","PINE BLUFF LIGHTHOUSE ACADEMY","01541","PINE BLUFF LIGHTHOUSE ACADEMY","050040601541","DB",0,0,0,0,0,0,0,0,0,0,0,0,0,0,0,0,0,0,0,0,0,0,0,0,0,0,0,0,0,0,0,0,0,0,0
"AR","ARKANSAS","0500421","SCHOLARMADE ACHIEVEMENT PLACE","01712","PRODIGY PREPARATORY ACADEMY OF SERVICE","050042101712","DB",0,0,0,0,0,0,0,0,0,0,0,0,0,0,0,0,0,0,0,0,0,0,0,0,0,0,0,0,0,0,0,0,0,0,0
"AR","ARKANSAS","0500406","PINE BLUFF LIGHTHOUSE ACADEMY","01551","PINE BLUFF LIGHTHOUSE COLLEGE PREP ACADEMY HIGH SCHOOL","050040601551","DB",0,0,0,0,0,0,0,0,0,0,0,0,0,0,0,0,0,0,0,0,0,0,0,0,0,0,0,0,0,0,0,0,0,0,0
"AR","ARKANSAS","0510260","MOUNTAINBURG SCHOOL DISTRICT","00750","MOUNTAINBURG ELEMENTARY SCHOOL","051026000750","DB",0,0,0,0,0,0,0,0,0,0,0,0,0,0,0,0,0,0,0,0,0,0,0,0,0,0,0,0,0,0,0,0,0,0,0
"AR","ARKANSAS","0510440","NETTLETON SCHOOL DISTRICT","00889","FOX MEADOW INTERMEDIATE CENTER","051044000889","DB",0,0,0,0,0,0,0,0,0,0,0,0,0,0,0,0,0,0,0,0,0,0,0,0,0,0,0,0,0,0,0,0,0,0,0
"AR","ARKANSAS","0505170","DERMOTT SCHOOL DISTRICT","00238","DERMOTT ELEMENTARY SCHOOL","050517000238","DB",0,0,0,0,0,0,0,0,0,0,0,0,0,0,0,0,0,0,0,0,0,0,0,0,0,0,0,0,0,0,0,0,0,0,0
"AR","ARKANSAS","0511070","PANGBURN SCHOOL DISTRICT","00834","PANGBURN ELEMENTARY SCHOOL","051107000834","DB",0,0,0,0,0,0,0,0,0,0,0,0,0,0,0,0,0,0,0,0,0,0,0,0,0,0,0,0,0,0,0,0,0,0,0
"AR","ARKANSAS","0505170","DERMOTT SCHOOL DISTRICT","00239","DERMOTT HIGH SCHOOL","050517000239","DB",0,0,0,0,0,0,0,0,0,0,0,0,0,0,0,0,0,0,0,0,0,0,0,0,0,0,0,0,0,0,0,0,0,0,0
"AR","ARKANSAS","0509330","MANSFIELD SCHOOL DISTRICT","00670","MANSFIELD ELEMENTARY SCHOOL","050933000670","DB",0,0,0,0,0,0,0,0,0,0,0,0,0,0,0,0,0,0,0,0,0,0,0,0,0,0,0,0,0,0,0,0,0,0,0
"AR","ARKANSAS","0510440","NETTLETON SCHOOL DISTRICT","00875","NETTLETON JUNIOR HIGH SCHOOL","051044000875","DB",0,0,0,0,0,0,0,0,0,0,0,0,0,0,0,0,0,0,0,0,0,0,0,0,0,0,0,0,0,0,0,0,0,0,0
"AR","ARKANSAS","0510260","MOUNTAINBURG SCHOOL DISTRICT","00751","MOUNTAINBURG HIGH SCHOOL","051026000751","DB",0,0,0,0,0,0,0,0,0,0,0,0,0,0,0,0,0,0,0,0,0,0,0,0,0,0,0,0,0,0,0,0,0,0,0
"AR","ARKANSAS","0510260","MOUNTAINBURG SCHOOL DISTRICT","01698","MOUNTAINBURG MIDDLE SCHOOL BRAIN ACADEMY","051026001698","DB",0,0,0,0,0,0,0,0,0,0,0,0,0,0,0,0,0,0,0,0,0,0,0,0,0,0,0,0,0,0,0,0,0,0,0
"AR","ARKANSAS","0500071","HILLCREST SCHOOL DISTRICT","00647","HILLCREST ELEMENTARY SCHOOL","050007100647","DB",0,0,0,0,0,0,0,0,0,0,0,0,0,0,0,0,0,0,0,0,0,0,0,0,0,0,0,0,0,0,0,0,0,0,0
"AR","ARKANSAS","0500421","SCHOLARMADE ACHIEVEMENT PLACE","01656","IVY PRIMARY ACADEMY","050042101656","DB",0,0,0,0,0,0,0,0,0,0,0,0,0,0,0,0,0,0,0,0,0,0,0,0,0,0,0,0,0,0,0,0,0,0,0
"AR","ARKANSAS","0507170","HACKETT SCHOOL DISTRICT","00436","HACKETT ELEMENTARY SCHOOL","050717000436","DB",0,0,0,0,0,0,0,0,0,0,0,0,0,0,0,0,0,0,0,0,0,0,0,0,0,0,0,0,0,0,0,0,0,0,0
"AR","ARKANSAS","0510440","NETTLETON SCHOOL DISTRICT","00762","NETTLETON HIGH SCHOOL","051044000762","DB",0,0,0,0,0,0,0,0,0,0,0,0,0,0,0,0,0,0,0,0,0,0,0,0,0,0,0,0,0,0,0,0,0,0,0
"AR","ARKANSAS","0510440","NETTLETON SCHOOL DISTRICT","00761","FOX MEADOW ELEMENTARY","051044000761","DB",0,0,0,0,0,0,0,0,0,0,0,0,0,0,0,0,0,0,0,0,0,0,0,0,0,0,0,0,0,0,0,0,0,0,0
"AR","ARKANSAS","0509360","LEE COUNTY SCHOOL DISTRICT","01554","ANNA STRONG INTERMEDIATE SCHOOL","050936001554","DB",0,0,0,0,0,0,0,0,0,0,0,0,0,0,0,0,0,0,0,0,0,0,0,0,0,0,0,0,0,0,0,0,0,0,0
"AR","ARKANSAS","0500042","HAMBURG SCHOOL DISTRICT","01282","PORTLAND ELEMENTARY SCHOOL","050004201282","DB",0,0,0,0,0,0,0,0,0,0,0,0,0,0,0,0,0,0,0,0,0,0,0,0,0,0,0,0,0,0,0,0,0,0,0
"AR","ARKANSAS","0513680","WALDRON SCHOOL DISTRICT","01121","WALDRON MIDDLE SCHOOL","051368001121","DB",0,0,0,0,0,0,0,0,0,0,0,0,0,0,0,0,0,0,0,0,0,0,0,0,0,0,0,0,0,0,0,0,0,0,0
"AR","ARKANSAS","0513680","WALDRON SCHOOL DISTRICT","01122","WALDRON HIGH SCHOOL","051368001122","DB",0,0,0,0,0,0,0,0,0,0,0,0,0,0,0,0,0,0,0,0,0,0,0,0,0,0,0,0,0,0,0,0,0,0,0
"AR","ARKANSAS","0504080","CEDARVILLE SCHOOL DISTRICT","00149","CEDARVILLE ELEMENTARY SCHOOL","050408000149","DB",0,0,0,0,0,0,0,0,0,0,0,0,0,0,0,0,0,0,0,0,0,0,0,0,0,0,0,0,0,0,0,0,0,0,0
"AR","ARKANSAS","0500042","HAMBURG SCHOOL DISTRICT","01280","HAMBURG MIDDLE SCHOOL","050004201280","DB",0,0,0,0,0,0,0,0,0,0,0,0,0,0,0,0,0,0,0,0,0,0,0,0,0,0,0,0,0,0,0,0,0,0,0
"AR","ARKANSAS","0504080","CEDARVILLE SCHOOL DISTRICT","00332","CEDARVILLE MIDDLE SCHOOL","050408000332","DB",0,0,0,0,0,0,0,0,0,0,0,0,0,0,0,0,0,0,0,0,0,0,0,0,0,0,0,0,0,0,0,0,0,0,0
"AR","ARKANSAS","0500042","HAMBURG SCHOOL DISTRICT","01675","ALLBRITTON ELEMENTARY SCHOOL","050004201675","DB",0,0,0,0,0,0,0,0,0,0,0,0,0,0,0,0,0,0,0,0,0,0,0,0,0,0,0,0,0,0,0,0,0,0,0
"AR","ARKANSAS","0505190","DES ARC SCHOOL DISTRICT","00240","DES ARC HIGH SCHOOL","050519000240","DB",0,0,0,0,0,0,0,0,0,0,0,0,0,0,0,0,0,0,0,0,0,0,0,0,0,0,0,0,0,0,0,0,0,0,0
"AR","ARKANSAS","0500408","RESPONSIVE ED SOLUTIONS PREMIER HIGH SCHOOL OF LITTLE ROCK","01579","PREMIER HIGH SCHOOL OF LITTLE ROCK","050040801579","DB",0,0,0,0,0,0,0,0,0,0,0,0,0,0,0,0,0,0,0,0,0,0,0,0,0,0,0,0,0,0,0,0,0,0,0
"AR","ARKANSAS","0500023","NEWPORT SCHOOL DISTRICT","01517","NEWPORT ELEMENTARY SCHOOL","050002301517","DB",0,0,0,0,0,0,0,0,0,0,0,0,0,0,0,0,0,0,0,0,0,0,0,0,0,0,0,0,0,0,0,0,0,0,0
"AR","ARKANSAS","0500042","HAMBURG SCHOOL DISTRICT","01281","HAMBURG HIGH SCHOOL","050004201281","DB",0,0,0,0,0,0,0,0,0,0,0,0,0,0,0,0,0,0,0,0,0,0,0,0,0,0,0,0,0,0,0,0,0,0,0
"AR","ARKANSAS","0505190","DES ARC SCHOOL DISTRICT","00241","DES ARC ELEMENTARY SCHOOL","050519000241","DB",0,0,0,0,0,0,0,0,0,0,0,0,0,0,0,0,0,0,0,0,0,0,0,0,0,0,0,0,0,0,0,0,0,0,0
"AR","ARKANSAS","0509360","LEE COUNTY SCHOOL DISTRICT","00675","LEE HIGH SCHOOL","050936000675","DB",0,0,0,0,0,0,0,0,0,0,0,0,0,0,0,0,0,0,0,0,0,0,0,0,0,0,0,0,0,0,0,0,0,0,0
"AR","ARKANSAS","0504080","CEDARVILLE SCHOOL DISTRICT","00150","CEDARVILLE HIGH SCHOOL","050408000150","DB",0,0,0,0,0,0,0,0,0,0,0,0,0,0,0,0,0,0,0,0,0,0,0,0,0,0,0,0,0,0,0,0,0,0,0
"AR","ARKANSAS","0500023","NEWPORT SCHOOL DISTRICT","00772","NEWPORT HIGH SCHOOL","050002300772","DB",0,0,0,0,0,0,0,0,0,0,0,0,0,0,0,0,0,0,0,0,0,0,0,0,0,0,0,0,0,0,0,0,0,0,0
"AR","ARKANSAS","0500042","HAMBURG SCHOOL DISTRICT","01540","NOBLE/ALLBRITTON ELEMENTARY SCHOOL","050004201540","DB",0,0,0,0,0,0,0,0,0,0,0,0,0,0,0,0,0,0,0,0,0,0,0,0,0,0,0,0,0,0,0,0,0,0,0
"AR","ARKANSAS","0513680","WALDRON SCHOOL DISTRICT","01120","WALDRON ELEMENTARY SCHOOL","051368001120","DB",0,0,0,0,0,0,0,0,0,0,0,0,0,0,0,0,0,0,0,0,0,0,0,0,0,0,0,0,0,0,0,0,0,0,0
"AR","ARKANSAS","0503240","BISMARCK SCHOOL DISTRICT","00085","BISMARCK ELEMENTARY SCHOOL","050324000085","DB",0,0,0,0,0,0,0,0,0,0,0,0,0,0,0,0,0,0,0,0,0,0,0,0,0,0,0,0,0,0,0,0,0,0,0
"AR","ARKANSAS","0507290","HARMONY GROVE SCHOOL DISTRICT","00443","HARMONY GROVE HIGH SCHOOL","050729000443","DB",0,0,0,0,0,0,0,0,0,0,0,0,0,0,0,0,0,0,0,0,0,0,0,0,0,0,0,0,0,0,0,0,0,0,0
"AR","ARKANSAS","0504050","CAVE CITY SCHOOL DISTRICT","00148","CAVE CITY HIGH CAREER & COLLEGIATE PREPARATORY SCHOOL","050405000148","DB",0,0,0,0,0,0,0,0,0,0,0,0,0,0,0,0,0,0,0,0,0,0,0,0,0,0,0,0,0,0,0,0,0,0,0
"AR","ARKANSAS","0512660","SPRINGDALE SCHOOL DISTRICT","01127","HUNT ELEMENTARY SCHOOL","051266001127","DB",0,0,0,0,0,0,0,0,0,0,0,0,0,0,0,0,0,0,0,0,0,0,0,0,0,0,0,0,0,0,0,0,0,0,0
"AR","ARKANSAS","0512660","SPRINGDALE SCHOOL DISTRICT","01077","GEORGE JUNIOR HIGH SCHOOL","051266001077","DB",0,0,0,0,0,0,0,0,0,0,0,0,0,0,0,0,0,0,0,0,0,0,0,0,0,0,0,0,0,0,0,0,0,0,0
"AR","ARKANSAS","0512660","SPRINGDALE SCHOOL DISTRICT","01452","MONITOR ELEMENTARY","051266001452","DB",0,0,0,0,0,0,0,0,0,0,0,0,0,0,0,0,0,0,0,0,0,0,0,0,0,0,0,0,0,0,0,0,0,0,0
"AR","ARKANSAS","0512660","SPRINGDALE SCHOOL DISTRICT","01532","SONORA ELEMENTARY SCHOOL","051266001532","DB",0,0,0,0,0,0,0,0,0,0,0,0,0,0,0,0,0,0,0,0,0,0,0,0,0,0,0,0,0,0,0,0,0,0,0
"AR","ARKANSAS","0504050","CAVE CITY SCHOOL DISTRICT","00147","CAVE CITY ELEMENTARY SCHOOL","050405000147","DB",0,0,0,0,0,0,0,0,0,0,0,0,0,0,0,0,0,0,0,0,0,0,0,0,0,0,0,0,0,0,0,0,0,0,0
"AR","ARKANSAS","0500012","RIVERSIDE SCHOOL DISTRICT","01285","RIVERSIDE EAST ELEM. SCHOOL","050001201285","DB",0,0,0,0,0,0,0,0,0,0,0,0,0,0,0,0,0,0,0,0,0,0,0,0,0,0,0,0,0,0,0,0,0,0,0
"AR","ARKANSAS","0510980","OUACHITA SCHOOL DISTRICT","00828","OUACHITA HIGH SCHOOL","051098000828","DB",0,0,0,0,0,0,0,0,0,0,0,0,0,0,0,0,0,0,0,0,0,0,0,0,0,0,0,0,0,0,0,0,0,0,0
"AR","ARKANSAS","0505500","DUMAS SCHOOL DISTRICT","01481","REED ELEMENTARY SCHOOL","050550001481","DB",0,0,0,0,0,0,0,0,0,0,0,0,0,0,0,0,0,0,0,0,0,0,0,0,0,0,0,0,0,0,0,0,0,0,0
"AR","ARKANSAS","0502580","ASHDOWN SCHOOL DISTRICT","01708","ASHDOWN ELEMENTARY SCHOOL","050258001708","DB",0,0,0,0,0,0,0,0,0,0,0,0,0,0,0,0,0,0,0,0,0,0,0,0,0,0,0,0,0,0,0,0,0,0,0
"AR","ARKANSAS","0504050","CAVE CITY SCHOOL DISTRICT","01457","CAVE CITY MIDDLE SCHOOL","050405001457","DB",0,0,0,0,0,0,0,0,0,0,0,0,0,0,0,0,0,0,0,0,0,0,0,0,0,0,0,0,0,0,0,0,0,0,0
"AR","ARKANSAS","0505500","DUMAS SCHOOL DISTRICT","00261","DUMAS JUNIOR HIGH SCHOOL","050550000261","DB",0,0,0,0,0,0,0,0,0,0,0,0,0,0,0,0,0,0,0,0,0,0,0,0,0,0,0,0,0,0,0,0,0,0,0
"AR","ARKANSAS","0505500","DUMAS SCHOOL DISTRICT","00260","CENTRAL ELEMENTARY SCHOOL","050550000260","DB",0,0,0,0,0,0,0,0,0,0,0,0,0,0,0,0,0,0,0,0,0,0,0,0,0,0,0,0,0,0,0,0,0,0,0
"AR","ARKANSAS","0512660","SPRINGDALE SCHOOL DISTRICT","01027","JOHN TYSON ELEMENTARY SCHOOL","051266001027","DB",0,0,0,0,0,0,0,0,0,0,0,0,0,0,0,0,0,0,0,0,0,0,0,0,0,0,0,0,0,0,0,0,0,0,0
"AR","ARKANSAS","0512660","SPRINGDALE SCHOOL DISTRICT","01024","SOUTHWEST JUNIOR HIGH SCHOOL","051266001024","DB",0,0,0,0,0,0,0,0,0,0,0,0,0,0,0,0,0,0,0,0,0,0,0,0,0,0,0,0,0,0,0,0,0,0,0
"AR","ARKANSAS","0512660","SPRINGDALE SCHOOL DISTRICT","01021","ELMDALE ELEMENTARY SCHOOL","051266001021","DB",0,0,0,0,0,0,0,0,0,0,0,0,0,0,0,0,0,0,0,0,0,0,0,0,0,0,0,0,0,0,0,0,0,0,0
"AR","ARKANSAS","0512660","SPRINGDALE SCHOOL DISTRICT","00059","GEORGE ELEMENTARY SCHOOL","051266000059","DB",0,0,0,0,0,0,0,0,0,0,0,0,0,0,0,0,0,0,0,0,0,0,0,0,0,0,0,0,0,0,0,0,0,0,0
"AR","ARKANSAS","0512660","SPRINGDALE SCHOOL DISTRICT","01053","BAYYARI ELEMENTARY SCHOOL","051266001053","DB",0,0,0,0,0,0,0,0,0,0,0,0,0,0,0,0,0,0,0,0,0,0,0,0,0,0,0,0,0,0,0,0,0,0,0
"AR","ARKANSAS","0512660","SPRINGDALE SCHOOL DISTRICT","01022","JONES ELEMENTARY SCHOOL","051266001022","DB",0,0,0,0,0,0,0,0,0,0,0,0,0,0,0,0,0,0,0,0,0,0,0,0,0,0,0,0,0,0,0,0,0,0,0
"AR","ARKANSAS","0500012","RIVERSIDE SCHOOL DISTRICT","01287","RIVERSIDE WEST ELEM. SCHOOL","050001201287","DB",0,0,0,0,0,0,0,0,0,0,0,0,0,0,0,0,0,0,0,0,0,0,0,0,0,0,0,0,0,0,0,0,0,0,0
"AR","ARKANSAS","0512660","SPRINGDALE SCHOOL DISTRICT","01259","PARSON  HILLS ELEM. SCHOOL","051266001259","DB",0,0,0,0,0,0,0,0,0,0,0,0,0,0,0,0,0,0,0,0,0,0,0,0,0,0,0,0,0,0,0,0,0,0,0
"AR","ARKANSAS","0512660","SPRINGDALE SCHOOL DISTRICT","01260","THURMAN G. SMITH ELEM. SCHOOL","051266001260","DB",0,0,0,0,0,0,0,0,0,0,0,0,0,0,0,0,0,0,0,0,0,0,0,0,0,0,0,0,0,0,0,0,0,0,0
"AR","ARKANSAS","0512660","SPRINGDALE SCHOOL DISTRICT","01114","HELLSTERN MIDDLE SCHOOL","051266001114","DB",0,0,0,0,0,0,0,0,0,0,0,0,0,0,0,0,0,0,0,0,0,0,0,0,0,0,0,0,0,0,0,0,0,0,0
"AR","ARKANSAS","0512660","SPRINGDALE SCHOOL DISTRICT","01565","SONORA MIDDLE SCHOOL","051266001565","DB",0,0,0,0,0,0,0,0,0,0,0,0,0,0,0,0,0,0,0,0,0,0,0,0,0,0,0,0,0,0,0,0,0,0,0
"AR","ARKANSAS","0512660","SPRINGDALE SCHOOL DISTRICT","01025","SPRINGDALE HIGH SCHOOL","051266001025","DB",0,0,0,0,0,0,0,0,0,0,0,0,1,0,1,0,0,0,1,0,0,0,0,0,0,0,0,0,0,0,1,0,0,0,0
"AR","ARKANSAS","0503240","BISMARCK SCHOOL DISTRICT","00086","BISMARCK HIGH SCHOOL","050324000086","DB",0,0,0,0,0,0,0,0,0,0,0,0,0,0,0,0,0,0,0,0,0,0,0,0,0,0,0,0,0,0,0,0,0,0,0
"AR","ARKANSAS","0512660","SPRINGDALE SCHOOL DISTRICT","01453","WILLIS SHAW ELEMENTARY SCH","051266001453","DB",0,0,0,0,0,0,0,0,0,0,0,0,0,0,0,0,0,0,0,0,0,0,0,0,0,0,0,0,0,0,0,0,0,0,0
"AR","ARKANSAS","0512660","SPRINGDALE SCHOOL DISTRICT","01633","SPRINGDALE SCHOOL OF INNOVATIONS","051266001633","DB",0,0,0,0,0,0,0,0,0,0,0,0,0,0,0,0,0,0,0,0,0,0,0,0,0,0,0,0,0,0,0,0,0,0,0
"AR","ARKANSAS","0512660","SPRINGDALE SCHOOL DISTRICT","00237","HELEN TYSON MIDDLE SCHOOL","051266000237","DB",0,0,0,0,0,0,0,0,0,0,0,0,0,0,0,0,0,0,0,0,0,0,0,0,0,0,0,0,0,0,0,0,0,0,0
"AR","ARKANSAS","0500012","RIVERSIDE SCHOOL DISTRICT","01538","RIVERSIDE HIGH SCHOOL","050001201538","DB",0,0,0,0,0,0,0,0,0,0,0,0,0,0,0,0,0,0,0,0,0,0,0,0,0,0,0,0,0,0,0,0,0,0,0
"AR","ARKANSAS","0512660","SPRINGDALE SCHOOL DISTRICT","00669","HARP ELEMENTARY SCHOOL","051266000669","DB",0,0,0,0,0,0,0,0,0,0,0,0,0,0,0,0,0,0,0,0,0,0,0,0,0,0,0,0,0,0,0,0,0,0,0
"AR","ARKANSAS","0509720","MELBOURNE SCHOOL DISTRICT","00710","MELBOURNE ELEMENTARY SCHOOL","050972000710","DB",0,0,0,0,0,0,0,0,0,0,0,0,0,0,0,0,0,0,0,0,0,0,0,0,0,0,0,0,0,0,0,0,0,0,0
"AR","ARKANSAS","0512660","SPRINGDALE SCHOOL DISTRICT","01023","ROBERT E. LEE ELEM. SCHOOL","051266001023","DB",0,0,0,0,0,0,0,0,0,0,0,0,0,0,0,0,0,0,0,0,0,0,0,0,0,0,0,0,0,0,0,0,0,0,0
"AR","ARKANSAS","0512660","SPRINGDALE SCHOOL DISTRICT","01396","WALKER ELEMENTARY SCHOOL","051266001396","DB",0,0,0,0,0,0,0,0,0,0,0,0,0,0,0,0,0,0,0,0,0,0,0,0,0,0,0,0,0,0,0,0,0,0,0
"AR","ARKANSAS","0507290","HARMONY GROVE SCHOOL DISTRICT","00442","HARMONY GROVE ELEM. SCHOOL","050729000442","DB",0,0,0,0,0,0,0,0,0,0,0,0,0,0,0,0,0,0,0,0,0,0,0,0,0,0,0,0,0,0,0,0,0,0,0
"AR","ARKANSAS","0510080","MT. VERNON/ENOLA SCHOOL DIST.","00738","MT. VERNON/ENOLA ELEM. SCHOOL","051008000738","DB",0,0,0,0,0,0,0,0,0,0,0,0,0,0,0,0,0,0,0,0,0,0,0,0,0,0,0,0,0,0,0,0,0,0,0
"AR","ARKANSAS","0512660","SPRINGDALE SCHOOL DISTRICT","01118","HAR-BER HIGH SCHOOL","051266001118","DB",0,0,0,0,0,0,0,0,0,0,0,0,0,0,0,0,0,0,0,0,0,0,0,0,0,0,0,0,0,0,0,0,0,0,0
"AR","ARKANSAS","0510080","MT. VERNON/ENOLA SCHOOL DIST.","00739","MT. VERNON/ENOLA HIGH SCHOOL","051008000739","DB",0,0,0,0,0,0,0,0,0,0,0,0,0,0,0,0,0,0,0,0,0,0,0,0,0,0,0,0,0,0,0,0,0,0,0
"AR","ARKANSAS","0512660","SPRINGDALE SCHOOL DISTRICT","00869","BERNICE YOUNG ELEMENTARY","051266000869","DB",0,0,0,0,0,0,0,0,0,0,0,0,0,0,0,0,0,0,0,0,0,0,0,0,0,0,0,0,0,0,0,0,0,0,0
"AR","ARKANSAS","0512660","SPRINGDALE SCHOOL DISTRICT","01020","CENTRAL JUNIOR HIGH SCHOOL","051266001020","DB",0,0,0,0,0,0,0,0,0,0,0,0,0,0,0,0,0,0,0,0,0,0,0,0,0,0,0,0,0,0,0,0,0,0,0
"AR","ARKANSAS","0503240","BISMARCK SCHOOL DISTRICT","00336","BISMARCK MIDDLE SCHOOL","050324000336","DB",0,0,0,0,0,0,0,0,0,0,0,0,0,0,0,0,0,0,0,0,0,0,0,0,0,0,0,0,0,0,0,0,0,0,0
"AR","ARKANSAS","0509720","MELBOURNE SCHOOL DISTRICT","00711","MELBOURNE HIGH SCHOOL","050972000711","DB",0,0,0,0,0,0,0,0,0,0,0,0,0,0,0,0,0,0,0,0,0,0,0,0,0,0,0,0,0,0,0,0,0,0,0
"AR","ARKANSAS","0512660","SPRINGDALE SCHOOL DISTRICT","01029","WESTWOOD ELEMENTARY SCHOOL","051266001029","DB",0,0,0,0,0,0,0,0,0,0,0,0,0,0,0,0,0,0,0,0,0,0,0,0,0,0,0,0,0,0,0,0,0,0,0
"AR","ARKANSAS","0507290","HARMONY GROVE SCHOOL DISTRICT","01709","SPARKMAN K-12 SCHOOL","050729001709","DB",0,0,0,0,0,0,0,0,0,0,0,0,0,0,0,0,0,0,0,0,0,0,0,0,0,0,0,0,0,0,0,0,0,0,0
"AR","ARKANSAS","0505500","DUMAS SCHOOL DISTRICT","00262","DUMAS HIGH SCHOOL","050550000262","DB",0,0,0,0,0,0,0,0,0,0,0,0,0,0,0,0,0,0,0,0,0,0,0,0,0,0,0,0,0,0,0,0,0,0,0
"AR","ARKANSAS","0502580","ASHDOWN SCHOOL DISTRICT","00031","ASHDOWN JUNIOR HIGH SCHOOL","050258000031","DB",0,0,0,0,0,0,0,0,0,0,0,0,0,0,0,0,0,0,0,0,0,0,0,0,0,0,0,0,0,0,0,0,0,0,0
"AR","ARKANSAS","0512660","SPRINGDALE SCHOOL DISTRICT","01562","LAKESIDE JUNIOR HIGH SCHOOL","051266001562","DB",0,0,0,0,0,0,0,0,0,0,0,0,0,0,0,0,0,0,0,0,0,0,0,0,0,0,0,0,0,0,0,0,0,0,0
"AR","ARKANSAS","0512660","SPRINGDALE SCHOOL DISTRICT","01161","TURNBOW ELEMENTARY SCHOOL","051266001161","DB",0,0,0,0,0,0,0,0,0,0,0,0,0,0,0,0,0,0,0,0,0,0,0,0,0,0,0,0,0,0,0,0,0,0,0
"AR","ARKANSAS","0510980","OUACHITA SCHOOL DISTRICT","00827","OUACHITA ELEMENTARY SCHOOL","051098000827","DB",0,0,0,0,0,0,0,0,0,0,0,0,0,0,0,0,0,0,0,0,0,0,0,0,0,0,0,0,0,0,0,0,0,0,0
"AR","ARKANSAS","0512660","SPRINGDALE SCHOOL DISTRICT","01622","LINDA CHILDERS KNAPP ELEMENTARY SCHOOL","051266001622","DB",0,0,0,0,0,0,0,0,0,0,0,0,0,0,0,0,0,0,0,0,0,0,0,0,0,0,0,0,0,0,0,0,0,0,0
"AR","ARKANSAS","0512660","SPRINGDALE SCHOOL DISTRICT","00233","J. O. KELLY MIDDLE SCHOOL","051266000233","DB",0,0,0,0,0,0,0,0,0,0,0,0,0,0,0,0,0,0,0,0,0,0,0,0,0,0,0,0,0,0,0,0,0,0,0
"AR","ARKANSAS","0502580","ASHDOWN SCHOOL DISTRICT","00028","ASHDOWN HIGH SCHOOL","050258000028","DB",0,0,0,0,0,0,0,0,0,0,0,0,0,0,0,0,0,0,0,0,0,0,0,0,0,0,0,0,0,0,0,0,0,0,0
"AR","ARKANSAS","0514430","WYNNE SCHOOL DISTRICT","01176","WYNNE HIGH SCHOOL","051443001176","DB",0,0,0,0,0,0,0,0,0,0,0,0,0,0,0,0,0,0,0,0,0,0,0,0,0,0,0,0,0,0,0,0,0,0,0
"AR","ARKANSAS","0508040","WEST MEMPHIS SCHOOL DISTRICT","01659","JACKSON/WONDER ELEMENTARY SCHOOL","050804001659","DB",0,0,0,0,0,0,0,0,0,0,0,0,0,0,0,0,0,0,0,0,0,0,0,0,0,0,0,0,0,0,0,0,0,0,0
"AR","ARKANSAS","0508040","WEST MEMPHIS SCHOOL DISTRICT","00529","WEST JUNIOR HIGH SCHOOL","050804000529","DB",0,0,0,0,0,0,0,0,0,0,0,0,0,0,0,0,0,0,0,0,0,0,0,0,0,0,0,0,0,0,0,0,0,0,0
"AR","ARKANSAS","0508040","WEST MEMPHIS SCHOOL DISTRICT","00525","MADDUX ELEMENTARY SCHOOL","050804000525","DB",0,0,0,0,0,0,0,0,0,0,0,0,0,0,0,0,0,0,0,0,0,0,0,0,0,0,0,0,0,0,0,0,0,0,0
"AR","ARKANSAS","0508040","WEST MEMPHIS SCHOOL DISTRICT","00527","WEAVER ELEMENTARY SCHOOL","050804000527","DB",0,0,0,0,0,0,0,0,0,0,0,0,0,0,0,0,0,0,0,0,0,0,0,0,0,0,0,0,0,0,0,0,0,0,0
"AR","ARKANSAS","0514430","WYNNE SCHOOL DISTRICT","01175","WYNNE PRIMARY SCHOOL","051443001175","DB",0,0,0,0,0,0,0,0,0,0,0,0,0,0,0,0,0,0,0,0,0,0,0,0,0,0,0,0,0,0,0,0,0,0,0
"AR","ARKANSAS","0508040","WEST MEMPHIS SCHOOL DISTRICT","00521","BRAGG ELEMENTARY SCHOOL","050804000521","DB",0,0,0,0,0,0,0,0,0,0,0,0,0,0,0,0,0,0,0,0,0,0,0,0,0,0,0,0,0,0,0,0,0,0,0
"AR","ARKANSAS","0503150","BERRYVILLE SCHOOL DISTRICT","00080","BERRYVILLE HIGH SCHOOL","050315000080","DB",0,0,0,0,0,0,0,0,0,0,0,0,0,0,0,0,0,0,0,0,0,0,0,0,0,0,0,0,0,0,0,0,0,0,0
"AR","ARKANSAS","0507990","HOXIE SCHOOL DISTRICT","00517","HOXIE ELEMENTARY SCHOOL","050799000517","DB",0,0,0,0,0,0,0,0,0,0,0,0,0,0,0,0,0,0,0,0,0,0,0,0,0,0,0,0,0,0,0,0,0,0,0
"AR","ARKANSAS","0508040","WEST MEMPHIS SCHOOL DISTRICT","00532","WONDER JUNIOR HIGH SCHOOL","050804000532","DB",0,0,0,0,0,0,0,0,0,0,0,0,0,0,0,0,0,0,0,0,0,0,0,0,0,0,0,0,0,0,0,0,0,0,0
"AR","ARKANSAS","0508040","WEST MEMPHIS SCHOOL DISTRICT","00526","RICHLAND ELEMENTARY SCHOOL","050804000526","DB",0,0,0,0,0,0,0,0,0,0,0,0,0,0,0,0,0,0,0,0,0,0,0,0,0,0,0,0,0,0,0,0,0,0,0
"AR","ARKANSAS","0503150","BERRYVILLE SCHOOL DISTRICT","01496","BERRYVILLE INTERMEDIATE SCH","050315001496","DB",0,0,0,0,0,0,0,0,0,0,0,0,0,0,0,0,0,0,0,0,0,0,0,0,0,0,0,0,0,0,0,0,0,0,0
"AR","ARKANSAS","0500015","SHERIDAN SCHOOL DISTRICT","00275","EAST END INTERMEDIATE SCHOOL","050001500275","DB",0,0,0,0,0,0,0,0,0,0,0,0,0,0,0,0,0,0,0,0,0,0,0,0,0,0,0,0,0,0,0,0,0,0,0
"AR","ARKANSAS","0500015","SHERIDAN SCHOOL DISTRICT","00995","EAST END ELEMENTARY SCHOOL","050001500995","DB",0,0,0,0,0,0,0,0,0,0,0,0,0,0,0,0,0,0,0,0,0,0,0,0,0,0,0,0,0,0,0,0,0,0,0
"AR","ARKANSAS","0500015","SHERIDAN SCHOOL DISTRICT","00097","SHERIDAN INTERMEDIATE SCHOOL","050001500097","DB",0,0,0,0,0,0,0,0,0,0,0,0,0,0,0,0,0,0,0,0,0,0,0,0,0,0,0,0,0,0,0,0,0,0,0
"AR","ARKANSAS","0500015","SHERIDAN SCHOOL DISTRICT","00996","SHERIDAN ELEMENTARY SCHOOL","050001500996","DB",0,0,0,0,0,0,0,0,0,0,0,0,0,0,0,0,0,0,0,0,0,0,0,0,0,0,0,0,0,0,0,0,0,0,0
"AR","ARKANSAS","0503150","BERRYVILLE SCHOOL DISTRICT","00411","BERRYVILLE MIDDLE SCHOOL","050315000411","DB",0,0,0,0,0,0,0,0,0,0,0,0,0,0,0,0,0,0,0,0,0,0,0,0,0,0,0,0,0,0,0,0,0,0,0
"AR","ARKANSAS","0500015","SHERIDAN SCHOOL DISTRICT","00997","SHERIDAN HIGH SCHOOL","050001500997","DB",0,0,0,0,0,0,0,0,0,0,0,0,0,0,0,0,0,0,0,0,0,0,0,0,0,0,0,0,0,0,0,0,0,0,0
"AR","ARKANSAS","0514430","WYNNE SCHOOL DISTRICT","01174","WYNNE JUNIOR HIGH SCHOOL","051443001174","DB",0,0,0,0,0,0,0,0,0,0,0,0,0,0,0,0,0,0,0,0,0,0,0,0,0,0,0,0,0,0,0,0,0,0,0
"AR","ARKANSAS","0500015","SHERIDAN SCHOOL DISTRICT","00998","SHERIDAN MIDDLE SCHOOL","050001500998","DB",0,0,0,0,0,0,0,0,0,0,0,0,0,0,0,0,0,0,0,0,0,0,0,0,0,0,0,0,0,0,0,0,0,0,0
"AR","ARKANSAS","0508040","WEST MEMPHIS SCHOOL DISTRICT","01594","THE ACADEMIES OF WEST MEMPHIS CHARTER SCHOOL","050804001594","DB",0,0,0,0,0,0,0,0,0,0,0,0,0,0,0,0,0,0,0,0,0,0,0,0,0,0,0,0,0,0,0,0,0,0,0
"AR","ARKANSAS","0514430","WYNNE SCHOOL DISTRICT","01173","WYNNE INTERMEDIATE SCHOOL","051443001173","DB",0,0,0,0,0,0,0,0,0,0,0,0,0,0,0,0,0,0,0,0,0,0,0,0,0,0,0,0,0,0,0,0,0,0,0
"AR","ARKANSAS","0500015","SHERIDAN SCHOOL DISTRICT","01677","EAST END MIDDLE SCHOOL","050001501677","DB",0,0,0,0,0,0,0,0,0,0,0,0,0,0,0,0,0,0,0,0,0,0,0,0,0,0,0,0,0,0,0,0,0,0,0
"AR","ARKANSAS","0508040","WEST MEMPHIS SCHOOL DISTRICT","00522","FAULK ELEMENTARY SCHOOL","050804000522","DB",0,0,0,0,0,0,0,0,0,0,0,0,0,0,0,0,0,0,0,0,0,0,0,0,0,0,0,0,0,0,0,0,0,0,0
"AR","ARKANSAS","0507990","HOXIE SCHOOL DISTRICT","00518","HOXIE HIGH SCHOOL","050799000518","DB",0,0,0,0,0,0,0,0,0,0,0,0,0,0,0,0,0,0,0,0,0,0,0,0,0,0,0,0,0,0,0,0,0,0,0
"AR","ARKANSAS","0508040","WEST MEMPHIS SCHOOL DISTRICT","00523","EAST JUNIOR HIGH SCHOOL","050804000523","DB",0,0,0,0,0,0,0,0,0,0,0,0,0,0,0,0,0,0,0,0,0,0,0,0,0,0,0,0,0,0,0,0,0,0,0
"AR","ARKANSAS","0503150","BERRYVILLE SCHOOL DISTRICT","00079","BERRYVILLE ELEMENTARY SCHOOL","050315000079","DB",0,0,0,0,0,0,0,0,0,0,0,0,0,0,0,0,0,0,0,0,0,0,0,0,0,0,0,0,0,0,0,0,0,0,0
"AR","ARKANSAS","0500390","ARKANSAS YOUTH SERVICES SCHOOL SYSTEM","01575","HARRISBURG JTC SCHOOL","050039001575","DB",0,0,0,0,0,0,0,0,0,0,0,0,0,0,0,0,0,0,0,0,0,0,0,0,0,0,0,0,0,0,0,0,0,0,0
"AR","ARKANSAS","0514010","WEST FORK SCHOOL DISTRICT","01143","WEST FORK ELEMENTARY SCHOOL","051401001143","DB",0,0,0,0,0,0,0,0,0,0,0,0,0,0,0,0,0,0,0,0,0,0,0,0,0,0,0,0,0,0,0,0,0,0,0
"AR","ARKANSAS","0513410","VAN BUREN SCHOOL DISTRICT","01369","JAMES R. TATE ELEM. SCHOOL","051341001369","DB",0,0,0,0,0,0,0,0,0,0,0,0,0,0,0,0,0,0,0,0,0,0,0,0,0,0,0,0,0,0,0,0,0,0,0
"AR","ARKANSAS","0511340","PERRYVILLE SCHOOL DISTRICT","00850","PERRYVILLE HIGH SCHOOL","051134000850","DB",0,0,0,0,0,0,0,0,0,0,0,0,0,0,0,0,0,0,0,0,0,0,0,0,0,0,0,0,0,0,0,0,0,0,0
"AR","ARKANSAS","0500390","ARKANSAS YOUTH SERVICES SCHOOL SYSTEM","01561","ARK CONSOLIDATED HIGH SCHOOL","050039001561","DB",0,0,0,0,0,0,0,0,0,0,0,0,0,0,0,0,0,0,0,0,0,0,0,0,0,0,0,0,0,0,0,0,0,0,0
"AR","ARKANSAS","0500021","IZARD CO. CONS. SCHOOL DIST.","01300","IZARD CO. CONS. HIGH SCHOOL","050002101300","DB",0,0,0,0,0,0,0,0,0,0,0,0,0,0,0,0,0,0,0,0,0,0,0,0,0,0,0,0,0,0,0,0,0,0,0
"AR","ARKANSAS","0514010","WEST FORK SCHOOL DISTRICT","01144","WEST FORK HIGH SCHOOL","051401001144","DB",0,0,0,0,0,0,0,0,0,0,0,0,0,0,0,0,0,0,0,0,0,0,0,0,0,0,0,0,0,0,0,0,0,0,0
"AR","ARKANSAS","0507380","HARRISON SCHOOL DISTRICT","01694","HARRISON KINDERGARTEN","050738001694","DB",0,0,0,0,0,0,0,0,0,0,0,0,0,0,0,0,0,0,0,0,0,0,0,0,0,0,0,0,0,0,0,0,0,0,0
"AR","ARKANSAS","0513410","VAN BUREN SCHOOL DISTRICT","00061","RENA ELEMENTARY SCHOOL","051341000061","DB",0,0,0,0,0,0,0,0,0,0,0,0,0,0,0,0,0,0,0,0,0,0,0,0,0,0,0,0,0,0,0,0,0,0,0
"AR","ARKANSAS","0500402","JACKSONVILLE LIGHTHOUSE CHARTER","01504","JACKSONVILLE LIGHTHOUSE ELEMENTARY","050040201504","DB",0,0,0,0,0,0,0,0,0,0,0,0,0,0,0,0,0,0,0,0,0,0,0,0,0,0,0,0,0,0,0,0,0,0,0
"AR","ARKANSAS","0514400","WOODLAWN SCHOOL DISTRICT","01172","WOODLAWN HIGH SCHOOL","051440001172","DB",0,0,0,0,0,0,0,0,0,0,0,0,0,0,0,0,0,0,0,0,0,0,0,0,0,0,0,0,0,0,0,0,0,0,0
"AR","ARKANSAS","0507530","HAZEN SCHOOL DISTRICT","00464","HAZEN ELEMENTARY SCHOOL","050753000464","DB",0,0,0,0,0,0,0,0,0,0,0,0,0,0,0,0,0,0,0,0,0,0,0,0,0,0,0,0,0,0,0,0,0,0,0
"AR","ARKANSAS","0513410","VAN BUREN SCHOOL DISTRICT","01650","RIVER VALLEY VIRTUAL ACADEMY","051341001650","DB",0,0,0,0,0,0,0,0,0,0,0,0,0,0,0,0,0,0,0,0,0,0,0,0,0,0,0,0,0,0,0,0,0,0,0
"AR","ARKANSAS","0513410","VAN BUREN SCHOOL DISTRICT","00393","NORTHRIDGE MIDDLE SCHOOL","051341000393","DB",0,0,0,0,0,0,0,0,0,0,0,0,0,0,0,0,0,0,0,0,0,0,0,0,0,0,0,0,0,0,0,0,0,0,0
"AR","ARKANSAS","0500021","IZARD CO. CONS. SCHOOL DIST.","01299","IZARD CO. CONS. ELEM. SCHOOL","050002101299","DB",0,0,0,0,0,0,0,0,0,0,0,0,0,0,0,0,0,0,0,0,0,0,0,0,0,0,0,0,0,0,0,0,0,0,0
"AR","ARKANSAS","0506240","FOREMAN SCHOOL DISTRICT","00338","FOREMAN HIGH SCHOOL","050624000338","DB",0,0,0,0,0,0,0,0,0,0,0,0,0,0,0,0,0,0,0,0,0,0,0,0,0,0,0,0,0,0,0,0,0,0,0
"AR","ARKANSAS","0513410","VAN BUREN SCHOOL DISTRICT","01103","VAN BUREN HIGH SCHOOL","051341001103","DB",0,0,0,0,0,0,0,0,0,0,0,0,0,0,0,0,0,0,0,0,0,0,0,0,0,0,0,0,0,0,0,0,0,0,0
"AR","ARKANSAS","0513410","VAN BUREN SCHOOL DISTRICT","01631","VAN BUREN FRESHMAN ACADEMY","051341001631","DB",0,0,0,0,0,0,0,0,0,0,0,0,0,0,0,0,0,0,0,0,0,0,0,0,0,0,0,0,0,0,0,0,0,0,0
"AR","ARKANSAS","0507380","HARRISON SCHOOL DISTRICT","00454","SKYLINE HEIGHTS ELEM. SCHOOL","050738000454","DB",0,0,0,0,0,0,0,0,0,0,0,0,0,0,0,0,0,0,0,0,0,0,0,0,0,0,0,0,0,0,0,0,0,0,0
"AR","ARKANSAS","0513410","VAN BUREN SCHOOL DISTRICT","01097","J. J. IZARD ELEMENTARY SCHOOL","051341001097","DB",0,0,0,0,0,0,0,0,0,0,0,0,0,0,0,0,0,0,0,0,0,0,0,0,0,0,0,0,0,0,0,0,0,0,0
"AR","ARKANSAS","0514010","WEST FORK SCHOOL DISTRICT","01145","WEST FORK MIDDLE SCHOOL","051401001145","DB",0,0,0,0,0,0,0,0,0,0,0,0,0,0,0,0,0,0,0,0,0,0,0,0,0,0,0,0,0,0,0,0,0,0,0
"AR","ARKANSAS","0507380","HARRISON SCHOOL DISTRICT","01397","HARRISON MIDDLE SCHOOL","050738001397","DB",0,0,0,0,0,0,0,0,0,0,0,0,0,0,0,0,0,0,0,0,0,0,0,0,0,0,0,0,0,0,0,0,0,0,0
"AR","ARKANSAS","0500021","IZARD CO. CONS. SCHOOL DIST.","01233","IZARD COUNTY CONS MIDDLE SCH","050002101233","DB",0,0,0,0,0,0,0,0,0,0,0,0,0,0,0,0,0,0,0,0,0,0,0,0,0,0,0,0,0,0,0,0,0,0,0
"AR","ARKANSAS","0513410","VAN BUREN SCHOOL DISTRICT","01099","KING ELEMENTARY SCHOOL","051341001099","DB",0,0,0,0,0,0,0,0,0,0,0,0,0,0,0,0,0,0,0,0,0,0,0,0,0,0,0,0,0,0,0,0,0,0,0
"AR","ARKANSAS","0511340","PERRYVILLE SCHOOL DISTRICT","00849","PERRYVILLE ELEMENTARY SCHOOL","051134000849","DB",0,0,0,0,0,0,0,0,0,0,0,0,0,0,0,0,0,0,0,0,0,0,0,0,0,0,0,0,0,0,0,0,0,0,0
"AR","ARKANSAS","0513410","VAN BUREN SCHOOL DISTRICT","01371","PARKVIEW ELEMENTARY SCHOOL","051341001371","DB",0,0,0,0,0,0,0,0,0,0,0,0,0,0,0,0,0,0,0,0,0,0,0,0,0,0,0,0,0,0,0,0,0,0,0
"AR","ARKANSAS","0514400","WOODLAWN SCHOOL DISTRICT","01171","WOODLAWN ELEMENTARY SCHOOL","051440001171","DB",0,0,0,0,0,0,0,0,0,0,0,0,0,0,0,0,0,0,0,0,0,0,0,0,0,0,0,0,0,0,0,0,0,0,0
"AR","ARKANSAS","0500390","ARKANSAS YOUTH SERVICES SCHOOL SYSTEM","01577","MANSFIELD JTC SCHOOL","050039001577","DB",0,0,0,0,0,0,0,0,0,0,0,0,0,0,0,0,0,0,0,0,0,0,0,0,0,0,0,0,0,0,0,0,0,0,0
"AR","ARKANSAS","0500402","JACKSONVILLE LIGHTHOUSE CHARTER","01560","COLLEGE PREP ACADEMY","050040201560","DB",0,0,0,0,0,0,0,0,0,0,0,0,0,0,0,0,0,0,0,0,0,0,0,0,0,0,0,0,0,0,0,0,0,0,0
"AR","ARKANSAS","0507380","HARRISON SCHOOL DISTRICT","00450","FOREST HEIGHTS ELEM. SCHOOL","050738000450","DB",0,0,0,0,0,0,0,0,0,0,0,0,0,0,0,0,0,0,0,0,0,0,0,0,0,0,0,0,0,0,0,0,0,0,0
"AR","ARKANSAS","0500390","ARKANSAS YOUTH SERVICES SCHOOL SYSTEM","01589","DERMOTT JTC SCHOOL","050039001589","DB",0,0,0,0,0,0,0,0,0,0,0,0,0,0,0,0,0,0,0,0,0,0,0,0,0,0,0,0,0,0,0,0,0,0,0
"AR","ARKANSAS","0507380","HARRISON SCHOOL DISTRICT","00452","HARRISON HIGH SCHOOL","050738000452","DB",0,0,0,0,0,0,0,0,0,0,0,0,0,0,0,0,0,0,0,0,0,0,0,0,0,0,0,0,0,0,0,0,0,0,0
"AR","ARKANSAS","0500402","JACKSONVILLE LIGHTHOUSE CHARTER","01531","FLIGHTLINE UPPER ACADEMY","050040201531","DB",0,0,0,0,0,0,0,0,0,0,0,0,0,0,0,0,0,0,0,0,0,0,0,0,0,0,0,0,0,0,0,0,0,0,0
"AR","ARKANSAS","0506240","FOREMAN SCHOOL DISTRICT","00337","OSCAR HAMILTON ELEMENTARY SCH","050624000337","DB",0,0,0,0,0,0,0,0,0,0,0,0,0,0,0,0,0,0,0,0,0,0,0,0,0,0,0,0,0,0,0,0,0,0,0
"AR","ARKANSAS","0507530","HAZEN SCHOOL DISTRICT","00465","HAZEN HIGH SCHOOL","050753000465","DB",0,0,0,0,0,0,0,0,0,0,0,0,0,0,0,0,0,0,0,0,0,0,0,0,0,0,0,0,0,0,0,0,0,0,0
"AR","ARKANSAS","0513410","VAN BUREN SCHOOL DISTRICT","01102","BUTTERFIELD JUNIOR HIGH SCHOOL","051341001102","DB",0,0,0,0,0,0,0,0,0,0,0,0,0,0,0,0,0,0,0,0,0,0,0,0,0,0,0,0,0,0,0,0,0,0,0
"AR","ARKANSAS","0513410","VAN BUREN SCHOOL DISTRICT","01699","OLIVER SPRINGS ELEMENTARY SCHOOL","051341001699","DB",0,0,0,0,0,0,0,0,0,0,0,0,0,0,0,0,0,0,0,0,0,0,0,0,0,0,0,0,0,0,0,0,0,0,0
"AR","ARKANSAS","0505550","EARLE SCHOOL DISTRICT","00264","EARLE ELEMENTARY SCHOOL","050555000264","DB",0,0,0,0,0,0,0,0,0,0,0,0,0,0,0,0,0,0,0,0,0,0,0,0,0,0,0,0,0,0,0,0,0,0,0
"AR","ARKANSAS","0507350","HARRISBURG SCHOOL DISTRICT","00447","HARRISBURG COLLEGE & CAREER PREPARATORY SCHOOL","050735000447","DB",0,0,0,0,0,0,0,0,0,0,0,0,0,0,0,0,0,0,0,0,0,0,0,0,0,0,0,0,0,0,0,0,0,0,0
"AR","ARKANSAS","0511130","PARIS SCHOOL DISTRICT","00836","PARIS ELEMENTARY SCHOOL","051113000836","DB",0,0,0,0,0,0,0,0,0,0,0,0,0,0,0,0,0,0,0,0,0,0,0,0,0,0,0,0,0,0,0,0,0,0,0
"AR","ARKANSAS","0504350","CLARENDON SCHOOL DISTRICT","00163","CLARENDON ELEMENTARY SCHOOL","050435000163","DB",0,0,0,0,0,0,0,0,0,0,0,0,0,0,0,0,0,0,0,0,0,0,0,0,0,0,0,0,0,0,0,0,0,0,0
"AR","ARKANSAS","0507350","HARRISBURG SCHOOL DISTRICT","00300","HARRISBURG MIDDLE SCHOOL","050735000300","DB",0,0,0,0,0,0,0,0,0,0,0,0,0,0,0,0,0,0,0,0,0,0,0,0,0,0,0,0,0,0,0,0,0,0,0
"AR","ARKANSAS","0500059","ACADEMICS PLUS CHARTER SCHOOL","00741","MAUMELLE CHARTER HIGH SCHOOL","050005900741","DB",0,0,0,0,0,0,0,0,0,0,0,0,0,0,0,0,0,0,0,0,0,0,0,0,0,0,0,0,0,0,0,0,0,0,0
"AR","ARKANSAS","0507350","HARRISBURG SCHOOL DISTRICT","00446","HARRISBURG ELEMENTARY SCHOOL","050735000446","DB",0,0,0,0,0,0,0,0,0,0,0,0,0,0,0,0,0,0,0,0,0,0,0,0,0,0,0,0,0,0,0,0,0,0,0
"AR","ARKANSAS","0505550","EARLE SCHOOL DISTRICT","00266","EARLE HIGH SCHOOL","050555000266","DB",0,0,0,0,0,0,0,0,0,0,0,0,0,0,0,0,0,0,0,0,0,0,0,0,0,0,0,0,0,0,0,0,0,0,0
"AR","ARKANSAS","0511130","PARIS SCHOOL DISTRICT","01412","PARIS MIDDLE SCHOOL","051113001412","DB",0,0,0,0,0,0,0,0,0,0,0,0,0,0,0,0,0,0,0,0,0,0,0,0,0,0,0,0,0,0,0,0,0,0,0
"AR","ARKANSAS","0500059","ACADEMICS PLUS CHARTER SCHOOL","01619","SCOTT CHARTER SCHOOL","050005901619","DB",0,0,0,0,0,0,0,0,0,0,0,0,0,0,0,0,0,0,0,0,0,0,0,0,0,0,0,0,0,0,0,0,0,0,0
"AR","ARKANSAS","0509990","MOUNT IDA SCHOOL DISTRICT","00732","MOUNT IDA ELEMENTARY SCHOOL","050999000732","DB",0,0,0,0,0,0,0,0,0,0,0,0,0,0,0,0,0,0,0,0,0,0,0,0,0,0,0,0,0,0,0,0,0,0,0
"AR","ARKANSAS","0500048","EAST POINSETT CO. SCHOOL DIST.","01345","LEPANTO ELEMENTARY","050004801345","DB",0,0,0,0,0,0,0,0,0,0,0,0,0,0,0,0,0,0,0,0,0,0,0,0,0,0,0,0,0,0,0,0,0,0,0
"AR","ARKANSAS","0509990","MOUNT IDA SCHOOL DISTRICT","00733","MOUNT IDA HIGH SCHOOL","050999000733","DB",0,0,0,0,0,0,0,0,0,0,0,0,0,0,0,0,0,0,0,0,0,0,0,0,0,0,0,0,0,0,0,0,0,0,0
"AR","ARKANSAS","0500059","ACADEMICS PLUS CHARTER SCHOOL","00603","MAUMELLE CHARTER ELEMENTARY SCHOOL","050005900603","DB",0,0,0,0,0,0,0,0,0,0,0,0,0,0,0,0,0,0,0,0,0,0,0,0,0,0,0,0,0,0,0,0,0,0,0
"AR","ARKANSAS","0511130","PARIS SCHOOL DISTRICT","00837","PARIS HIGH SCHOOL","051113000837","DB",0,0,0,0,0,0,0,0,0,0,0,0,0,0,0,0,0,0,0,0,0,0,0,0,0,0,0,0,0,0,0,0,0,0,0
"AR","ARKANSAS","0504350","CLARENDON SCHOOL DISTRICT","00164","CLARENDON HIGH SCHOOL","050435000164","DB",0,0,0,0,0,0,0,0,0,0,0,0,0,0,0,0,0,0,0,0,0,0,0,0,0,0,0,0,0,0,0,0,0,0,0
"AR","ARKANSAS","0507350","HARRISBURG SCHOOL DISTRICT","01141","WEINER ELEMENTARY","050735001141","DB",0,0,0,0,0,0,0,0,0,0,0,0,0,0,0,0,0,0,0,0,0,0,0,0,0,0,0,0,0,0,0,0,0,0,0
"AR","ARKANSAS","0500048","EAST POINSETT CO. SCHOOL DIST.","01346","TYRONZA ELEMENTARY","050004801346","DB",0,0,0,0,0,0,0,0,0,0,0,0,0,0,0,0,0,0,0,0,0,0,0,0,0,0,0,0,0,0,0,0,0,0,0
"AR","ARKANSAS","0500048","EAST POINSETT CO. SCHOOL DIST.","01348","EAST POINSETT CO. HIGH SCHOOL","050004801348","DB",0,0,0,0,0,0,0,0,0,0,0,0,0,0,0,0,0,0,0,0,0,0,0,0,0,0,0,0,0,0,0,0,0,0,0
"AR","ARKANSAS","0500043","MOUNTAIN HOME SCHOOL DISTRICT","00742","PINKSTON MIDDLE SCHOOL","050004300742","DB",0,0,0,0,0,0,0,0,0,0,0,0,0,0,0,0,0,0,0,0,0,0,0,0,0,0,0,0,0,0,0,0,0,0,0
"AR","ARKANSAS","0504170","WHITE CO. CENTRAL SCHOOL DIST.","00156","WHITE CO. CENTRAL HIGH SCHOOL","050417000156","DB",0,0,0,0,0,0,0,0,0,0,0,0,0,0,0,0,0,0,0,0,0,0,0,0,0,0,0,0,0,0,0,0,0,0,0
"AR","ARKANSAS","0509000","LITTLE ROCK SCHOOL DISTRICT","00614","GIBBS MAGNET ELEMENTARY SCHOOL","050900000614","DB",0,0,0,0,0,0,0,0,0,0,0,0,0,0,0,0,0,0,0,0,0,0,0,0,0,0,0,0,0,0,0,0,0,0,0
"AR","ARKANSAS","0509000","LITTLE ROCK SCHOOL DISTRICT","01601","FOREST HEIGHTS STEM ACADEMY","050900001601","DB",0,0,0,0,0,0,0,0,0,0,0,0,0,0,0,0,0,0,0,0,0,0,0,0,0,0,0,0,0,0,0,0,0,0,0
"AR","ARKANSAS","0509000","LITTLE ROCK SCHOOL DISTRICT","01381","DAVID O'DODD ELEMENTARY SCHOOL","050900001381","DB",0,0,0,0,0,0,0,0,0,0,0,0,0,0,0,0,0,0,0,0,0,0,0,0,0,0,0,0,0,0,0,0,0,0,0
"AR","ARKANSAS","0509000","LITTLE ROCK SCHOOL DISTRICT","00607","CENTRAL HIGH SCHOOL","050900000607","DB",0,0,0,0,0,0,0,0,0,0,0,0,0,0,0,0,0,0,0,0,0,0,0,0,0,0,0,0,0,0,0,0,0,0,0
"AR","ARKANSAS","0509000","LITTLE ROCK SCHOOL DISTRICT","00622","MCDERMOTT ELEMENTARY SCHOOL","050900000622","DB",0,0,0,0,0,0,0,0,0,0,0,0,0,0,0,0,0,0,0,0,0,0,0,0,0,0,0,0,0,0,0,0,0,0,0
"AR","ARKANSAS","0500043","MOUNTAIN HOME SCHOOL DISTRICT","01522","HACKLER INTERMEDIATE SCHOOL","050004301522","DB",0,0,0,0,0,0,0,0,0,0,0,0,0,0,0,0,0,0,0,0,0,0,0,0,0,0,0,0,0,0,0,0,0,0,0
"AR","ARKANSAS","0504170","WHITE CO. CENTRAL SCHOOL DIST.","00155","WHITE CO. CENTRAL ELEM. SCHOOL","050417000155","DB",0,0,0,0,0,0,0,0,0,0,0,0,0,0,0,0,0,0,0,0,0,0,0,0,0,0,0,0,0,0,0,0,0,0,0
"AR","ARKANSAS","0509000","LITTLE ROCK SCHOOL DISTRICT","00176","M.L. KING ELEMENTARY SCHOOL","050900000176","DB",0,0,0,0,0,0,0,0,0,0,0,0,0,0,0,0,0,0,0,0,0,0,0,0,0,0,0,0,0,0,0,0,0,0,0
"AR","ARKANSAS","0512510","SMACKOVER SCHOOL DISTRICT","01607","NORPHLET MIDDLE SCHOOL","051251001607","DB",0,0,0,0,0,0,0,0,0,0,0,0,0,0,0,0,0,0,0,0,0,0,0,0,0,0,0,0,0,0,0,0,0,0,0
"AR","ARKANSAS","0509000","LITTLE ROCK SCHOOL DISTRICT","01189","FULBRIGHT ELEMENTARY SCHOOL","050900001189","DB",0,0,0,0,0,0,0,0,0,0,0,0,0,0,0,0,0,0,0,0,0,0,0,0,0,0,0,0,0,0,0,0,0,0,0
"AR","ARKANSAS","0509000","LITTLE ROCK SCHOOL DISTRICT","01628","PINNACLE VIEW MIDDLE SCHOOL","050900001628","DB",0,0,0,0,0,0,0,0,0,1,0,0,0,0,1,0,0,0,1,0,0,0,0,0,0,0,0,0,0,0,0,0,0,1,0
"AR","ARKANSAS","0509000","LITTLE ROCK SCHOOL DISTRICT","01528","DON ROBERTS ELEMENTARY SCHOOL","050900001528","DB",0,0,0,0,0,0,0,0,0,0,0,0,0,0,0,0,0,0,0,0,0,0,0,0,0,0,0,0,0,0,0,0,0,0,0
"AR","ARKANSAS","0509000","LITTLE ROCK SCHOOL DISTRICT","00611","FOREST PARK ELEMENTARY SCHOOL","050900000611","DB",0,0,0,0,0,0,0,0,0,0,0,0,0,0,0,0,0,0,0,0,0,0,0,0,0,0,0,0,0,0,0,0,0,0,0
"AR","ARKANSAS","0510950","OSCEOLA SCHOOL DISTRICT","01237","NORTH ELEMENTARY SCHOOL","051095001237","DB",0,0,0,0,0,0,0,0,0,0,0,0,0,0,0,0,0,0,0,0,0,0,0,0,0,0,0,0,0,0,0,0,0,0,0
"AR","ARKANSAS","0509000","LITTLE ROCK SCHOOL DISTRICT","01188","BALE ELEMENTARY SCHOOL","050900001188","DB",0,0,0,0,0,0,0,0,0,0,0,0,0,0,0,0,0,0,0,0,0,0,0,0,0,0,0,0,0,0,0,0,0,0,0
"AR","ARKANSAS","0510950","OSCEOLA SCHOOL DISTRICT","00825","OSCEOLA HIGH SCHOOL","051095000825","DB",0,0,0,0,0,0,0,0,0,0,0,0,0,0,0,0,0,0,0,0,0,0,0,0,0,0,0,0,0,0,0,0,0,0,0
"AR","ARKANSAS","0509000","LITTLE ROCK SCHOOL DISTRICT","01190","PULASKI HEIGHTS ELEM. SCHOOL","050900001190","DB",0,0,0,0,0,0,0,0,0,0,0,0,0,0,0,0,0,0,0,0,0,0,0,0,0,0,0,0,0,0,0,0,0,0,0
"AR","ARKANSAS","0509000","LITTLE ROCK SCHOOL DISTRICT","01378","BASELINE ELEMENTARY SCHOOL","050900001378","DB",0,0,0,0,0,0,0,0,0,0,0,0,0,0,0,0,0,0,0,0,0,0,0,0,0,0,0,0,0,0,0,0,0,0,0
"AR","ARKANSAS","0500043","MOUNTAIN HOME SCHOOL DISTRICT","00676","MTN HOME HIGH CAREER ACADEMICS","050004300676","DB",0,0,0,0,0,0,0,0,0,0,0,0,0,0,0,0,0,0,0,0,0,0,0,0,0,0,0,0,0,0,0,0,0,0,0
"AR","ARKANSAS","0506870","GREEN FOREST SCHOOL DISTRICT","00416","GREEN FOREST HIGH SCHOOL","050687000416","DB",0,0,0,0,0,0,0,0,0,0,0,0,0,0,0,0,0,0,0,0,0,0,0,0,0,0,0,0,0,0,0,0,0,0,0
"AR","ARKANSAS","0509000","LITTLE ROCK SCHOOL DISTRICT","00621","MANN MAGNET MIDDLE SCHOOL","050900000621","DB",0,0,0,0,0,0,0,0,0,0,0,0,0,0,0,0,0,0,0,0,0,0,0,0,0,0,0,0,0,0,0,0,0,0,0
"AR","ARKANSAS","0512510","SMACKOVER SCHOOL DISTRICT","01008","SMACKOVER ELEMENTARY SCHOOL","051251001008","DB",0,0,0,0,0,0,0,0,0,0,0,0,0,0,0,0,0,0,0,0,0,0,0,0,0,0,0,0,0,0,0,0,0,0,0
"AR","ARKANSAS","0509000","LITTLE ROCK SCHOOL DISTRICT","01687","LITTLE ROCK SOUTHWEST  HIGH SCHOOL","050900001687","DB",0,0,0,0,0,0,0,0,0,0,0,0,0,0,0,0,0,0,0,0,0,0,0,0,0,0,0,0,0,0,0,0,0,0,0
"AR","ARKANSAS","0509000","LITTLE ROCK SCHOOL DISTRICT","01688","LITTLE ROCK HALL STEAM MAGNET HIGH SCHOOL","050900001688","DB",0,0,0,0,0,0,0,0,0,0,0,0,0,0,0,0,0,0,0,0,0,0,0,0,0,0,0,0,0,0,0,0,0,0,0
"AR","ARKANSAS","0503640","BROOKLAND SCHOOL DISTRICT","00115","BROOKLAND ELEMENTARY SCHOOL","050364000115","DB",0,0,0,0,0,0,0,0,0,0,0,0,0,0,0,0,0,0,0,0,0,0,0,0,0,0,0,0,0,0,0,0,0,0,0
"AR","ARKANSAS","0509000","LITTLE ROCK SCHOOL DISTRICT","00623","MEADOWCLIFF ELEMENTARY SCHOOL","050900000623","DB",0,0,0,0,0,0,0,0,0,0,0,0,0,0,0,0,0,0,0,0,0,0,0,0,0,0,0,0,0,0,0,0,0,0,0
"AR","ARKANSAS","0510950","OSCEOLA SCHOOL DISTRICT","01524","OSCEOLA ELEMENTARY SCHOOL","051095001524","DB",0,0,0,0,0,0,0,0,0,0,0,0,0,0,0,0,0,0,0,0,0,0,0,0,0,0,0,0,0,0,0,0,0,0,0
"AR","ARKANSAS","0506870","GREEN FOREST SCHOOL DISTRICT","00546","GREEN FOREST INTERMED SCHOOL","050687000546","DB",0,0,0,0,0,0,0,0,0,0,0,0,0,0,0,0,0,0,0,0,0,0,0,0,0,0,0,0,0,0,0,0,0,0,0
"AR","ARKANSAS","0509000","LITTLE ROCK SCHOOL DISTRICT","01388","MABELVALE MIDDLE SCHOOL","050900001388","DB",0,0,0,0,0,0,0,0,0,0,0,0,0,0,0,0,0,0,0,0,0,0,0,0,0,0,0,0,0,0,0,0,0,0,0
"AR","ARKANSAS","0509000","LITTLE ROCK SCHOOL DISTRICT","00605","BRADY ELEMENTARY SCHOOL","050900000605","DB",0,0,0,0,0,0,0,0,0,0,0,0,0,0,0,0,0,0,0,0,0,0,0,0,0,0,0,0,0,0,0,0,0,0,0
"AR","ARKANSAS","0509000","LITTLE ROCK SCHOOL DISTRICT","01679","PINNACLE VIEW HIGH SCHOOL","050900001679","DB",0,0,0,0,0,0,0,0,0,0,0,0,0,0,0,0,0,0,0,0,0,0,0,0,0,0,0,0,0,0,0,0,0,0,0
"AR","ARKANSAS","0509000","LITTLE ROCK SCHOOL DISTRICT","00608","DUNBAR MAGNET MIDDLE SCHOOL","050900000608","DB",0,0,0,0,0,0,0,0,0,0,0,0,0,0,0,0,0,0,0,0,0,0,0,0,0,0,0,0,0,0,0,0,0,0,0
"AR","ARKANSAS","0509000","LITTLE ROCK SCHOOL DISTRICT","00628","PULASKI HEIGHTS MIDDLE SCHOOL","050900000628","DB",0,0,0,0,0,0,0,0,0,0,0,0,0,0,0,0,0,0,0,0,0,0,0,0,0,0,0,0,0,0,0,0,0,0,0
"AR","ARKANSAS","0509000","LITTLE ROCK SCHOOL DISTRICT","00619","JEFFERSON ELEMENTARY SCHOOL","050900000619","DB",0,0,0,0,0,0,0,0,0,0,0,0,0,0,0,0,0,0,0,0,0,0,0,0,0,0,0,0,0,0,0,0,0,0,0
"AR","ARKANSAS","0509000","LITTLE ROCK SCHOOL DISTRICT","00876","STEPHENS ELEMENTARY","050900000876","DB",0,0,0,0,0,0,0,0,0,0,0,0,0,0,0,0,0,0,0,0,0,0,0,0,0,0,0,0,0,0,0,0,0,0,0
"AR","ARKANSAS","0509000","LITTLE ROCK SCHOOL DISTRICT","00617","HENDERSON MIDDLE SCHOOL","050900000617","DB",0,0,0,0,0,0,0,0,0,0,0,0,0,0,0,0,0,0,0,0,0,0,0,0,0,0,0,0,0,0,0,0,0,0,0
"AR","ARKANSAS","0506870","GREEN FOREST SCHOOL DISTRICT","00415","GREEN FOREST ELEMENTARY SCHOOL","050687000415","DB",0,0,0,0,0,0,0,0,0,0,0,0,0,0,0,0,0,0,0,0,0,0,0,0,0,0,0,0,0,0,0,0,0,0,0
"AR","ARKANSAS","0509000","LITTLE ROCK SCHOOL DISTRICT","01409","WASHINGTON ELEMENTARY SCHOOL","050900001409","DB",0,0,0,0,0,0,0,0,0,0,0,0,0,0,0,0,0,0,0,0,0,0,0,0,0,0,0,0,0,0,0,0,0,0,0
"AR","ARKANSAS","0512510","SMACKOVER SCHOOL DISTRICT","01009","SMACKOVER HIGH SCHOOL","051251001009","DB",0,0,0,0,0,0,0,0,0,0,0,0,0,0,0,0,0,0,0,0,0,0,0,0,0,0,0,0,0,0,0,0,0,0,0
"AR","ARKANSAS","0509000","LITTLE ROCK SCHOOL DISTRICT","01474","WATSON ELEMENTARY SCHOOL","050900001474","DB",0,0,0,0,0,0,0,0,0,0,0,0,0,0,0,0,0,0,0,0,0,0,0,0,0,0,0,0,0,0,0,0,0,0,0
"AR","ARKANSAS","0509000","LITTLE ROCK SCHOOL DISTRICT","01463","CHICOT ELEMENTARY SCHOOL","050900001463","DB",0,0,0,0,0,0,0,0,0,0,0,0,0,0,0,0,0,0,0,0,0,0,0,0,0,0,0,0,0,0,0,0,0,0,0
"AR","ARKANSAS","0500043","MOUNTAIN HOME SCHOOL DISTRICT","01236","MOUNTAIN HOME KINDERGARTEN","050004301236","DB",0,0,0,0,0,0,0,0,0,0,0,0,0,0,0,0,0,0,0,0,0,0,0,0,0,0,0,0,0,0,0,0,0,0,0
"AR","ARKANSAS","0503640","BROOKLAND SCHOOL DISTRICT","00116","BROOKLAND HIGH SCHOOL","050364000116","DB",0,0,0,0,0,0,0,0,0,0,0,0,0,0,0,0,0,0,0,0,0,0,0,0,0,0,0,0,0,0,0,0,0,0,0
"AR","ARKANSAS","0509000","LITTLE ROCK SCHOOL DISTRICT","00636","WILLIAMS MAGNET ELEM. SCHOOL","050900000636","DB",0,0,0,0,0,0,0,0,0,0,0,0,0,0,0,0,0,0,0,0,0,0,0,0,0,0,0,0,0,0,0,0,0,0,0
"AR","ARKANSAS","0509000","LITTLE ROCK SCHOOL DISTRICT","00633","TERRY ELEMENTARY SCHOOL","050900000633","DB",0,0,0,0,0,0,0,0,0,0,0,0,0,0,0,0,0,0,0,0,0,0,0,0,0,0,0,0,0,0,0,0,0,0,0
"AR","ARKANSAS","0509000","LITTLE ROCK SCHOOL DISTRICT","00635","WESTERN HILLS ELEM. SCHOOL","050900000635","DB",0,0,0,0,0,0,0,0,0,0,0,0,0,0,0,0,0,0,0,0,0,0,0,0,0,0,0,0,0,0,0,0,0,0,0
"AR","ARKANSAS","0509000","LITTLE ROCK SCHOOL DISTRICT","01383","MABELVALE ELEMENTARY SCHOOL","050900001383","DB",0,0,0,0,0,0,0,0,0,0,0,0,0,0,0,0,0,0,0,0,0,0,0,0,0,0,0,0,0,0,0,0,0,0,0
"AR","ARKANSAS","0509000","LITTLE ROCK SCHOOL DISTRICT","00627","PARKVIEW MAGNET HIGH SCHOOL","050900000627","DB",0,0,0,0,0,0,0,0,0,0,0,0,0,0,0,0,0,0,0,0,0,0,0,0,0,0,0,0,0,0,0,0,0,0,0
"AR","ARKANSAS","0503640","BROOKLAND SCHOOL DISTRICT","01458","BROOKLAND MIDDLE SCHOOL","050364001458","DB",0,0,0,0,0,0,0,0,0,0,0,0,0,0,0,0,0,0,0,0,0,0,0,0,0,0,0,0,0,0,0,0,0,0,0
"AR","ARKANSAS","0510950","OSCEOLA SCHOOL DISTRICT","01555","OSCEOLA STEM CHARTER","051095001555","DB",0,0,0,0,0,0,0,0,0,0,0,0,0,0,0,0,0,0,0,0,0,0,0,0,0,0,0,0,0,0,0,0,0,0,0
"AR","ARKANSAS","0509000","LITTLE ROCK SCHOOL DISTRICT","01385","WAKEFIELD ELEMENTARY SCHOOL","050900001385","DB",0,0,0,0,0,0,0,0,0,0,0,0,0,0,0,0,0,0,0,0,0,0,0,0,0,0,0,0,0,0,0,0,0,0,0
"AR","ARKANSAS","0503640","BROOKLAND SCHOOL DISTRICT","01534","BROOKLAND JUNIOR HIGH SCHOOL","050364001534","DB",0,0,0,0,0,0,0,0,0,0,0,0,0,0,0,0,0,0,0,0,0,0,0,0,0,0,0,0,0,0,0,0,0,0,0
"AR","ARKANSAS","0500043","MOUNTAIN HOME SCHOOL DISTRICT","00740","NELSON WILKS HERRON ELEMENTARY","050004300740","DB",0,0,0,0,0,0,0,0,0,0,0,0,0,0,0,0,0,0,0,0,0,0,0,0,0,0,0,0,0,0,0,0,0,0,0
"AR","ARKANSAS","0509000","LITTLE ROCK SCHOOL DISTRICT","01384","OTTER CREEK ELEMENTARY SCHOOL","050900001384","DB",0,0,0,0,0,0,0,0,0,0,0,0,0,0,0,0,0,0,0,0,0,0,0,0,0,0,0,0,0,0,0,0,0,0,0
"AR","ARKANSAS","0509000","LITTLE ROCK SCHOOL DISTRICT","00630","ROMINE INTERDIST. ELEM. SCHOOL","050900000630","DB",0,0,0,0,0,0,0,0,0,0,0,0,0,0,0,0,0,0,0,0,0,0,0,0,0,0,0,0,0,0,0,0,0,0,0
"AR","ARKANSAS","0509000","LITTLE ROCK SCHOOL DISTRICT","00604","BOOKER ARTS MAGNET ELEM. SCH.","050900000604","DB",0,0,0,0,0,0,0,0,0,0,0,0,0,0,0,0,0,0,0,0,0,0,0,0,0,0,0,0,0,0,0,0,0,0,0
"AR","ARKANSAS","0509000","LITTLE ROCK SCHOOL DISTRICT","00606","CARVER MAGNET ELEM. SCHOOL","050900000606","DB",0,0,0,0,0,0,0,0,0,0,0,0,0,0,0,0,0,0,0,0,0,0,0,0,0,0,0,0,0,0,0,0,0,0,0
"AR","ARKANSAS","0509000","LITTLE ROCK SCHOOL DISTRICT","01387","CLOVERDALE MIDDLE SCHOOL","050900001387","DB",0,0,0,0,0,0,0,0,0,0,0,0,0,0,0,0,0,0,0,0,0,0,0,0,0,0,0,0,0,0,0,0,0,0,0
"AR","ARKANSAS","0500394","ARKANSAS VIRTUAL ACADEMY","01604","ARKANSAS VIRTUAL ACADEMY HIGH SCHOOL","050039401604","DB",0,0,0,0,0,0,0,0,0,0,0,0,0,0,0,0,0,0,0,0,0,0,0,0,0,0,0,0,0,0,0,0,0,0,0
"AR","ARKANSAS","0502730","BARTON-LEXA SCHOOL DISTRICT","00039","BARTON ELEMENTARY SCHOOL","050273000039","DB",0,0,0,0,0,0,0,0,0,0,0,0,0,0,0,0,0,0,0,0,0,0,0,0,0,0,0,0,0,0,0,0,0,0,0
"AR","ARKANSAS","0512960","STUTTGART SCHOOL DISTRICT","01055","STUTTGART HIGH SCHOOL","051296001055","DB",0,0,0,0,0,0,0,0,0,0,0,0,0,0,0,0,0,0,0,0,0,0,0,0,0,0,0,0,0,0,0,0,0,0,0
"AR","ARKANSAS","0502670","AUGUSTA SCHOOL DISTRICT","00034","AUGUSTA HIGH SCHOOL","050267000034","DB",0,0,0,0,0,0,0,0,0,0,0,0,0,0,0,0,0,0,0,0,0,0,0,0,0,0,0,0,0,0,0,0,0,0,0
"AR","ARKANSAS","0500035","ARK. SCHOOL FOR THE BLIND","01420","ARK. SCHOOL FOR THE BLIND H.S.","050003501420","DB",0,0,0,0,0,0,0,0,0,0,0,0,0,0,0,0,0,0,0,0,0,0,0,0,0,0,0,0,0,0,0,0,0,0,0
"AR","ARKANSAS","0505430","DOVER SCHOOL DISTRICT","00256","DOVER ELEMENTARY SCHOOL","050543000256","DB",0,0,0,0,0,0,0,0,0,0,0,0,0,0,0,0,0,0,0,0,0,0,0,0,0,0,0,0,0,0,0,0,0,0,0
"AR","ARKANSAS","0507140","GUY-PERKINS SCHOOL DISTRICT","00434","GUY-PERKINS HIGH SCHOOL","050714000434","DB",0,0,0,0,0,0,0,0,0,0,0,0,0,0,0,0,0,0,0,0,0,0,0,0,0,0,0,0,0,0,0,0,0,0,0
"AR","ARKANSAS","0510290","MULBERRY SCHOOL DISTRICT","00753","MULBERRY HIGH SCHOOL","051029000753","DB",0,0,0,0,0,0,0,0,0,0,0,0,0,0,0,0,0,0,0,0,0,0,0,0,0,0,0,0,0,0,0,0,0,0,0
"AR","ARKANSAS","0505430","DOVER SCHOOL DISTRICT","00257","DOVER HIGH SCHOOL","050543000257","DB",0,0,0,0,0,0,0,0,0,0,0,0,0,0,0,0,0,0,0,0,0,0,0,0,0,0,0,0,0,0,0,0,0,0,0
"AR","ARKANSAS","0511880","QUITMAN SCHOOL DISTRICT","01664","QUITMAN MIDDLE SCHOOL","051188001664","DB",0,0,0,0,0,0,0,0,0,0,0,0,0,0,0,0,0,0,0,0,0,0,0,0,0,0,0,0,0,0,0,0,0,0,0
"AR","ARKANSAS","0507710","HERMITAGE SCHOOL DISTRICT","00485","HERMITAGE HIGH SCHOOL","050771000485","DB",0,0,0,0,0,0,0,0,0,0,0,0,0,0,0,0,0,0,0,0,0,0,0,0,0,0,0,0,0,0,0,0,0,0,0
"AR","ARKANSAS","0505430","DOVER SCHOOL DISTRICT","00439","DOVER MIDDLE SCHOOL","050543000439","DB",0,0,0,0,0,0,0,0,0,0,0,0,0,0,0,0,0,0,0,0,0,0,0,0,0,0,0,0,0,0,0,0,0,0,0
"AR","ARKANSAS","0511880","QUITMAN SCHOOL DISTRICT","00946","QUITMAN ELEMENTARY SCHOOL","051188000946","DB",0,0,0,0,0,0,0,0,0,0,0,0,0,0,0,0,0,0,0,0,0,0,0,0,0,0,0,0,0,0,0,0,0,0,0
"AR","ARKANSAS","0500035","ARK. SCHOOL FOR THE BLIND","01419","ARK. SCHOOL FOR THE BLIND ELEM","050003501419","DB",0,0,0,0,0,0,0,0,0,0,0,0,0,0,0,0,0,0,0,0,0,0,0,0,0,0,0,0,0,0,0,0,0,0,0
"AR","ARKANSAS","0512960","STUTTGART SCHOOL DISTRICT","01249","STUTTGART JUNIOR HIGH SCHOOL","051296001249","DB",0,0,0,0,0,0,0,0,0,0,0,0,0,0,0,0,0,0,0,0,0,0,0,0,0,0,0,0,0,0,0,0,0,0,0
"AR","ARKANSAS","0502730","BARTON-LEXA SCHOOL DISTRICT","00040","BARTON HIGH SCHOOL","050273000040","DB",0,0,0,0,0,0,0,0,0,0,0,0,0,0,0,0,0,0,0,0,0,0,0,0,0,0,0,0,0,0,0,0,0,0,0
"AR","ARKANSAS","0511880","QUITMAN SCHOOL DISTRICT","00947","QUITMAN HIGH SCHOOL","051188000947","DB",0,0,0,0,0,0,0,0,0,0,0,0,0,0,0,0,0,0,0,0,0,0,0,0,0,0,0,0,0,0,0,0,0,0,0
"AR","ARKANSAS","0507140","GUY-PERKINS SCHOOL DISTRICT","00433","GUY-PERKINS ELEMENTARY SCHOOL","050714000433","DB",0,0,0,0,0,0,0,0,0,0,0,0,0,0,0,0,0,0,0,0,0,0,0,0,0,0,0,0,0,0,0,0,0,0,0
"AR","ARKANSAS","0512960","STUTTGART SCHOOL DISTRICT","01057","MEEKINS MIDDLE SCHOOL","051296001057","DB",0,0,0,0,0,0,0,0,0,0,0,0,0,0,0,0,0,0,0,0,0,0,0,0,0,0,0,0,0,0,0,0,0,0,0
"AR","ARKANSAS","0506210","FORDYCE SCHOOL DISTRICT","01230","FORDYCE ELEMENTARY SCHOOLS","050621001230","DB",0,0,0,0,0,0,0,0,0,0,0,0,0,0,0,0,0,0,0,0,0,0,0,0,0,0,0,0,0,0,0,0,0,0,0
"AR","ARKANSAS","0506210","FORDYCE SCHOOL DISTRICT","00335","FORDYCE HIGH SCHOOL","050621000335","DB",0,0,0,0,0,0,0,0,0,0,0,0,0,0,0,0,0,0,0,0,0,0,0,0,0,0,0,0,0,0,0,0,0,0,0
"AR","ARKANSAS","0510290","MULBERRY SCHOOL DISTRICT","01454","PLEASANT VIEW JUNIOR HIGH","051029001454","DB",0,0,0,0,0,0,0,0,0,0,0,0,0,0,0,0,0,0,0,0,0,0,0,0,0,0,0,0,0,0,0,0,0,0,0
"AR","ARKANSAS","0500394","ARKANSAS VIRTUAL ACADEMY","01461","ARKANSAS VIRTUAL ACADEMY","050039401461","DB",0,0,0,0,0,0,0,0,0,0,0,0,0,0,0,0,0,0,0,0,0,0,0,0,0,0,0,0,0,0,0,0,0,0,0
"AR","ARKANSAS","0509630","MCGEHEE SCHOOL DISTRICT","00705","MCGEHEE HIGH SCHOOL","050963000705","DB",0,0,0,0,0,0,0,0,0,0,0,0,0,0,0,0,0,0,0,0,0,0,0,0,0,0,0,0,0,0,0,0,0,0,0
"AR","ARKANSAS","0507710","HERMITAGE SCHOOL DISTRICT","00484","HERMITAGE ELEMENTARY SCHOOL","050771000484","DB",0,0,0,0,0,0,0,0,0,0,0,0,0,0,0,0,0,0,0,0,0,0,0,0,0,0,0,0,0,0,0,0,0,0,0
"AR","ARKANSAS","0512960","STUTTGART SCHOOL DISTRICT","01052","PARK AVENUE ELEMENTARY SCHOOL","051296001052","DB",0,0,0,0,0,0,0,0,0,0,0,0,0,0,0,0,0,0,0,0,0,0,0,0,0,0,0,0,0,0,0,0,0,0,0
"AR","ARKANSAS","0511730","POYEN SCHOOL DISTRICT","00893","POYEN HIGH SCHOOL","051173000893","DB",0,0,0,0,0,0,0,0,0,0,0,0,0,0,0,0,0,0,0,0,0,0,0,0,0,0,0,0,0,0,0,0,0,0,0
"AR","ARKANSAS","0510290","MULBERRY SCHOOL DISTRICT","00752","MARVIN PRIMARY SCHOOL","051029000752","DB",0,0,0,0,0,0,0,0,0,0,0,0,0,0,0,0,0,0,0,0,0,0,0,0,0,0,0,0,0,0,0,0,0,0,0
"AR","ARKANSAS","0500394","ARKANSAS VIRTUAL ACADEMY","01447","ARKANSAS VIRTUAL ACADEMY JR","050039401447","DB",0,0,0,0,0,0,0,0,0,0,0,0,0,0,0,0,0,0,0,0,0,0,0,0,0,0,0,0,0,0,0,0,0,0,0
"AR","ARKANSAS","0507320","HARMONY GROVE SCHOOL DISTRICT","00445","WESTBROOK ELEMENTARY SCHOOL","050732000445","DB",0,0,0,0,0,0,0,0,0,0,0,0,0,0,0,0,0,0,0,0,0,0,0,0,0,0,0,0,0,0,0,0,0,0,0
"AR","ARKANSAS","0509630","MCGEHEE SCHOOL DISTRICT","00703","MCGEHEE ELEMENTARY SCHOOL","050963000703","DB",0,0,0,0,0,0,0,0,0,0,0,0,0,0,0,0,0,0,0,0,0,0,0,0,0,0,0,0,0,0,0,0,0,0,0
"AR","ARKANSAS","0511730","POYEN SCHOOL DISTRICT","00892","POYEN ELEMENTARY SCHOOL","051173000892","DB",0,0,0,0,0,0,0,0,0,0,0,0,0,0,0,0,0,0,0,0,0,0,0,0,0,0,0,0,0,0,0,0,0,0,0
"AR","ARKANSAS","0507320","HARMONY GROVE SCHOOL DISTRICT","00444","HARMONY GROVE HIGH SCHOOL","050732000444","DB",0,0,0,0,0,0,0,0,0,0,0,0,0,0,0,0,0,0,0,0,0,0,0,0,0,0,0,0,0,0,0,0,0,0,0
"AR","ARKANSAS","0507320","HARMONY GROVE SCHOOL DISTRICT","00661","HARMONY GROVE MIDDLE SCHOOL","050732000661","DB",0,0,0,0,0,0,0,0,0,0,0,0,0,0,0,0,0,0,0,0,0,0,0,0,0,0,0,0,0,0,0,0,0,0,0
"AR","ARKANSAS","0502670","AUGUSTA SCHOOL DISTRICT","00036","AUGUSTA ELEMENTARY SCHOOL","050267000036","DB",0,0,0,0,0,0,0,0,0,0,0,0,0,0,0,0,0,0,0,0,0,0,0,0,0,0,0,0,0,0,0,0,0,0,0
"AR","ARKANSAS","0507320","HARMONY GROVE SCHOOL DISTRICT","01616","HARMONY GROVE JUNIOR HIGH SCHOOL","050732001616","DB",0,0,0,0,0,0,0,0,0,0,0,0,0,0,0,0,0,0,0,0,0,0,0,0,0,0,0,0,0,0,0,0,0,0,0
"AR","ARKANSAS","0500019","BATESVILLE SCHOOL DISTRICT","00043","BATESVILLE HIGH SCHOOL","050001900043","DB",0,0,0,0,0,0,0,0,0,0,0,0,0,0,0,0,0,0,0,0,0,0,0,0,0,0,0,0,0,0,0,0,0,0,0
"AR","ARKANSAS","0507740","CROSS COUNTY SCHOOL DISTRICT","01537","CROSS CNTY HIGH A NEW TECH SCH","050774001537","DB",0,0,0,0,0,0,0,0,0,0,0,0,0,0,0,0,0,0,0,0,0,0,0,0,0,0,0,0,0,0,0,0,0,0,0
"AR","ARKANSAS","0502880","BEEBE SCHOOL DISTRICT","01498","BEEBE EARLY CHILDHOOD","050288001498","DB",0,0,0,0,0,0,0,0,0,0,0,0,0,0,0,0,0,0,0,0,0,0,0,0,0,0,0,0,0,0,0,0,0,0,0
"AR","ARKANSAS","0500019","BATESVILLE SCHOOL DISTRICT","00042","BATESVILLE JUNIOR HIGH SCHOOL","050001900042","DB",0,0,0,0,0,0,0,0,0,0,0,0,0,0,0,0,0,0,0,0,0,0,0,0,0,0,0,0,0,0,0,0,0,0,0
"AR","ARKANSAS","0500016","MARMADUKE SCHOOL DISTRICT","00690","MARMADUKE ELEMENTARY SCHOOL","050001600690","DB",0,0,0,0,0,0,0,0,0,0,0,0,0,0,0,0,0,0,0,0,0,0,0,0,0,0,0,0,0,0,0,0,0,0,0
"AR","ARKANSAS","0509420","MARKED TREE SCHOOL DISTRICT","00689","MARKED TREE ELEMENTARY SCHOOL","050942000689","DB",0,0,0,0,0,0,0,0,0,0,0,0,0,0,0,0,0,0,0,0,0,0,0,0,0,0,0,0,0,0,0,0,0,0,0
"AR","ARKANSAS","0500016","MARMADUKE SCHOOL DISTRICT","00691","MARMADUKE HIGH SCHOOL","050001600691","DB",0,0,0,0,0,0,0,0,0,0,0,0,0,0,0,0,0,0,0,0,0,0,0,0,0,0,0,0,0,0,0,0,0,0,0
"AR","ARKANSAS","0502880","BEEBE SCHOOL DISTRICT","00057","BEEBE HIGH SCHOOL","050288000057","DB",0,0,0,0,0,0,0,0,0,0,0,0,0,0,0,0,0,0,0,0,0,0,0,0,0,0,0,0,0,0,0,0,0,0,0
"AR","ARKANSAS","0508280","JONESBORO SCHOOL DISTRICT","00554","MICROSOCIETY MAGNET SCHOOL","050828000554","DB",0,0,0,0,0,0,0,0,0,0,0,0,0,0,0,0,0,0,0,0,0,0,0,0,0,0,0,0,0,0,0,0,0,0,0
"AR","ARKANSAS","0508280","JONESBORO SCHOOL DISTRICT","00551","THE ACADEMIES AT JONESBORO HIGH SCHOOL","050828000551","DB",0,0,0,0,0,0,0,0,0,0,0,0,0,0,0,0,0,0,0,0,0,0,0,0,0,0,0,0,0,0,0,0,0,0,0
"AR","ARKANSAS","0500019","BATESVILLE SCHOOL DISTRICT","00144","EAGLE MOUNTAIN MAGNET SCHOOL","050001900144","DB",0,0,0,0,0,0,0,0,0,0,0,0,0,0,0,0,0,0,0,0,0,0,0,0,0,0,0,0,0,0,0,0,0,0,0
"AR","ARKANSAS","0508280","JONESBORO SCHOOL DISTRICT","01362","KINDERGARTEN CENTER","050828001362","DB",0,0,0,0,0,0,0,0,0,0,0,0,0,0,0,0,0,0,0,0,0,0,0,0,0,0,0,0,0,0,0,0,0,0,0
"AR","ARKANSAS","0508280","JONESBORO SCHOOL DISTRICT","00550","VISUAL & PERFORMING ART MAGNET","050828000550","DB",0,0,0,0,0,0,0,0,0,0,0,0,0,0,0,0,0,0,0,0,0,0,0,0,0,0,0,0,0,0,0,0,0,0,0
"AR","ARKANSAS","0508280","JONESBORO SCHOOL DISTRICT","00548","DOUGLAS MACARTHUR JHS","050828000548","DB",0,0,0,0,0,0,0,0,0,0,0,0,0,0,0,0,0,0,0,0,0,0,0,0,0,0,0,0,0,0,0,0,0,0,0
"AR","ARKANSAS","0502880","BEEBE SCHOOL DISTRICT","00054","BEEBE ELEMENTARY SCHOOL","050288000054","DB",0,0,0,0,0,0,0,0,0,0,0,0,0,0,0,0,0,0,0,0,0,0,0,0,0,0,0,0,0,0,0,0,0,0,0
"AR","ARKANSAS","0500418","FUTURE SCHOOL OF FORT SMITH","01627","FURTURE SCHOOL OF FORT SMITH","050041801627","DB",0,0,0,0,0,0,0,0,0,0,0,0,0,0,0,0,0,0,0,0,0,0,0,0,0,0,0,0,0,0,0,0,0,0,0
"AR","ARKANSAS","0500019","BATESVILLE SCHOOL DISTRICT","01092","SULPHUR ROCK MAGNET SCHOOL","050001901092","DB",0,0,0,0,0,0,0,0,0,0,0,0,0,0,0,0,0,0,0,0,0,0,0,0,0,0,0,0,0,0,0,0,0,0,0
"AR","ARKANSAS","0509420","MARKED TREE SCHOOL DISTRICT","00687","MARKED TREE HIGH SCHOOL","050942000687","DB",0,0,0,0,0,0,0,0,0,0,0,0,0,0,0,0,0,0,0,0,0,0,0,0,0,0,0,0,0,0,0,0,0,0,0
"AR","ARKANSAS","0508280","JONESBORO SCHOOL DISTRICT","00553","HEALTH/WELLNESS ENVI MAGNET","050828000553","DB",0,0,0,0,0,0,0,0,0,0,0,0,0,0,0,0,0,0,0,0,0,0,0,0,0,0,0,0,0,0,0,0,0,0,0
"AR","ARKANSAS","0502880","BEEBE SCHOOL DISTRICT","00474","BEEBE MIDDLE SCHOOL","050288000474","DB",0,0,0,0,0,0,0,0,0,0,0,0,0,0,0,0,0,0,0,0,0,0,0,0,0,0,0,0,0,0,0,0,0,0,0
"AR","ARKANSAS","0507740","CROSS COUNTY SCHOOL DISTRICT","01509","CROSS COUNTY ELEMENTARY TECH ACADEMY","050774001509","DB",0,0,0,0,0,0,0,0,0,0,0,0,0,0,0,0,0,0,0,0,0,0,0,0,0,0,0,0,0,0,0,0,0,0,0
"AR","ARKANSAS","0508280","JONESBORO SCHOOL DISTRICT","00549","INTERNATIONAL STUDIES MAGNET","050828000549","DB",0,0,0,0,0,0,0,0,0,0,0,0,0,0,0,0,0,0,0,0,0,0,0,0,0,0,0,0,0,0,0,0,0,0,0
"AR","ARKANSAS","0502880","BEEBE SCHOOL DISTRICT","00055","BEEBE JUNIOR HIGH SCHOOL","050288000055","DB",0,0,0,0,0,0,0,0,0,0,0,0,0,0,0,0,0,0,0,0,0,0,0,0,0,0,0,0,0,0,0,0,0,0,0
"AR","ARKANSAS","0500019","BATESVILLE SCHOOL DISTRICT","00046","WEST MAGNET SCHOOL","050001900046","DB",0,0,0,0,0,0,0,0,0,0,0,0,0,0,0,0,0,0,0,0,0,0,0,0,0,0,0,0,0,0,0,0,0,0,0
"AR","ARKANSAS","0508280","JONESBORO SCHOOL DISTRICT","00547","ANNIE CAMP JR. HIGH SCHOOL","050828000547","DB",0,0,0,0,0,0,0,0,0,0,0,0,0,0,0,0,0,0,0,0,0,0,0,0,0,0,0,0,0,0,0,0,0,0,0
"AR","ARKANSAS","0508280","JONESBORO SCHOOL DISTRICT","00552","MATH & SCIENCE MAGNET SCHOOL","050828000552","DB",0,0,0,0,0,0,0,0,0,0,0,0,0,0,0,0,0,0,0,0,0,0,0,0,0,0,0,0,0,0,0,0,0,0,0
"AR","ARKANSAS","0506690","CENTERPOINT SCHOOL DISTRICT","01652","CENTERPOINT ELEMENTARY SCHOOL","050669001652","DB",0,0,0,0,0,0,0,0,0,0,0,0,0,0,0,0,0,0,0,0,0,0,0,0,0,0,0,0,0,0,0,0,0,0,0
"AR","ARKANSAS","0506690","CENTERPOINT SCHOOL DISTRICT","01720","CENTERPOINT ACADEMY OF AGRICULTURE & SKILLS TRADES","050669001720","DB",0,0,0,0,0,0,0,0,0,0,0,0,0,0,0,0,0,0,0,0,0,0,0,0,0,0,0,0,0,0,0,0,0,0,0
"AR","ARKANSAS","0506690","CENTERPOINT SCHOOL DISTRICT","00341","CENTERPOINT HIGH SCHOOL","050669000341","DB",0,0,0,0,0,0,0,0,0,0,0,0,0,0,0,0,0,0,0,0,0,0,0,0,0,0,0,0,0,0,0,0,0,0,0
"AR","ARKANSAS","0500389","DHS DIVISION OF DEVELOPMENTAL DISABILITIES SERVICES","01516","CONWAY HUMAN DEVELOPMENT CENTER","050038901516","DB",0,0,0,0,0,0,0,0,0,0,0,0,0,0,0,0,0,0,0,0,0,0,0,0,0,0,0,0,0,0,0,0,0,0,0
"AR","ARKANSAS","0506690","CENTERPOINT SCHOOL DISTRICT","01680","CENTERPOINT MIDDLE SCHOOL","050669001680","DB",0,0,0,0,0,0,0,0,0,0,0,0,0,0,0,0,0,0,0,0,0,0,0,0,0,0,0,0,0,0,0,0,0,0,0
"AR","ARKANSAS","0500411","EXALT ACADEMY OF SOUTHWEST LITTLE ROCK","01599","EXALT ACADEMY OF SOUTHWEST LITTLE ROCK","050041101599","DB",0,0,0,0,0,0,0,0,0,0,0,0,0,0,0,0,0,0,0,0,0,0,0,0,0,0,0,0,0,0,0,0,0,0,0
"CA","CALIFORNIA","0628650","Orange Unified","04422","Canyon Hills","062865004422","DB",0,0,0,1,0,0,0,0,0,0,0,0,0,0,1,0,1,0,0,0,0,0,0,0,0,0,1,0,0,0,0,0,0,0,0
"CA","CALIFORNIA","0600002","California School for the Blind (State Special Schl)","10346","California School for the Blind","060000210346","DB",0,0,0,0,0,0,0,0,0,0,2,0,0,0,2,0,0,0,2,0,0,0,0,0,0,0,0,0,0,0,0,0,0,0,2
"CA","CALIFORNIA","0642150","Westminster","06907","Fryberger Elementary","064215006907","DB",0,0,0,1,0,0,0,0,0,0,0,0,0,0,1,0,1,0,0,0,0,0,1,0,0,0,0,0,0,0,0,0,0,0,0
"CA","CALIFORNIA","0630750","Placer Union High","04782","Del Oro High","063075004782","DB",0,0,0,0,0,0,1,0,0,0,0,0,0,1,2,0,1,0,1,0,0,0,0,1,0,0,0,0,0,0,0,1,0,0,0
"CA","CALIFORNIA","0600007","CA Sch for the Deaf-Riverside (State Special Schl)","10348","California School for the Deaf-Riverside","060000710348","DB",0,0,0,0,0,0,0,0,0,0,0,1,0,0,1,0,0,0,1,0,0,0,0,0,0,0,0,0,0,0,0,0,0,0,1
"CA","CALIFORNIA","0624540","Menifee Union Elementary","09402","Menifee Valley Middle","062454009402","DB",0,0,0,1,0,0,0,0,0,0,0,0,0,0,1,0,1,0,0,0,0,0,1,0,0,0,0,0,0,0,0,0,0,0,0
"CA","CALIFORNIA","0616230","Grossmont Union High","02028","Valhalla High","061623002028","DB",0,0,0,0,0,0,0,0,0,0,0,0,0,1,1,0,0,0,1,0,0,0,0,0,0,0,0,0,0,0,0,1,0,0,0
"CA","CALIFORNIA","0616230","Grossmont Union High","02022","Grossmont High","061623002022","DB",0,0,0,1,0,0,0,0,0,0,0,0,0,0,1,0,1,0,0,0,0,0,1,0,0,0,0,0,0,0,0,0,0,0,0
"CA","CALIFORNIA","0607500","Carlsbad Unified","11987","Poinsettia Elementary","060750011987","DB",0,0,0,0,0,0,0,0,0,0,0,0,0,1,1,0,0,0,1,0,0,0,0,0,0,0,0,0,0,0,0,0,1,0,0
"CA","CALIFORNIA","0691041","Stanislaus County Office of Education","07228","Stanislaus County Special Education","069104107228","DB",0,0,0,0,0,0,0,0,0,0,0,0,0,1,1,0,0,0,1,0,0,0,0,0,0,0,0,0,0,0,1,0,0,0,0
"CA","CALIFORNIA","0617340","Hollister","02180","R. O. Hardin Elementary","061734002180","DB",0,0,0,1,0,0,0,0,0,0,0,0,0,0,1,1,0,0,0,0,0,0,0,0,0,0,1,0,0,0,0,0,0,0,0
"CA","CALIFORNIA","0617340","Hollister","02181","Rancho San Justo","061734002181","DB",0,0,0,1,0,0,0,0,0,0,0,0,0,0,1,0,1,0,0,0,0,0,1,0,0,0,0,0,0,0,0,0,0,0,0
"CA","CALIFORNIA","0601990","California Virtual Academy @ San Joaquin District","13191","California Virtual Academy @ San Joaquin","060199013191","DB",0,0,0,0,1,0,0,0,0,0,0,0,0,0,1,0,1,0,0,0,0,0,1,0,0,0,0,0,0,0,0,0,0,0,0
"CA","CALIFORNIA","0614400","Fremont Unified","01670","John M. Horner Middle","061440001670","DB",0,1,0,0,0,0,0,0,0,0,0,0,0,0,1,0,1,0,0,0,0,0,1,0,0,0,0,0,0,0,0,0,0,0,0
"CA","CALIFORNIA","0621600","Liberty Union High","10755","Heritage High","062160010755","DB",0,0,0,0,0,0,0,0,0,0,0,0,0,1,1,0,0,0,1,0,0,0,0,0,0,0,0,0,0,0,1,0,0,0,0
"CA","CALIFORNIA","0691042","Sutter County Office of Education","07231","Sutter County Special Education","069104207231","DB",0,0,0,1,0,0,0,0,0,0,0,0,0,0,1,1,0,0,0,0,0,0,1,0,0,0,0,0,0,0,0,0,0,0,0
"CA","CALIFORNIA","0691010","Imperial County Office of Education","07929","Imperial County Special Education","069101007929","DB",0,0,0,1,0,0,0,0,0,0,0,0,0,0,1,1,0,0,0,0,0,0,0,0,0,0,1,0,0,0,0,0,0,0,0
"CA","CALIFORNIA","0635130","San Ramon Valley Unified","05957","San Ramon Valley High","063513005957","DB",0,0,0,0,0,0,1,0,0,0,0,0,0,0,1,0,1,0,0,0,0,0,1,0,0,0,0,0,0,0,0,0,0,0,0
"CA","CALIFORNIA","0691049","Yolo County Office of Education","07243","Yolo County Special Education","069104907243","DB",0,0,0,0,1,0,0,0,0,0,0,0,0,0,1,0,1,0,0,0,0,0,1,0,0,0,0,0,0,0,0,0,0,0,0
"CA","CALIFORNIA","0615240","Glendale Unified","01937","Abraham Lincoln Elementary","061524001937","DB",0,0,0,0,0,0,0,0,0,0,0,0,0,1,1,0,0,0,1,0,0,0,0,0,0,0,0,0,0,0,1,0,0,0,0
"CA","CALIFORNIA","0642510","William S. Hart Union High","03264","Valencia High","064251003264","DB",0,0,0,1,0,0,1,0,0,0,0,0,0,0,2,0,2,0,0,0,0,0,1,1,0,0,0,0,0,0,0,0,0,0,0
"CA","CALIFORNIA","0604530","Belmont-Redwood Shores Elementary","12574","Redwood Shores Elementary","060453012574","DB",0,0,0,0,0,0,0,0,0,0,0,1,0,0,1,0,0,0,1,0,0,0,0,0,0,0,0,0,0,0,1,0,0,0,0
"CA","CALIFORNIA","0691029","San Bernardino County Office of Education","07174","San Bernardino County Special Education","069102907174","DB",0,0,0,0,0,0,0,0,0,0,1,0,0,0,1,0,0,0,1,0,0,0,0,0,0,0,0,0,0,0,0,1,0,0,0
"CA","CALIFORNIA","0625800","Moreno Valley Unified","09405","Mountain View Middle","062580009405","DB",0,0,0,1,0,0,0,0,0,0,0,0,0,0,1,0,1,0,0,0,0,0,0,0,1,0,0,0,0,0,0,0,0,0,0
"CA","CALIFORNIA","0625800","Moreno Valley Unified","03865","Edgemont Elementary","062580003865","DB",0,0,0,1,0,0,0,0,0,0,0,0,0,0,1,0,1,0,0,0,0,0,0,0,0,0,1,0,0,0,0,0,0,0,0
"CA","CALIFORNIA","0602630","Anaheim Union High","00170","Ball Junior High","060263000170","DB",0,0,0,1,0,0,0,0,0,0,0,0,0,0,1,1,0,0,0,0,0,0,1,0,0,0,0,0,0,0,0,0,0,0,0
"CA","CALIFORNIA","0636390","Sequoia Union High","06198","Sequoia High","063639006198","DB",0,0,0,1,0,0,0,0,0,0,0,0,0,0,1,0,1,0,0,0,0,0,1,0,0,0,0,0,0,0,0,0,0,0,0
"CA","CALIFORNIA","0602630","Anaheim Union High","00180","Loara High","060263000180","DB",0,0,0,1,0,0,0,0,0,0,0,0,0,0,1,1,0,0,0,0,0,0,0,1,0,0,0,0,0,0,0,0,0,0,0
"CA","CALIFORNIA","0609940","Cotati-Rohnert Park Unified","01081","Rancho Cotate High","060994001081","DB",0,0,0,0,0,0,1,0,0,0,0,0,0,0,1,0,1,0,0,0,0,0,1,0,0,0,0,0,0,0,0,0,0,0,0
"CA","CALIFORNIA","0691035","Santa Clara County Office of Education","09250","Santa Clara County Special Education","069103509250","DB",0,0,0,1,0,0,0,0,0,0,1,0,0,1,3,1,0,0,2,0,0,0,1,0,0,0,0,0,0,0,1,0,0,0,1
"CA","CALIFORNIA","0691007","Fresno County Office of Education","09220","Fresno County Special Education","069100709220","DB",0,0,0,0,0,0,0,0,0,0,0,0,0,1,1,0,0,0,1,0,0,0,0,0,0,0,0,0,0,0,1,0,0,0,0
"CA","CALIFORNIA","0602310","Alum Rock Union Elementary","00108","Linda Vista Elementary","060231000108","DB",0,1,0,0,0,0,0,0,0,0,0,0,0,0,1,0,1,0,0,0,0,0,0,0,0,0,1,0,0,0,0,0,0,0,0
"CA","CALIFORNIA","0691034","Santa Barbara County Office of Education","07192","Santa Barbara County Special Education","069103407192","DB",0,0,0,1,0,0,0,0,0,0,0,0,0,0,1,0,1,0,0,0,0,0,0,1,0,0,0,0,0,0,0,0,0,0,0
"CA","CALIFORNIA","0634320","San Diego Unified","12352","Innovation Middle","063432012352","DB",0,0,0,1,0,0,0,0,0,0,0,0,0,0,1,0,1,0,0,0,0,0,1,0,0,0,0,0,0,0,0,0,0,0,0
"CA","CALIFORNIA","0634320","San Diego Unified","05497","Lafayette Elementary","063432005497","DB",0,0,0,0,0,0,1,0,0,0,0,0,0,0,1,0,1,0,0,0,0,0,1,0,0,0,0,0,0,0,0,0,0,0,0
"CA","CALIFORNIA","0619540","Kern High","02345","Highland High","061954002345","DB",0,0,0,0,0,0,0,0,0,0,1,0,0,0,1,0,0,0,1,0,0,0,0,0,0,0,0,0,0,0,1,0,0,0,0
"CA","CALIFORNIA","0632550","West Contra Costa Unified","05063","Tara Hills Elementary","063255005063","DB",0,0,0,0,0,0,0,0,0,0,1,0,0,0,1,0,0,1,0,0,0,0,0,0,0,0,0,0,0,0,1,0,0,0,0
"CA","CALIFORNIA","0633840","Sacramento City Unified","10040","Leonardo Da Vinci","063384010040","DB",0,0,0,1,0,0,0,0,0,0,0,0,0,0,1,0,1,0,0,0,0,0,0,0,1,0,0,0,0,0,0,0,0,0,0
"CA","CALIFORNIA","0632550","West Contra Costa Unified","05014","Collins Elementary","063255005014","DB",0,0,0,0,0,0,0,0,0,0,1,0,0,0,1,0,0,0,1,0,0,0,0,0,0,0,0,0,0,0,0,1,0,0,0
"CA","CALIFORNIA","0641190","Vista Unified","06823","Vista Adult Transition Center","064119006823","DB",0,0,0,0,0,0,0,0,0,0,0,0,0,1,1,0,0,0,1,0,0,0,0,0,0,0,0,0,0,0,0,0,0,0,1
"CA","CALIFORNIA","0691025","Placer County Office of Education","09030","Placer County Special Education","069102509030","DB",0,0,0,0,0,0,1,0,0,0,0,0,0,1,2,0,1,0,1,0,0,0,0,1,0,0,0,0,0,0,0,1,0,0,0
"CA","CALIFORNIA","0622500","Long Beach Unified","02745","Millikan High","062250002745","DB",0,0,0,0,0,0,0,0,0,0,0,0,0,1,1,0,0,0,1,0,0,0,0,0,0,0,0,0,0,0,1,0,0,0,0
"CA","CALIFORNIA","0628860","Orinda Union Elementary","04472","Orinda Intermediate","062886004472","DB",0,0,0,0,0,0,1,0,0,0,0,0,0,0,1,0,1,0,0,0,0,0,0,1,0,0,0,0,0,0,0,0,0,0,0
"CA","CALIFORNIA","0608250","Chatom Union","00808","Chatom Elementary","060825000808","DB",0,0,0,1,0,0,0,0,0,0,0,0,0,0,1,1,0,0,0,0,0,0,1,0,0,0,0,0,0,0,0,0,0,0,0
"CA","CALIFORNIA","0607970","Central Unified","10493","River Bluff Elementary","060797010493","DB",0,0,0,0,0,0,0,0,0,0,0,0,0,1,1,0,0,0,1,0,0,0,0,0,0,0,0,0,0,0,0,1,0,0,0
"CA","CALIFORNIA","0613500","Fallbrook Union Elementary","01544","San Onofre Elementary","061350001544","DB",0,0,0,0,0,0,0,0,0,0,0,0,0,1,1,0,0,0,1,0,0,0,0,0,0,0,0,0,0,0,1,0,0,0,0
"CA","CALIFORNIA","0638010","Stockton Unified","06426","Montezuma Elementary","063801006426","DB",0,0,0,0,0,0,0,0,0,0,1,0,0,0,1,0,0,1,0,0,0,0,0,0,0,0,0,0,0,0,0,1,0,0,0
"CA","CALIFORNIA","0638010","Stockton Unified","06403","Edison High","063801006403","DB",0,0,0,1,0,0,0,0,0,0,0,0,0,0,1,1,0,0,0,0,0,0,1,0,0,0,0,0,0,0,0,0,0,0,0
"CA","CALIFORNIA","0622710","Los Angeles Unified","10880","Pacific Boulevard","062271010880","DB",0,0,0,0,0,0,0,0,0,0,1,0,0,0,1,0,0,0,1,0,0,0,0,0,0,0,0,0,0,0,1,0,0,0,0
"CA","CALIFORNIA","0607440","Capistrano Unified","08543","Richard Henry Dana Exceptional Needs","060744008543","DB",0,0,0,0,0,0,0,0,0,0,0,0,0,1,1,0,0,0,0,0,0,0,0,0,0,0,0,0,0,0,0,0,0,0,0
"CA","CALIFORNIA","0633980","Salinas Union High","05336","Salinas High","063398005336","DB",0,0,0,0,0,0,1,0,0,0,0,0,0,0,1,0,1,0,0,0,0,0,0,0,1,0,0,0,0,0,0,0,0,0,0
"CA","CALIFORNIA","0622710","Los Angeles Unified","02899","Carson Senior High","062271002899","DB",0,0,0,1,0,0,0,0,0,0,0,0,0,0,1,0,1,0,0,0,0,0,1,0,0,0,0,0,0,0,0,0,0,0,0
"CA","CALIFORNIA","0606450","Burbank Unified","00563","Burbank High","060645000563","DB",0,0,0,0,0,0,0,0,0,0,1,0,0,0,1,0,0,0,1,0,0,0,0,0,0,0,0,0,0,0,1,0,0,0,0
"CA","CALIFORNIA","0612880","Escondido Union","11128","Bear Valley Middle","061288011128","DB",0,0,0,0,0,0,0,0,0,0,0,0,0,1,1,0,0,0,1,0,0,0,0,0,0,0,0,0,0,0,1,0,0,0,0
"CA","CALIFORNIA","0633980","Salinas Union High","05335","North Salinas High","063398005335","DB",0,0,0,1,0,0,0,0,0,0,0,0,0,0,1,0,1,0,0,0,0,0,0,1,0,0,0,0,0,0,0,0,0,0,0
"CA","CALIFORNIA","0625150","Modesto City High","03753","Thomas Downey High","062515003753","DB",0,0,0,1,0,0,0,0,0,0,0,0,0,0,1,0,1,0,0,0,0,0,1,0,0,0,0,0,0,0,0,0,0,0,0
"CA","CALIFORNIA","0634620","San Juan Unified","05755","John Barrett Middle","063462005755","DB",0,0,0,0,0,0,0,0,0,0,1,0,0,0,1,0,0,0,1,0,0,0,0,0,0,0,0,0,0,0,0,0,1,0,0
"CA","CALIFORNIA","0634620","San Juan Unified","05821","Ralph Richardson Center","063462005821","DB",0,0,0,0,0,0,0,0,0,0,0,1,0,0,1,0,0,0,1,0,0,0,0,0,0,0,0,0,0,0,0,0,0,0,1
"CA","CALIFORNIA","0611460","Downey Unified","01275","Sussman (Edward A.) Middle","061146001275","DB",0,0,0,0,0,0,0,0,0,0,1,0,0,0,1,0,0,1,0,0,0,0,0,0,0,0,0,0,0,0,1,0,0,0,0
"CA","CALIFORNIA","0600003","California School for the Deaf-Fremont (State Special Schl)","10347","California School for the Deaf-Fremont","060000310347","DB",0,0,0,0,0,0,0,0,0,0,1,0,0,1,2,0,0,0,2,0,0,0,0,0,0,0,0,0,0,0,0,0,0,0,2
"CA","CALIFORNIA","0613890","Folsom-Cordova Unified","01570","Folsom High","061389001570","DB",0,1,0,0,0,0,0,0,0,0,0,0,0,0,1,1,0,0,0,0,0,0,0,1,0,0,0,0,0,0,0,0,0,0,0
"CO","COLORADO","0806900","Adams 12 Five Star Schools","01196","Woodglen Elementary School","080690001196","DB",0,0,0,1,0,0,0,0,0,0,0,0,0,0,1,0,1,0,0,0,0,0,0,1,0,0,0,0,0,0,0,0,0,0,0
"CO","COLORADO","0806900","Adams 12 Five Star Schools","01194","Westlake Middle School","080690001194","DB",0,0,0,0,0,0,0,0,0,0,1,0,0,0,1,0,0,1,0,0,0,0,0,0,0,0,0,0,0,0,0,0,1,0,0
"CO","COLORADO","0806900","Adams 12 Five Star Schools","01784","Legacy High School","080690001784","DB",0,0,0,1,0,0,0,0,0,0,0,0,0,0,1,0,1,0,0,0,0,0,0,1,0,0,0,0,0,0,0,0,0,0,0
"CO","COLORADO","0806900","Adams 12 Five Star Schools","01186","Shadow Ridge Middle School","080690001186","DB",0,0,0,0,0,0,0,0,0,0,0,1,0,0,1,0,0,0,1,0,0,0,0,0,0,0,0,0,0,0,0,0,1,0,0
"CO","COLORADO","0803450","Douglas County School District, No. Re 1","01918","Castle View High School","080345001918","DB",0,0,0,0,0,0,0,0,0,0,0,0,0,1,1,0,0,0,1,0,0,0,0,0,0,0,0,0,0,0,0,1,0,0,0
"CO","COLORADO","0803450","Douglas County School District, No. Re 1","01578","Chaparral High School","080345001578","DB",0,0,0,0,0,0,1,0,0,0,0,0,0,0,1,0,1,0,0,0,0,0,0,0,1,0,0,0,0,0,0,0,0,0,0
"CO","COLORADO","0803450","Douglas County School District, No. Re 1","01757","Arrowwood Elementary School","080345001757","DB",0,0,0,0,0,0,0,0,1,0,0,0,0,0,1,0,0,0,1,0,0,0,0,0,0,0,0,0,0,0,0,0,1,0,0
"CO","COLORADO","0805220","Lamar School District No. Re-2","00862","Lamar High School","080522000862","DB",0,0,0,0,0,0,1,0,0,0,0,0,0,0,1,0,1,0,0,0,0,0,0,0,1,0,0,0,0,0,0,0,0,0,0
"CO","COLORADO","0803060","Colorado Springs, School District No. 11, in the county of E","01642","Trailblazer Elementary School","080306001642","DB",0,0,0,0,0,0,0,0,0,0,0,0,0,1,1,0,0,0,1,0,0,0,0,0,0,0,0,0,0,0,0,0,1,0,0
"CO","COLORADO","0804800","Jefferson County School District No. R-1","01606","Rocky Mountain Deaf School","080480001606","DB",0,0,1,1,0,0,0,0,0,0,0,0,0,2,4,0,2,0,2,0,0,0,0,0,0,0,2,0,0,0,0,0,0,0,2
"CO","COLORADO","0802340","Aurora, Joint District No. 28 of the counties of Adams and A","00056","Aurora Central High School","080234000056","DB",0,0,0,1,0,0,0,0,0,0,0,0,0,0,1,1,0,0,0,0,0,0,0,0,1,0,0,0,0,0,0,0,0,0,0
"CO","COLORADO","0804800","Jefferson County School District No. R-1","00756","Miller Special Education","080480000756","DB",0,0,0,0,0,0,1,0,0,0,0,0,0,0,1,0,1,0,0,0,0,0,0,0,0,0,1,0,0,0,0,0,0,0,0
"CO","COLORADO","0801920","Academy, School District No. 20, in the county of El Paso an","06631","Discovery Canyon Campus Elementary School","080192006631","DB",0,0,0,0,0,0,0,0,0,0,0,0,0,1,1,0,0,0,1,0,0,0,0,0,0,0,0,0,0,0,0,0,1,0,0
"CO","COLORADO","0801920","Academy, School District No. 20, in the county of El Paso an","06616","Discovery Canyon Campus Middle School","080192006616","DB",0,0,0,0,0,0,1,0,0,0,0,0,0,0,1,0,1,0,0,0,0,0,0,1,0,0,0,0,0,0,0,0,0,0,0
"CO","COLORADO","0801920","Academy, School District No. 20, in the county of El Paso an","01842","The Da Vinci Academy School","080192001842","DB",0,0,0,0,0,0,0,0,1,0,0,0,0,0,1,0,0,1,0,0,0,0,0,0,0,0,0,0,0,0,0,0,1,0,0
"CO","COLORADO","0803090","Montezuma-Cortez School District No. Re-1","00833","Montezuma-Cortez Middle School","080309000833","DB",1,0,0,0,0,0,0,0,0,0,0,0,0,0,1,0,1,0,0,0,0,0,0,0,1,0,0,0,0,0,0,0,0,0,0
"CO","COLORADO","0800023","Colorado School for the Deaf and Blind","06410","Colorado School for the Deaf and Blind","080002306410","DB",0,1,0,0,0,0,0,0,0,0,2,0,0,3,6,0,1,0,5,0,0,0,0,0,0,0,1,0,0,0,0,0,0,1,4
"CO","COLORADO","0804410","Greeley,School District No. 6, in the county of Weld and Sta","01788","Northridge High School","080441001788","DB",0,0,0,0,0,0,0,0,0,0,1,0,0,0,1,0,0,0,1,0,0,0,0,0,0,0,0,0,0,0,0,1,0,0,0
"CO","COLORADO","0804410","Greeley,School District No. 6, in the county of Weld and Sta","00648","Meeker Elementary School","080441000648","DB",0,0,0,0,0,0,1,0,0,0,0,0,0,0,1,0,1,0,0,0,0,0,1,0,0,0,0,0,0,0,0,0,0,0,0
"CO","COLORADO","0803360","School District No. 1 in the county of Denver and State of C","01869","Bruce Randolph School","080336001869","DB",0,0,0,1,0,0,0,0,0,0,0,0,0,0,1,1,0,0,0,0,0,0,1,0,0,0,0,0,0,0,0,0,0,0,0
"CO","COLORADO","0803360","School District No. 1 in the county of Denver and State of C","06520","Noel Community Arts School","080336006520","DB",0,0,0,0,0,0,0,0,0,0,0,0,1,0,1,0,0,0,1,0,0,0,0,0,0,0,0,0,0,0,0,1,0,0,0
"CO","COLORADO","0804350","Mesa County Valley School District No. 51","00610","Fruitvale Elementary School","080435000610","DB",0,0,0,0,0,0,0,0,0,0,1,0,0,0,1,0,0,0,1,0,0,0,0,0,0,0,0,0,0,0,0,0,1,0,0
"CO","COLORADO","0804350","Mesa County Valley School District No. 51","01347","Wingate Elementary School","080435001347","DB",0,0,0,0,0,0,1,0,0,0,0,0,0,0,1,0,1,0,0,0,0,0,0,0,1,0,0,0,0,0,0,0,0,0,0
"CT","CONNECTICUT","0901050","Darien School District","00164","Darien High School","090105000164","DB",0,0,0,0,0,0,0,0,0,0,0,0,0,1,1,0,0,0,1,0,0,0,0,0,0,0,0,0,0,0,0,1,0,0,0
"CT","CONNECTICUT","0904170","South Windsor School District","00827","Timothy Edwards School","090417000827","DB",0,0,0,0,0,0,1,0,0,0,0,0,0,0,1,0,1,0,0,0,0,0,0,0,1,0,0,0,0,0,0,0,0,0,0
"CT","CONNECTICUT","0905070","Wethersfield School District","01068","Wethersfield High School","090507001068","DB",0,0,0,0,0,0,0,0,0,0,0,0,0,1,1,0,0,0,1,0,0,0,0,0,0,0,0,0,0,0,0,0,1,0,0
"CT","CONNECTICUT","0904830","Waterbury School District","00976","Gilmartin School","090483000976","DB",0,0,0,0,0,0,0,0,0,0,0,1,0,0,1,0,0,0,1,0,0,0,0,0,0,0,0,0,0,0,0,0,1,0,0
"DE","DELAWARE","1000680","Indian River School District","00084","Ennis (Howard T.) School","100068000084","DB",0,0,0,0,0,0,3,0,0,1,1,0,0,2,7,0,3,0,4,0,0,0,0,0,0,0,3,0,0,0,0,0,0,0,4
"DE","DELAWARE","1001300","Red Clay Consolidated School District","00276","duPont (Alexis I.) High School","100130000276","DB",0,0,0,0,0,0,1,0,0,0,0,0,0,0,1,0,1,0,0,0,0,0,1,0,0,0,0,0,0,0,0,0,0,0,0
"DE","DELAWARE","1001300","Red Clay Consolidated School District","00104","Brandywine Springs School","100130000104","DB",0,0,0,0,0,0,0,0,0,0,0,0,0,1,1,0,0,0,1,0,0,0,0,0,0,0,0,0,0,0,1,0,0,0,0
"DE","DELAWARE","1001530","Seaford School District","00156","Seaford Middle School","100153000156","DB",0,0,1,0,0,0,0,0,0,0,0,0,0,0,1,0,1,0,0,0,0,0,1,0,0,0,0,0,0,0,0,0,0,0,0
"DE","DELAWARE","1001530","Seaford School District","00157","Frederick Douglass Elementary School","100153000157","DB",0,0,0,1,0,0,0,0,0,0,0,0,0,0,1,0,1,0,0,0,0,0,1,0,0,0,0,0,0,0,0,0,0,0,0
"DE","DELAWARE","1000190","Capital School District","00051","East Dover Elementary School","100019000051","DB",0,0,0,1,0,0,0,0,0,0,0,0,0,0,1,0,1,0,0,0,0,0,1,0,0,0,0,0,0,0,0,0,0,0,0
"DE","DELAWARE","1000190","Capital School District","00057","Booker T. Washington Elementary School","100019000057","DB",0,0,1,0,0,0,0,0,0,1,0,0,0,0,2,0,1,0,1,0,0,0,1,0,0,0,0,0,0,0,0,0,1,0,0
"DE","DELAWARE","1000190","Capital School District","00055","South Dover Elementary School","100019000055","DB",0,0,0,0,0,0,0,0,0,1,0,0,0,0,1,0,0,0,1,0,0,0,0,0,0,0,0,0,0,0,1,0,0,0,0
"DE","DELAWARE","1000190","Capital School District","00050","Dover High School","100019000050","DB",0,0,1,0,0,0,0,0,0,0,0,0,0,0,1,0,1,0,0,0,0,0,1,0,0,0,0,0,0,0,0,0,0,0,0
"DE","DELAWARE","1001240","Brandywine School District","00283","Lancashire Elementary School","100124000283","DB",0,0,0,0,0,0,0,0,0,0,0,0,0,1,1,0,0,0,1,0,0,0,0,0,0,0,0,0,0,0,0,0,0,0,1
"DE","DELAWARE","1001080","Milford School District","00111","Milford Senior High School","100108000111","DB",0,0,0,1,0,0,0,0,0,0,0,0,0,0,1,0,1,0,0,0,0,0,0,0,0,0,1,0,0,0,0,0,0,0,0
"DE","DELAWARE","1000019","MOT Charter School","00123","MOT Charter School","100001900123","DB",0,0,0,0,0,0,0,0,1,0,0,0,0,0,1,0,0,0,1,0,0,0,0,0,0,0,0,0,0,0,0,0,1,0,0
"DE","DELAWARE","1001620","Smyrna School District","00352","Clayton Intermediate School","100162000352","DB",0,0,0,0,0,0,1,0,0,0,0,0,0,0,1,0,1,0,0,0,0,0,0,0,0,0,1,0,0,0,0,0,0,0,0
"DE","DELAWARE","1000230","Colonial School District","00196","Leach (John G.) School","100023000196","DB",0,0,0,1,0,0,1,0,0,1,0,0,0,0,3,0,2,0,1,0,0,0,0,0,0,0,2,0,0,0,0,0,0,0,1
"DE","DELAWARE","1000170","Cape Henlopen School District","00035","Rehoboth Elementary School","100017000035","DB",0,0,1,0,0,0,0,0,0,0,0,0,0,0,1,0,1,0,0,0,0,0,0,0,0,0,1,0,0,0,0,0,0,0,0
"DE","DELAWARE","1000170","Cape Henlopen School District","00029","Cape Henlopen High School","100017000029","DB",0,0,0,0,0,0,1,0,0,0,0,0,0,0,1,0,1,0,0,0,0,0,1,0,0,0,0,0,0,0,0,0,0,0,0
"DE","DELAWARE","1000080","Appoquinimink School District","00347","Old State Elementary School","100008000347","DB",0,0,0,0,0,0,1,0,0,0,0,0,0,0,1,0,1,0,0,0,0,0,1,0,0,0,0,0,0,0,0,0,0,0,0
"DE","DELAWARE","1000080","Appoquinimink School District","00142","Brick Mill Elementary School","100008000142","DB",0,0,1,0,0,0,0,0,0,0,0,0,0,0,1,0,1,0,0,0,0,0,0,0,0,0,1,0,0,0,0,0,0,0,0
"DE","DELAWARE","1000080","Appoquinimink School District","00225","Appoquinimink High School","100008000225","DB",0,0,0,1,0,0,0,0,0,0,0,0,0,0,1,0,1,0,0,0,0,0,1,0,0,0,0,0,0,0,0,0,0,0,0
"DE","DELAWARE","1000080","Appoquinimink School District","00014","Meredith (Everett) Middle School","100008000014","DB",0,0,0,0,0,0,0,0,0,0,0,0,0,1,1,0,0,0,1,0,0,0,0,0,0,0,0,0,0,0,0,0,1,0,0
"DE","DELAWARE","1000790","Lake Forest School District","00098","Chipman (W.T.) Middle School","100079000098","DB",0,0,0,0,0,0,0,0,0,0,1,0,0,0,1,0,0,0,1,0,0,0,0,0,0,0,0,0,0,0,0,0,0,0,1
"DE","DELAWARE","1000200","Christina School District","00236","Gauger-Cobbs Middle School","100020000236","DB",0,0,0,0,0,0,0,0,1,0,0,0,0,0,1,0,0,0,1,0,0,0,0,0,0,0,0,0,0,0,1,0,0,0,0
"DE","DELAWARE","1000200","Christina School District","00210","Delaware School for the Deaf","100020000210","DB",0,0,0,0,0,0,1,0,0,0,0,0,0,0,1,0,1,0,0,0,0,0,0,0,0,0,1,0,0,0,0,0,0,0,0
"DC","DISTRICT OF COLUMBIA","1100030","District of Columbia Public Schools","00157","Payne ES","110003000157","DB",0,0,0,0,0,0,0,0,0,1,0,0,0,0,1,0,0,0,1,0,0,0,0,0,0,0,0,0,0,0,1,0,0,0,0
"FL","FLORIDA","1200480","DUVAL","00769","ALDEN ROAD EXCEP. STUDENT CENTER","120048000769","DB",0,0,0,0,0,0,2,0,0,0,0,0,0,0,2,0,2,0,0,0,0,0,0,0,0,0,2,0,0,0,0,0,0,0,0
"FL","FLORIDA","1200840","HIGHLANDS","03069","HILL-GUSTAT MIDDLE SCHOOL","120084003069","DB",0,0,0,0,0,0,1,0,0,0,0,0,0,0,1,0,1,0,0,0,0,0,1,0,0,0,0,0,0,0,0,0,0,0,0
"FL","FLORIDA","1201680","SARASOTA","01837","SARASOTA MIDDLE SCHOOL","120168001837","DB",0,0,0,0,0,0,0,0,0,0,0,0,0,1,1,0,0,0,1,0,0,0,0,0,0,0,0,0,0,0,0,0,1,0,0
"FL","FLORIDA","1201740","ST. JOHNS","02896","SEBASTIAN MIDDLE SCHOOL","120174002896","DB",0,0,0,0,0,0,0,0,0,0,0,0,0,1,1,0,0,0,1,0,0,0,0,0,0,0,0,0,0,0,1,0,0,0,0
"FL","FLORIDA","1201350","NASSAU","02520","YULEE PRIMARY SCHOOL","120135002520","DB",0,0,0,0,0,0,0,0,0,0,0,0,0,1,1,0,0,0,1,0,0,0,0,0,0,0,0,0,0,0,1,0,0,0,0
"FL","FLORIDA","1200480","DUVAL","00770","MAYPORT MIDDLE SCHOOL","120048000770","DB",0,0,0,0,0,0,0,0,0,1,0,0,0,0,1,0,0,0,1,0,0,0,0,0,0,0,0,0,0,0,0,0,1,0,0
"FL","FLORIDA","1201740","ST. JOHNS","07334","PACETTI BAY MIDDLE SCHOOL","120174007334","DB",0,0,0,0,0,0,0,0,0,1,0,0,0,0,1,0,0,0,1,0,0,0,0,0,0,0,0,0,0,0,0,0,1,0,0
"FL","FLORIDA","1201740","ST. JOHNS","01905","CROOKSHANK ELEMENTARY SCHOOL","120174001905","DB",0,0,0,1,0,0,0,0,0,0,0,0,0,0,1,0,1,0,0,0,0,0,1,0,0,0,0,0,0,0,0,0,0,0,0
"FL","FLORIDA","1201680","SARASOTA","01840","BRENTWOOD ELEMENTARY SCHOOL","120168001840","DB",0,0,0,0,0,0,0,0,0,0,0,0,0,1,1,0,0,0,1,0,0,0,0,0,0,0,0,0,0,0,1,0,0,0,0
"FL","FLORIDA","1200480","DUVAL","07594","WATERLEAF ELEMENTARY","120048007594","DB",0,0,0,1,0,0,0,0,0,0,0,0,0,0,1,0,1,0,0,0,0,0,1,0,0,0,0,0,0,0,0,0,0,0,0
"FL","FLORIDA","1200480","DUVAL","03053","MT. HERMAN ESE CENTER","120048003053","DB",0,0,0,1,0,0,0,0,0,0,0,0,0,0,1,0,1,0,0,0,0,0,0,0,0,0,1,0,0,0,0,0,0,0,0
"FL","FLORIDA","1200510","ESCAMBIA","04081","MOLINO PARK ELEMENTARY","120051004081","DB",0,0,0,0,0,0,0,0,0,0,0,0,0,1,1,0,0,0,1,0,0,0,0,0,0,0,0,0,0,0,0,0,1,0,0
"FL","FLORIDA","1200840","HIGHLANDS","00898","SEBRING MIDDLE SCHOOL","120084000898","DB",0,0,1,0,0,0,0,0,0,0,0,0,0,0,1,0,1,0,0,0,0,0,1,0,0,0,0,0,0,0,0,0,0,0,0
"FL","FLORIDA","1200480","DUVAL","08250","SEASIDE COMMUNITY CHARTER SCHOOL","120048008250","DB",0,0,0,0,0,0,0,0,0,0,0,0,0,1,1,0,0,0,1,0,0,0,0,0,0,0,0,0,0,0,0,0,1,0,0
"FL","FLORIDA","1201740","ST. JOHNS","02900","MILL CREEK ACADEMY","120174002900","DB",0,0,0,0,0,0,1,0,0,0,0,0,0,0,1,0,1,0,0,0,0,0,0,0,1,0,0,0,0,0,0,0,0,0,0
"FL","FLORIDA","1200480","DUVAL","07504","WESTVIEW K-8","120048007504","DB",0,0,1,0,0,0,0,0,0,0,0,0,0,0,1,0,1,0,0,0,0,0,1,0,0,0,0,0,0,0,0,0,0,0,0
"FL","FLORIDA","1201740","ST. JOHNS","07272","WARDS CREEK ELEMENTARY SCHOOL","120174007272","DB",0,0,0,1,0,0,0,0,0,0,0,0,0,0,1,0,1,0,0,0,0,0,0,0,1,0,0,0,0,0,0,0,0,0,0
"FL","FLORIDA","1200510","ESCAMBIA","00819","J. H. WORKMAN MIDDLE SCHOOL","120051000819","DB",0,0,0,0,0,0,0,0,0,1,0,0,0,0,1,0,0,0,1,0,0,0,0,0,0,0,0,0,0,0,0,1,0,0,0
"FL","FLORIDA","1201770","ST. LUCIE","03943","OAK HAMMOCK K-8 SCHOOL","120177003943","DB",0,0,1,2,0,0,1,0,0,0,0,0,0,1,5,0,4,0,1,0,0,0,3,0,1,0,0,0,0,0,1,0,0,0,0
"FL","FLORIDA","1201770","ST. LUCIE","03503","ST. LUCIE WEST CENTENNIAL HIGH","120177003503","DB",0,0,0,0,0,0,0,0,0,0,1,0,0,1,2,0,0,0,2,0,0,0,0,0,0,0,0,0,0,0,2,0,0,0,0
"FL","FLORIDA","1200090","BAY","02037","MARGARET K. LEWIS IN MILLVILLE","120009002037","DB",0,0,0,0,0,0,1,0,0,0,0,0,0,0,1,0,1,0,0,0,0,0,0,0,0,0,1,0,0,0,0,0,0,0,0
"FL","FLORIDA","1201950","WAKULLA","07429","RIVERSINK ELEMENTARY SCHOOL","120195007429","DB",0,0,0,0,0,0,0,0,0,0,0,0,0,1,1,0,0,0,1,0,0,0,0,0,0,0,0,0,0,0,0,0,1,0,0
"FL","FLORIDA","1201260","MARION","01271","FOREST HIGH SCHOOL","120126001271","DB",0,0,0,0,1,0,0,0,0,0,0,0,0,0,1,0,1,0,0,0,0,0,0,0,1,0,0,0,0,0,0,0,0,0,0
"FL","FLORIDA","1201530","PASCO","07610","WATERGRASS ELEMENTARY SCHOOL","120153007610","DB",0,0,1,0,0,0,0,0,0,0,0,0,0,0,1,0,1,0,0,0,0,0,1,0,0,0,0,0,0,0,0,0,0,0,0
"FL","FLORIDA","1201530","PASCO","05693","SEVEN OAKS ELEMENTARY SCHOOL","120153005693","DB",0,0,0,0,0,0,0,0,0,0,0,1,0,0,1,0,0,0,1,0,0,0,0,0,0,0,0,0,0,0,0,0,1,0,0
"FL","FLORIDA","1201530","PASCO","08638","WENDELL KRINN TECHNICAL HIGH SCHOOL","120153008638","DB",0,0,0,0,0,0,0,0,0,0,1,0,0,0,1,0,0,0,1,0,0,0,0,0,0,0,0,0,0,0,0,1,0,0,0
"FL","FLORIDA","1201530","PASCO","02882","RIVER RIDGE HIGH SCHOOL","120153002882","DB",0,0,0,0,0,0,0,0,0,0,0,1,0,1,2,0,0,0,2,0,0,0,0,0,0,0,0,0,0,0,0,0,2,0,0
"FL","FLORIDA","1200210","CALHOUN","00290","BLOUNTSTOWN HIGH SCHOOL","120021000290","DB",0,0,0,0,0,0,1,0,0,0,0,0,0,0,1,0,1,0,0,0,0,0,1,0,0,0,0,0,0,0,0,0,0,0,0
"FL","FLORIDA","1201050","LAKE","01118","LAKE HILLS SCHOOL","120105001118","DB",0,0,0,0,0,0,0,0,0,0,0,0,0,1,1,0,0,0,1,0,0,0,0,0,0,0,0,0,0,0,0,0,0,0,1
"FL","FLORIDA","1200810","HERNANDO","02434","POWELL MIDDLE SCHOOL","120081002434","DB",0,0,0,0,0,0,0,0,1,0,0,0,0,0,1,0,0,0,1,0,0,0,0,0,0,0,0,0,0,0,0,1,0,0,0
"FL","FLORIDA","1201590","POLK","01757","JEAN O'DELL LEARNING CENTER","120159001757","DB",0,0,0,2,0,0,0,0,0,0,0,0,0,0,2,0,2,0,0,0,0,0,0,0,0,0,2,0,0,0,0,0,0,0,0
"FL","FLORIDA","1201590","POLK","05346","LAKE MARION CREEK MIDDLE SCHOOL","120159005346","DB",0,0,0,0,0,0,0,0,0,0,1,0,0,0,1,0,0,0,1,0,0,0,0,0,0,0,0,0,0,0,0,1,0,0,0
"FL","FLORIDA","1200150","BREVARD","00078","TITUSVILLE HIGH SCHOOL","120015000078","DB",0,0,0,0,0,0,0,0,0,0,0,0,0,1,1,0,0,0,1,0,0,0,0,0,0,0,0,0,0,0,0,1,0,0,0
"FL","FLORIDA","1200780","HENDRY","04349","LABELLE MIDDLE SCHOOL","120078004349","DB",0,0,0,1,0,0,0,0,0,0,0,0,0,0,1,0,1,0,0,0,0,0,1,0,0,0,0,0,0,0,0,0,0,0,0
"FL","FLORIDA","1200180","BROWARD","00272","SOUTH PLANTATION HIGH SCHOOL","120018000272","DB",0,0,1,0,0,0,0,0,0,0,0,0,0,0,1,0,1,0,0,0,0,0,1,0,0,0,0,0,0,0,0,0,0,0,0
"FL","FLORIDA","1200180","BROWARD","00156","BENNETT ELEMENTARY SCHOOL","120018000156","DB",0,0,0,0,0,0,0,0,0,0,1,0,0,0,1,0,0,0,1,0,0,0,0,0,0,0,0,0,0,0,1,0,0,0,0
"FL","FLORIDA","1200180","BROWARD","00263","SEMINOLE MIDDLE SCHOOL","120018000263","DB",0,0,0,1,0,0,0,0,0,0,0,0,0,0,1,0,1,0,0,0,0,0,0,1,0,0,0,0,0,0,0,0,0,0,0
"FL","FLORIDA","1200870","HILLSBOROUGH","02827","CYPRESS CREEK ELEMENTARY SCHOOL","120087002827","DB",0,0,0,0,0,0,0,0,1,0,0,0,0,0,1,0,0,0,1,0,0,0,0,0,0,0,0,0,0,0,1,0,0,0,0
"FL","FLORIDA","1200870","HILLSBOROUGH","02505","ARMWOOD HIGH SCHOOL","120087002505","DB",0,0,0,0,0,0,1,0,0,1,0,0,0,0,2,0,1,0,1,0,0,0,0,0,1,0,0,0,0,0,1,0,0,0,0
"FL","FLORIDA","1200870","HILLSBOROUGH","02829","SUMMERFIELD ELEMENTARY SCHOOL","120087002829","DB",0,0,0,1,0,0,0,0,0,0,0,0,0,0,1,0,1,0,0,0,0,0,0,0,1,0,0,0,0,0,0,0,0,0,0
"FL","FLORIDA","1200870","HILLSBOROUGH","08067","WILLIS PETERS EXCEPTIONAL CENTER","120087008067","DB",0,1,0,0,0,0,0,0,0,0,1,0,0,0,2,0,1,0,1,0,0,0,0,0,0,0,1,0,0,0,0,0,0,0,1
"FL","FLORIDA","1200870","HILLSBOROUGH","00566","CANNELLA ELEMENTARY SCHOOL","120087000566","DB",0,0,0,0,0,0,0,0,1,0,0,0,0,0,1,0,0,0,1,0,0,0,0,0,0,0,0,0,0,0,0,1,0,0,0
"FL","FLORIDA","1200870","HILLSBOROUGH","00597","COLSON ELEMENTARY SCHOOL","120087000597","DB",0,0,0,0,0,0,1,0,0,0,0,0,0,0,1,0,1,0,0,0,0,0,0,0,1,0,0,0,0,0,0,0,0,0,0
"FL","FLORIDA","1200870","HILLSBOROUGH","08084","LOPEZ EXCEPTIONAL CENTER","120087008084","DB",0,0,0,0,0,0,0,0,0,0,0,0,0,1,1,0,0,0,1,0,0,0,0,0,0,0,0,0,0,0,0,0,0,0,1
"FL","FLORIDA","1200870","HILLSBOROUGH","01013","RUSKIN ELEMENTARY SCHOOL","120087001013","DB",0,0,0,1,0,0,0,0,0,0,0,0,0,0,1,1,0,0,0,0,0,0,0,0,1,0,0,0,0,0,0,0,0,0,0
"FL","FLORIDA","1201500","PALM BEACH","02383","SPANISH RIVER COMMUNITY HIGH SCHOOL","120150002383","DB",0,0,0,0,0,0,0,0,0,0,0,1,0,0,1,0,0,0,1,0,0,0,0,0,0,0,0,0,0,0,0,0,1,0,0
"FL","FLORIDA","1201500","PALM BEACH","01477","JUPITER HIGH SCHOOL","120150001477","DB",0,0,0,1,0,0,0,0,0,0,0,0,0,0,1,0,1,0,0,0,0,0,1,0,0,0,0,0,0,0,0,0,0,0,0
"FL","FLORIDA","1201500","PALM BEACH","01510","PALM SPRINGS MIDDLE SCHOOL","120150001510","DB",0,0,0,0,0,0,0,0,0,1,0,0,0,0,1,0,0,0,1,0,0,0,0,0,0,0,0,0,0,0,1,0,0,0,0
"FL","FLORIDA","1201500","PALM BEACH","02370","H. L. JOHNSON ELEMENTARY SCHOOL","120150002370","DB",0,0,0,0,0,0,1,0,0,0,0,0,0,0,1,0,1,0,0,0,0,0,1,0,0,0,0,0,0,0,0,0,0,0,0
"FL","FLORIDA","1201500","PALM BEACH","02625","ROYAL PALM SCHOOL","120150002625","DB",0,0,0,0,0,0,2,0,0,0,0,0,0,0,2,0,2,0,0,0,0,0,0,0,0,0,2,0,0,0,0,0,0,0,0
"FL","FLORIDA","1201980","WALTON","04144","DUNE LAKES ELEMENTARY SCHOOL","120198004144","DB",0,0,0,0,0,0,0,0,0,0,0,0,0,1,1,0,0,0,1,0,0,0,0,0,0,0,0,0,0,0,0,0,1,0,0
"FL","FLORIDA","1201710","SEMINOLE","03270","WINTER SPRINGS HIGH SCHOOL","120171003270","DB",0,0,0,0,0,0,0,0,0,0,1,0,0,0,1,0,0,0,1,0,0,0,0,0,0,0,0,0,0,0,0,1,0,0,0
"FL","FLORIDA","1201410","OKEECHOBEE","08939","OKEECHOBEE  VIRTUAL SCHOOL","120141008939","DB",0,0,1,0,0,0,0,0,0,0,0,0,0,0,1,0,1,0,0,0,0,0,0,0,1,0,0,0,0,0,0,0,0,0,0
"FL","FLORIDA","1201560","PINELLAS","02478","OSCEOLA MIDDLE SCHOOL","120156002478","DB",0,0,0,0,0,0,0,0,0,0,0,0,0,1,1,0,0,0,1,0,0,0,0,0,0,0,0,0,0,0,1,0,0,0,0
"FL","FLORIDA","1201560","PINELLAS","01620","FITZGERALD MIDDLE SCHOOL","120156001620","DB",0,0,0,0,0,0,0,0,0,0,0,0,0,1,1,0,0,0,1,0,0,0,0,0,0,0,0,0,0,0,0,1,0,0,0
"FL","FLORIDA","1201560","PINELLAS","01667","PINELLAS PARK HIGH SCHOOL","120156001667","DB",0,0,0,0,0,0,0,0,1,0,0,0,0,0,1,0,0,0,1,0,0,0,0,0,0,0,0,0,0,0,0,1,0,0,0
"FL","FLORIDA","1200390","MIAMI-DADE","00596","MIAMI CENTRAL SENIOR HIGH SCHOOL","120039000596","DB",0,0,1,0,0,0,0,0,0,0,0,0,0,0,1,0,1,0,0,0,0,0,1,0,0,0,0,0,0,0,0,0,0,0,0
"FL","FLORIDA","1202016","DEAF/BLIND","01265","BLIND HIGH SCHOOL (FSDB)","120201601265","DB",0,0,0,1,0,0,0,0,0,1,0,0,0,0,2,0,1,1,0,0,0,0,0,0,0,1,0,0,0,0,0,0,0,1,0
"FL","FLORIDA","1200390","MIAMI-DADE","00574","PALM SPRINGS MIDDLE SCHOOL","120039000574","DB",0,0,0,1,0,0,0,0,0,0,1,0,0,0,2,0,1,0,1,0,0,0,1,0,0,0,0,0,0,0,1,0,0,0,0
"FL","FLORIDA","1202016","DEAF/BLIND","01246","DEAF MIDDLE SCHOOL (FSDB)","120201601246","DB",0,1,1,0,0,0,0,0,0,0,0,0,0,0,2,0,2,0,0,0,0,0,0,0,0,1,1,0,0,0,0,0,0,0,0
"FL","FLORIDA","1202016","DEAF/BLIND","01212","DEAF ELEMENTARY SCHOOL (FSDB)","120201601212","DB",0,0,1,0,0,0,2,0,0,0,0,0,0,0,3,0,3,0,0,0,0,0,0,0,0,1,2,0,0,0,0,0,0,0,0
"FL","FLORIDA","1200390","MIAMI-DADE","00580","RIVIERA MIDDLE SCHOOL","120039000580","DB",0,0,0,0,0,0,0,0,0,0,1,0,0,0,1,0,0,0,1,0,0,0,0,0,0,0,0,0,0,0,1,0,0,0,0
"FL","FLORIDA","1200390","MIAMI-DADE","00591","HIALEAH SENIOR HIGH SCHOOL","120039000591","DB",0,0,0,1,0,0,0,0,0,0,0,0,0,0,1,0,1,0,0,0,0,0,1,0,0,0,0,0,0,0,0,0,0,0,0
"FL","FLORIDA","1202016","DEAF/BLIND","01257","BLIND PK-8 SCHOOL (FSDB)","120201601257","DB",0,0,0,0,0,0,0,0,1,1,1,0,0,2,5,0,0,0,5,0,0,0,0,0,0,0,0,0,0,0,0,0,0,3,2
"FL","FLORIDA","1200390","MIAMI-DADE","02814","RUTH OWENS KRUSE EDUCATION CENTER","120039002814","DB",0,0,0,0,0,0,0,0,0,0,1,0,0,0,1,0,0,0,1,0,0,0,0,0,0,0,0,0,0,0,0,0,0,0,1
"FL","FLORIDA","1200390","MIAMI-DADE","00390","MIAMI BEACH FEINBERG/FISHER K-8","120039000390","DB",0,0,0,0,0,0,0,0,0,0,1,0,0,0,1,0,0,0,1,0,0,0,0,0,0,0,0,0,0,0,1,0,0,0,0
"FL","FLORIDA","1202016","DEAF/BLIND","01247","DEAF HIGH SCHOOL (FSDB)","120201601247","DB",0,0,1,1,0,0,0,0,0,1,0,0,0,1,4,0,2,0,2,0,0,0,0,0,0,2,0,0,0,0,0,0,0,2,0
"FL","FLORIDA","1202010","WASHINGTON","02033","VERNON ELEMENTARY SCHOOL","120201002033","DB",0,0,1,0,0,0,0,0,0,0,0,0,0,0,1,0,1,0,0,0,0,0,0,0,1,0,0,0,0,0,0,0,0,0,0
"GA","GEORGIA","1302220","Forsyth County","02881","Chestatee Elementary","130222002881","DB",0,0,0,0,0,0,0,0,0,0,0,0,0,1,1,0,0,0,1,0,0,0,0,0,0,0,0,0,0,0,1,0,0,0,0
"GA","GEORGIA","1301080","Chattooga County","03307","Leroy Massey Elementary School","130108003307","DB",0,0,0,0,0,0,0,0,0,0,0,0,0,1,1,0,0,0,1,0,0,0,0,0,0,0,0,0,0,0,1,0,0,0,0
"GA","GEORGIA","1302280","Fulton County","02378","Abbotts Hill Elementary School","130228002378","DB",0,0,1,0,0,0,0,0,0,0,0,0,0,0,1,0,1,0,0,0,0,0,1,0,0,0,0,0,0,0,0,0,0,0,0
"GA","GEORGIA","1302220","Forsyth County","03353","Shiloh Point Elementary","130222003353","DB",0,0,0,0,0,0,0,0,1,0,0,0,0,0,1,0,0,0,1,0,0,0,0,0,0,0,0,0,0,0,0,1,0,0,0
"GA","GEORGIA","1302280","Fulton County","00974","Alpharetta Elementary School","130228000974","DB",0,0,0,0,0,0,0,0,0,0,0,0,0,1,1,0,0,0,1,0,0,0,0,0,0,0,0,0,0,0,1,0,0,0,0
"GA","GEORGIA","1301500","Coweta County","02251","Poplar Road Elementary School","130150002251","DB",0,0,0,0,0,0,0,0,0,0,0,0,0,1,1,0,0,0,1,0,0,0,0,0,0,0,0,0,0,0,0,1,0,0,0
"GA","GEORGIA","1301500","Coweta County","02028","East Coweta High School","130150002028","DB",0,0,0,1,0,0,0,0,0,0,0,0,0,0,1,0,1,0,0,0,0,0,1,0,0,0,0,0,0,0,0,0,0,0,0
"GA","GEORGIA","1302190","Floyd County","02372","Model Middle School","130219002372","DB",0,0,0,0,0,0,0,0,0,0,0,0,0,1,1,0,0,0,1,0,0,0,0,0,0,0,0,0,0,0,1,0,0,0,0
"GA","GEORGIA","1300330","Bartow County","01914","Woodland High School","130033001914","DB",0,0,0,0,0,0,1,0,0,0,0,0,0,0,1,0,1,0,0,0,0,0,1,0,0,0,0,0,0,0,0,0,0,0,0
"GA","GEORGIA","1305310","Valdosta City","01734","Valdosta Middle School","130531001734","DB",0,0,1,0,0,0,0,0,0,0,0,0,0,0,1,0,1,0,0,0,0,0,1,0,0,0,0,0,0,0,0,0,0,0,0
"GA","GEORGIA","1304980","Tift County","02282","Tift County High School","130498002282","DB",0,0,0,0,0,0,0,0,0,0,0,0,0,1,1,0,0,0,1,0,0,0,0,0,0,0,0,0,0,0,1,0,0,0,0
"GA","GEORGIA","1301260","Clinch County","02106","Clinch County Middle School","130126002106","DB",0,0,1,0,0,0,0,0,0,0,0,0,0,0,1,0,1,0,0,0,0,0,1,0,0,0,0,0,0,0,0,0,0,0,0
"GA","GEORGIA","1300254","State Schools","04331","Georgia Academy for the Blind","130025404331","DB",0,0,0,0,0,0,0,0,0,1,0,0,0,0,1,0,0,0,1,0,0,0,0,0,0,0,0,0,0,0,0,0,0,1,0
"GA","GEORGIA","1300254","State Schools","04352","Atlanta Area School for the Deaf","130025404352","DB",0,0,0,0,0,0,1,0,0,0,0,0,0,0,1,0,1,0,0,0,0,0,0,0,0,0,1,0,0,0,0,0,0,0,0
"GA","GEORGIA","1300254","State Schools","04367","Georgia School for the Deaf","130025404367","DB",0,0,0,0,0,0,1,0,0,0,0,0,0,0,1,0,1,0,0,0,0,0,0,0,0,0,1,0,0,0,0,0,0,0,0
"GA","GEORGIA","1301020","Savannah-Chatham County","04294","School of Humanities at Juliette Gordon Low","130102004294","DB",0,0,0,0,0,0,0,0,0,0,0,0,0,1,1,0,0,0,1,0,0,0,0,0,0,0,0,0,0,0,1,0,0,0,0
"GA","GEORGIA","1301020","Savannah-Chatham County","02243","Southwest Middle School","130102002243","DB",0,0,0,0,0,0,0,0,0,1,0,0,0,0,1,0,0,0,1,0,0,0,0,0,0,0,0,0,0,0,1,0,0,0,0
"GA","GEORGIA","1303420","Lumpkin County","02581","Blackburn Elementary School","130342002581","DB",0,0,0,0,0,0,0,0,0,0,0,0,0,1,1,0,0,0,1,0,0,0,0,0,0,0,0,0,1,0,0,0,0,0,0
"GA","GEORGIA","1301380","Colquitt County","00591","Colquitt County High School","130138000591","DB",0,0,0,0,0,0,0,0,0,0,0,0,0,1,1,0,0,0,1,0,0,0,0,0,0,0,0,0,0,0,0,0,1,0,0
"GA","GEORGIA","1301230","Clayton County","00474","Forest Park High School","130123000474","DB",0,0,0,0,0,0,0,0,0,0,1,0,0,0,1,0,0,0,1,0,0,0,0,0,0,0,0,0,0,0,1,0,0,0,0
"GA","GEORGIA","1302880","Houston County","02331","Matthew Arthur Elementary School","130288002331","DB",0,0,0,0,1,0,0,0,0,0,0,0,0,0,1,0,1,0,0,0,0,0,0,1,0,0,0,0,0,0,0,0,0,0,0
"GA","GEORGIA","1304020","Paulding County","02275","Allgood Elementary School","130402002275","DB",0,0,0,0,0,0,0,0,0,1,0,0,0,0,1,0,0,0,1,0,0,0,0,0,0,0,0,0,0,0,0,1,0,0,0
"GA","GEORGIA","1303240","Lanier County","02402","Lanier County Middle School","130324002402","DB",0,0,0,0,0,0,0,0,0,1,0,0,0,0,1,0,0,0,1,0,0,0,0,0,0,0,0,0,0,0,0,0,1,0,0
"GA","GEORGIA","1301980","Effingham County","03348","Blandford Elementary School","130198003348","DB",0,0,0,0,0,0,0,0,0,0,0,0,0,1,1,0,0,0,1,0,0,0,0,0,0,0,0,0,0,0,1,0,0,0,0
"GA","GEORGIA","1304020","Paulding County","03864","Sara M. Ragsdale Elementary","130402003864","DB",0,0,0,0,0,0,1,0,0,0,0,0,0,0,1,0,1,0,0,0,0,0,1,0,0,0,0,0,0,0,0,0,0,0,0
"GA","GEORGIA","1304020","Paulding County","03827","Hal Hutchens Elementary","130402003827","DB",0,0,0,0,0,0,0,0,0,0,1,0,0,0,1,0,0,0,1,0,0,0,0,0,0,0,0,0,0,0,1,0,0,0,0
"GA","GEORGIA","1301740","DeKalb County","00680","Sagamore Hills Elementary School","130174000680","DB",0,0,0,0,0,0,1,0,0,0,0,0,0,0,1,0,1,0,0,0,0,0,0,1,0,0,0,0,0,0,0,0,0,0,0
"GA","GEORGIA","1303870","Muscogee County","02142","Hannan Elementary","130387002142","DB",0,0,1,0,0,0,0,0,0,0,0,0,0,0,1,0,1,0,0,0,0,0,1,0,0,0,0,0,0,0,0,0,0,0,0
"GA","GEORGIA","1303870","Muscogee County","01431","Gentian Elementary School","130387001431","DB",0,0,0,1,0,0,0,0,0,0,0,0,0,0,1,0,1,0,0,0,0,0,0,0,1,0,0,0,0,0,0,0,0,0,0
"GA","GEORGIA","1303780","Morgan County","01379","Morgan County Middle School","130378001379","DB",0,0,1,0,0,0,0,0,0,0,0,0,0,0,1,0,1,0,0,0,0,0,1,0,0,0,0,0,0,0,0,0,0,0,0
"GA","GEORGIA","1300780","Camden County","00315","Camden County High School","130078000315","DB",0,0,0,0,0,0,1,0,0,0,0,0,0,0,1,0,1,0,0,0,0,0,1,0,0,0,0,0,0,0,0,0,0,0,0
"HI","HAWAII","1500030","Hawaii Department of Education","00052","Waiakea High School","150003000052","DB",0,0,0,0,0,1,0,0,0,0,0,0,0,0,1,0,1,0,0,0,0,0,0,0,1,0,0,0,0,0,0,0,0,0,0
"HI","HAWAII","1500030","Hawaii Department of Education","00096","Hawaii School for the Deaf and Blind","150003000096","DB",0,0,0,0,0,0,0,0,0,0,0,0,2,0,2,0,0,1,1,0,0,0,0,0,0,0,0,0,0,0,0,0,0,0,2
"HI","HAWAII","1500030","Hawaii Department of Education","00161","Waipahu High School","150003000161","DB",0,0,0,0,0,0,0,0,1,0,0,0,0,0,1,0,0,0,1,0,0,0,0,0,0,0,0,0,0,0,1,0,0,0,0
"HI","HAWAII","1500030","Hawaii Department of Education","00221","Governor Wallace Rider Farrington High School","150003000221","DB",0,1,0,0,0,0,0,0,0,0,0,0,0,0,1,1,0,0,0,0,0,0,1,0,0,0,0,0,0,0,0,0,0,0,0
"ID","IDAHO","1601920","MADISON DISTRICT","00339","LINCOLN ELEMENTARY SCHOOL","160192000339","DB",0,0,0,0,0,0,0,0,0,0,0,0,0,1,1,0,0,0,1,0,0,0,0,0,0,0,0,0,0,0,0,0,1,0,0
"ID","IDAHO","1600600","VALLIVUE SCHOOL DISTRICT","01078","RIDGEVUE HIGH SCHOOL","160060001078","DB",0,0,0,0,0,0,0,0,0,0,0,0,0,1,1,0,0,0,1,0,0,0,0,0,0,0,0,0,0,0,0,1,0,0,0
"ID","IDAHO","1603360","WENDELL DISTRICT","00570","WENDELL ELEMENTARY SCHOOL","160336000570","DB",0,0,0,0,0,0,0,0,0,0,0,0,0,1,1,0,0,0,1,0,0,0,0,0,0,0,0,0,0,0,0,0,1,0,0
"ID","IDAHO","1600004","IDAHO VIRTUAL ACADEMY, INC.","00859","IDAHO VIRTUAL ACADEMY","160000400859","DB",0,0,0,0,0,0,0,0,0,0,0,0,0,1,1,0,0,0,1,0,0,0,0,0,0,0,0,0,0,0,0,0,1,0,0
"ID","IDAHO","1600002","LAKE PEND OREILLE SCHOOL DISTRICT","00616","SOUTHSIDE ELEMENTARY SCHOOL","160000200616","DB",0,0,0,0,0,0,1,0,0,0,0,0,0,0,1,0,1,0,0,0,0,0,0,1,0,0,0,0,0,0,0,0,0,0,0
"ID","IDAHO","1601800","LAKELAND DISTRICT","00734","GARWOOD ELEMENTARY SCHOOL","160180000734","DB",0,1,0,0,0,0,0,0,0,0,0,0,0,0,1,0,1,0,0,0,0,0,1,0,0,0,0,0,0,0,0,0,0,0,0
"ID","IDAHO","1602030","MCCALL-DONNELLY JOINT SCHOOL DISTRICT","00354","MCCALL-DONNELLY HIGH SCHOOL","160203000354","DB",0,0,0,0,0,0,0,0,0,0,0,0,0,1,1,0,0,0,1,0,0,0,0,0,0,0,0,0,0,0,0,0,1,0,0
"ID","IDAHO","1600270","BLACKFOOT DISTRICT","00022","BLACKFOOT HIGH SCHOOL","160027000022","DB",0,0,0,0,0,0,0,0,0,0,0,1,0,0,1,0,0,0,1,0,0,0,0,0,0,0,0,0,0,0,1,0,0,0,0
"ID","IDAHO","1603511","IDAHO BUREAU OF EDUCATIONAL SERVICES FOR THE DEAF AND THE BL","00685","IDAHO SCHOOL FOR THE DEAF AND THE BLIND","160351100685","DB",0,0,0,0,0,0,0,0,0,1,0,0,0,1,2,0,0,0,2,0,0,0,0,0,0,0,0,0,0,0,0,0,0,0,2
"IN","INDIANA","1800630","Monroe County Community Sch Corp","00120","Bloomington High School South","180063000120","DB",0,0,0,0,0,0,1,0,0,0,0,0,0,0,1,0,1,0,0,0,0,0,1,0,0,0,0,0,0,0,0,0,0,0,0
"IN","INDIANA","1805280","Kankakee Valley School Corp","01412","Kankakee Valley Intermediate Sch","180528001412","DB",0,0,0,0,0,0,0,0,0,0,0,0,0,1,1,0,0,0,1,0,0,0,0,0,0,0,0,0,0,0,0,1,0,0,0
"IN","INDIANA","1805280","Kankakee Valley School Corp","00934","Kankakee Valley Middle School","180528000934","DB",0,0,0,0,0,0,1,0,0,0,0,0,0,0,1,0,1,0,0,0,0,0,0,0,1,0,0,0,0,0,0,0,0,0,0
"IN","INDIANA","1800187","Riverside High School","02633","Riverside High School","180018702633","DB",0,0,0,0,0,0,0,0,0,0,1,0,0,0,1,0,0,0,1,0,0,0,0,0,0,0,0,0,0,0,0,0,1,0,0
"IN","INDIANA","1812090","Vigo County School Corp","01923","West Vigo High School","181209001923","DB",0,0,0,0,0,0,0,0,0,0,0,0,0,1,1,0,0,0,1,0,0,0,0,0,0,0,0,0,0,0,1,0,0,0,0
"IN","INDIANA","1808250","Northwest Allen County Schools","02457","Eel River Elementary School","180825002457","DB",0,0,0,0,0,0,0,0,0,0,0,0,0,1,1,0,0,0,1,0,0,0,0,0,0,0,0,0,1,0,0,0,0,0,0
"IN","INDIANA","1809420","Rensselaer Central School Corp","01545","Van Rensselaer Elementary School","180942001545","DB",0,0,0,0,0,0,0,0,0,0,0,0,0,1,1,0,0,0,1,0,0,0,0,0,0,0,0,0,0,0,0,1,0,0,0
"IN","INDIANA","1812240","Wa-Nee Community Schools","01954","Nappanee Elementary School","181224001954","DB",0,0,0,0,0,0,1,0,0,0,0,0,0,0,1,0,1,0,0,0,0,0,1,0,0,0,0,0,0,0,0,0,0,0,0
"IN","INDIANA","1800163","Excel Center - Noblesville","02576","Excel Center - Noblesville","180016302576","DB",0,0,0,0,0,0,1,0,0,0,0,0,0,0,1,0,1,0,0,0,0,0,0,0,1,0,0,0,0,0,0,0,0,0,0
"IN","INDIANA","1813080","Westfield-Washington Schools","02073","Washington Woods Elementary School","181308002073","DB",0,0,0,0,0,0,1,0,0,0,0,0,0,0,1,0,1,0,0,0,0,0,0,0,0,0,1,0,0,0,0,0,0,0,0
"IN","INDIANA","1805670","MSD Lawrence Township","02339","Amy Beverland Elementary","180567002339","DB",0,0,0,1,0,0,0,0,0,0,0,0,0,0,1,1,0,0,0,0,0,0,1,0,0,0,0,0,0,0,0,0,0,0,0
"IN","INDIANA","1800024","Indiana School For The Deaf","02258","Indiana School For The Deaf","180002402258","DB",0,0,0,0,0,0,0,0,1,0,1,0,0,2,4,0,0,1,3,0,0,0,0,0,0,0,0,0,0,0,0,0,0,2,2
"IN","INDIANA","1800240","South Dearborn Community Sch Corp","00056","South Dearborn High School","180024000056","DB",0,0,0,0,0,0,0,0,0,0,0,0,0,1,1,0,0,0,1,0,0,0,0,0,0,0,0,0,0,0,1,0,0,0,0
"IN","INDIANA","1800960","Brown County School Corporation","02556","Brown County Intermediate School","180096002556","DB",0,0,0,0,0,0,0,0,0,0,0,0,0,1,1,0,0,0,1,0,0,0,0,0,0,0,0,0,0,0,0,0,1,0,0
"IN","INDIANA","1800120","Alexandria Community School Corp","00010","Alexandria Monroe Elementary Schoo","180012000010","DB",0,0,0,0,0,0,1,0,0,0,0,0,0,1,2,0,1,0,1,0,0,0,1,0,0,0,0,0,0,0,1,0,0,0,0
"IN","INDIANA","1804770","Indianapolis Public Schools","00822","IPS/Butler Lab at Eliza Blaker 55","180477000822","DB",0,0,0,0,0,0,0,0,0,1,0,0,0,0,1,0,0,0,1,0,0,0,0,0,0,0,0,0,0,0,0,0,1,0,0
"IN","INDIANA","1802850","East Allen County Schools","02532","East Allen University","180285002532","DB",0,0,0,0,0,0,1,0,0,0,0,0,0,0,1,0,1,0,0,0,0,0,0,0,1,0,0,0,0,0,0,0,0,0,0
"IN","INDIANA","1812390","Warrick County School Corp","01984","Newburgh Elementary School","181239001984","DB",0,0,0,0,0,0,1,0,0,0,0,0,0,0,1,0,1,0,0,0,0,0,1,0,0,0,0,0,0,0,0,0,0,0,0
"IN","INDIANA","1812390","Warrick County School Corp","01977","Castle High School","181239001977","DB",0,0,0,0,0,0,1,0,0,0,0,0,0,0,1,0,1,0,0,0,1,0,0,0,0,0,0,0,0,0,0,0,0,0,0
"IN","INDIANA","1812810","MSD Wayne Township","02123","Bridgeport Elementary School","181281002123","DB",0,0,0,1,0,0,0,0,0,0,0,0,0,0,1,0,1,0,0,0,0,0,1,0,0,0,0,0,0,0,0,0,0,0,0
"KS","KANSAS","2007170","Hesston","01193","Hesston Middle","200717001193","DB",0,0,0,0,0,0,1,0,0,0,0,0,0,0,1,0,1,0,0,0,0,0,0,1,0,0,0,0,0,0,0,0,0,0,0
"KS","KANSAS","2012990","Wichita","01694","Northeast Magnet High School","201299001694","DB",0,0,0,1,0,0,0,0,0,0,0,0,0,0,1,0,1,0,0,0,0,0,0,0,1,0,0,0,0,0,0,0,0,0,0
"KS","KANSAS","2009140","Maize","01783","Maize Central Elementary","200914001783","DB",0,0,0,0,0,0,0,0,0,0,0,0,0,1,1,0,0,0,1,0,0,0,0,0,0,0,0,0,0,0,0,1,0,0,0
"KS","KANSAS","2008730","Liberal","01589","Sunflower Elementary School","200873001589","DB",0,0,0,0,0,0,0,0,0,0,0,0,0,1,1,0,0,0,1,0,0,0,0,0,0,0,0,0,0,0,0,0,1,0,0
"KS","KANSAS","2005700","Atchison Co Comm Schools","01962","Atchison County Community Elementary School","200570001962","DB",0,0,0,0,0,0,0,0,0,0,0,0,0,1,1,0,0,0,1,0,0,0,0,0,0,0,0,0,0,0,0,1,0,0,0
"KS","KANSAS","2007620","Hutchinson Public Schools","00539","Wiley Elementary","200762000539","DB",0,0,0,1,0,0,0,0,0,0,0,0,0,0,1,0,1,0,0,0,0,0,0,1,0,0,0,0,0,0,0,0,0,0,0
"KS","KANSAS","2008340","Lansing","01230","Lansing High 9-12","200834001230","DB",0,0,0,0,1,0,0,0,0,0,0,0,0,0,1,0,1,0,0,0,0,0,0,0,1,0,0,0,0,0,0,0,0,0,0
"KS","KANSAS","2003300","Labette County","01497","Edna Elem","200330001497","DB",0,0,0,0,0,0,0,0,0,0,0,1,0,0,1,0,0,0,1,0,0,0,0,0,0,0,0,0,0,0,0,0,1,0,0
"KS","KANSAS","2010140","Olathe","02102","Summit Trail Middle School","201014002102","DB",0,0,0,1,0,0,0,0,0,0,0,0,0,0,1,0,1,0,0,0,0,0,0,1,0,0,0,0,0,0,0,0,0,0,0
"KS","KANSAS","2007950","Kansas City","01429","John F Kennedy Elem","200795001429","DB",0,0,0,0,0,0,0,0,0,0,0,0,0,1,1,0,0,0,1,0,0,0,0,0,0,0,0,0,0,0,0,1,0,0,0
"KS","KANSAS","2000018","School for Blind","01751","School for Blind High","200001801751","DB",0,0,0,0,0,0,0,0,0,0,0,0,0,1,1,0,0,0,1,0,0,0,0,0,0,0,0,0,0,0,0,0,0,0,1
"KS","KANSAS","2006300","Frontenac Public Schools","01915","Frontenac Jr. High","200630001915","DB",0,0,0,0,0,0,0,0,0,0,0,0,0,1,1,0,0,0,1,0,0,0,0,0,0,0,0,0,0,0,0,0,1,0,0
"KS","KANSAS","2012000","Blue Valley","01269","Blue River Elementary","201200001269","DB",0,0,0,0,0,0,0,0,1,0,0,0,0,0,1,0,0,0,1,0,0,0,0,0,0,0,0,0,0,0,0,0,1,0,0
"KS","KANSAS","2004920","Clearwater","00376","Clearwater Intermediate - Middle School","200492000376","DB",0,0,0,0,0,0,0,0,0,0,0,0,0,1,1,0,0,0,1,0,0,0,0,0,0,0,0,0,0,0,1,0,0,0,0
"KS","KANSAS","2000019","School for Deaf","01752","School for Deaf Elementary","200001901752","DB",0,0,0,0,0,0,0,0,0,0,2,0,0,0,2,0,0,0,2,0,0,0,0,0,0,0,0,0,0,0,0,0,0,0,2
"KS","KANSAS","2000348","Doniphan West Schools","01963","Doniphan West Elementary School","200034801963","DB",0,0,0,0,0,0,1,0,0,0,0,0,0,0,1,0,1,0,0,0,0,0,1,0,0,0,0,0,0,0,0,0,0,0,0
"KY","KENTUCKY","2100095","Kentucky School for the Deaf District","01715","Kentucky School for the Deaf","210009501715","DB",0,1,0,0,0,0,0,0,0,0,0,0,0,0,1,0,1,0,0,0,0,0,0,0,0,1,0,0,0,0,0,0,0,0,0
"KY","KENTUCKY","2105320","Shelby County","02253","Martha Layne Collins High School","210532002253","DB",0,0,0,0,0,0,0,0,0,0,1,0,0,0,1,0,0,1,0,0,0,0,0,0,0,0,0,0,0,0,1,0,0,0,0
"KY","KENTUCKY","2102990","Jefferson County","00677","Western High","210299000677","DB",0,0,0,0,0,0,0,0,0,1,0,0,0,0,1,0,0,0,1,0,0,0,0,0,0,0,0,0,0,0,1,0,0,0,0
"KY","KENTUCKY","2102990","Jefferson County","00789","Churchill Park School","210299000789","DB",0,0,0,0,0,0,1,0,0,0,0,0,0,0,1,0,1,0,0,0,0,0,0,0,0,0,1,0,0,0,0,0,0,0,0
"KY","KENTUCKY","2104950","Pulaski County","01233","Pulaski County High School","210495001233","DB",0,0,0,0,0,0,0,0,0,0,0,0,0,1,1,0,0,0,1,0,0,0,0,0,0,0,0,0,0,0,0,0,1,0,0
"KY","KENTUCKY","2103150","Knox County","00848","Jesse D Lay Elementary School","210315000848","DB",0,0,0,0,0,0,0,0,0,0,0,0,0,1,1,0,0,0,1,0,0,0,0,0,0,0,0,0,0,0,0,0,1,0,0
"KY","KENTUCKY","2105100","Rowan County","01260","Rowan County Senior High School","210510001260","DB",0,0,0,0,0,0,0,0,0,0,0,0,0,1,1,0,0,0,1,0,0,0,0,0,0,0,0,0,0,0,1,0,0,0,0
"KY","KENTUCKY","2105580","Trigg County","02167","Trigg County Intermediate School","210558002167","DB",0,0,0,0,0,0,0,0,0,0,0,0,0,1,1,0,0,0,1,0,0,0,0,0,0,0,0,0,0,0,0,0,1,0,0
"KY","KENTUCKY","2104500","Ohio County","01120","Western Elementary School","210450001120","DB",0,0,0,0,0,0,0,0,0,0,0,0,0,1,1,0,0,0,1,0,0,0,0,0,0,0,0,0,0,0,0,1,0,0,0
"LA","LOUISIANA","2200018","LA Schools for the Deaf and Visually Impaired","00193","Louisiana School for the Visually Impaired","220001800193","DB",0,0,0,0,0,0,1,0,0,0,0,0,0,0,1,0,1,0,0,0,0,0,0,0,0,0,1,0,0,0,0,0,0,0,0
"LA","LOUISIANA","2200270","Bossier Parish","00117","Benton High School","220027000117","DB",0,0,0,0,0,0,1,0,0,0,0,0,0,0,1,0,1,0,0,0,0,0,0,0,1,0,0,0,0,0,0,0,0,0,0
"LA","LOUISIANA","2201650","St. Tammany Parish","02483","STPPS Virtual School","220165002483","DB",0,0,0,1,0,0,0,0,0,0,0,0,0,0,1,0,1,0,0,0,0,0,0,0,1,0,0,0,0,0,0,0,0,0,0
"LA","LOUISIANA","2201200","Ouachita Parish","01683","Richwood Junior High School","220120001683","DB",0,0,1,0,0,0,0,0,0,0,0,0,0,0,1,0,1,0,0,0,0,0,1,0,0,0,0,0,0,0,0,0,0,0,0
"LA","LOUISIANA","2200750","Iberville Parish","00543","Plaquemine Senior High School","220075000543","DB",0,0,0,0,0,0,0,0,0,0,0,0,0,1,1,0,0,0,1,0,0,0,0,0,0,0,0,0,0,0,0,0,1,0,0
"LA","LOUISIANA","2200870","Lafayette Parish","00683","S.J. Montgomery Elementary School","220087000683","DB",0,0,0,0,0,0,1,0,0,0,0,0,0,0,1,0,1,0,0,0,0,0,1,0,0,0,0,0,0,0,0,0,0,0,0
"LA","LOUISIANA","2201530","St. John the Baptist Parish","02004","Lake Pontchartrain Elementary School","220153002004","DB",0,0,0,0,0,0,1,0,0,0,0,0,0,0,1,0,1,0,0,0,0,0,1,0,0,0,0,0,0,0,0,0,0,0,0
"ME","MAINE","2310500","Sanford Public Schools","00316","Sanford High School","231050000316","DB",0,0,0,0,0,0,1,0,0,0,0,0,0,0,1,0,1,0,0,0,0,0,0,1,0,0,0,0,0,0,0,0,0,0,0
"ME","MAINE","2310590","RSU 11/MSAD 11","00023","Laura E Richards School","231059000023","DB",0,0,0,0,0,0,1,0,0,0,0,0,0,0,1,0,1,0,0,0,0,0,0,1,0,0,0,0,0,0,0,0,0,0,0
"ME","MAINE","2311700","RSU 45/MSAD 45","01033","Washburn District Elem School","231170001033","DB",0,0,0,0,0,0,0,0,0,0,0,0,0,1,1,0,0,0,1,0,0,0,0,0,0,0,0,0,0,0,0,0,1,0,0
"ME","MAINE","2311790","RSU 06/MSAD 06","23123","Buxton Center Elementary School","231179023123","DB",0,0,0,0,0,0,0,0,0,0,0,0,0,1,1,0,0,0,1,0,0,0,0,0,0,0,0,0,0,0,0,1,0,0,0
"ME","MAINE","2311790","RSU 06/MSAD 06","00930","Edna Libby Elementary School","231179000930","DB",0,0,0,0,0,0,1,0,0,0,0,0,0,0,1,0,1,0,0,0,0,0,0,1,0,0,0,0,0,0,0,0,0,0,0
"ME","MAINE","2311250","RSU 31/MSAD 31","00431","Hichborn Middle School","231125000431","DB",0,0,0,0,0,0,0,0,0,0,0,0,0,1,1,0,0,0,1,0,0,0,0,0,0,0,0,0,0,0,0,0,1,0,0
"ME","MAINE","2311160","RSU 29/MSAD 29","00415","Houlton Elementary School","231116000415","DB",0,0,0,0,0,0,1,0,0,0,0,0,0,0,1,0,1,0,0,0,0,0,1,0,0,0,0,0,0,0,0,0,0,0,0
"ME","MAINE","2314773","RSU 21","00800","Middle School of the Kennebunks","231477300800","DB",0,0,0,0,0,0,1,0,0,0,0,0,0,0,1,0,1,0,0,0,0,0,0,0,1,0,0,0,0,0,0,0,0,0,0
"ME","MAINE","2314773","RSU 21","01054","Sea Road School","231477301054","DB",0,0,0,0,0,0,0,0,0,0,0,0,0,1,1,0,0,0,1,0,0,0,0,0,0,0,0,0,0,0,0,1,0,0,0
"ME","MAINE","2303150","Biddeford Public Schools","01042","Biddeford Primary School","230315001042","DB",0,0,0,0,0,0,1,0,0,0,0,0,0,0,1,0,1,0,0,0,0,0,1,0,0,0,0,0,0,0,0,0,0,0,0
"ME","MAINE","2309930","Portland Public Schools","00275","Lincoln Middle School","230993000275","DB",0,0,0,0,0,0,1,0,0,0,0,0,0,0,1,0,1,0,0,0,0,0,0,0,0,0,1,0,0,0,0,0,0,0,0
"ME","MAINE","2309930","Portland Public Schools","00286","Gerald E Talbot Community School","230993000286","DB",0,0,0,0,0,0,0,0,1,0,0,1,0,0,2,0,0,0,2,0,0,0,0,0,0,0,0,0,0,0,1,0,1,0,0
"ME","MAINE","2309930","Portland Public Schools","00278","Lyman Moore Middle School","230993000278","DB",0,0,0,0,0,0,1,0,0,0,0,0,0,1,2,0,1,1,0,0,0,0,1,0,0,0,0,0,0,0,0,1,0,0,0
"ME","MAINE","2314590","RSU 54/MSAD 54","00755","Skowhegan Area High School","231459000755","DB",0,0,0,0,0,0,1,0,0,0,0,0,0,0,1,0,1,0,0,0,0,0,0,1,0,0,0,0,0,0,0,0,0,0,0
"MD","MARYLAND","2400480","Montgomery County Public Schools","90450","Briggs Chaney Middle","240048090450","DB",0,0,0,0,0,0,1,0,0,0,0,0,0,0,1,0,1,0,0,0,0,0,0,0,1,0,0,0,0,0,0,0,0,0,0
"MD","MARYLAND","2400480","Montgomery County Public Schools","00820","Earle B. Wood Middle","240048000820","DB",0,0,0,1,0,0,0,0,0,0,0,0,0,0,1,1,0,0,0,0,0,0,1,0,0,0,0,0,0,0,0,0,0,0,0
"MD","MARYLAND","2400480","Montgomery County Public Schools","00909","Rock Creek Valley Elementary","240048000909","DB",0,0,0,0,0,0,0,0,0,0,0,0,0,1,1,0,0,0,1,0,0,0,0,0,0,0,0,0,0,0,1,0,0,0,0
"MD","MARYLAND","2400060","Anne Arundel County Public Schools","02944","Piney Orchard Elementary","240006002944","DB",0,0,0,0,0,0,0,0,0,1,0,0,0,0,1,0,0,0,1,0,0,0,0,0,0,0,0,0,0,0,1,0,0,0,0
"MA","MASSACHUSETTS","2513110","Winchester","02166","Lynch Elementary","251311002166","DB",0,0,0,1,0,0,0,0,0,0,0,0,0,0,1,1,0,0,0,0,0,0,0,0,1,0,0,0,0,0,0,0,0,0,0
"MA","MASSACHUSETTS","2504890","Fitchburg","02469","South Street Elementary","250489002469","DB",0,0,0,1,0,0,0,0,0,0,0,0,0,0,1,0,1,0,0,0,0,0,0,0,1,0,0,0,0,0,0,0,0,0,0
"MA","MASSACHUSETTS","2504890","Fitchburg","01523","Memorial Middle School","250489001523","DB",0,0,0,1,0,0,0,0,0,0,0,0,0,0,1,0,1,0,0,0,0,0,0,0,1,0,0,0,0,0,0,0,0,0,0
"MA","MASSACHUSETTS","2509930","Randolph","01596","Randolph High","250993001596","DB",0,0,1,0,0,0,0,0,0,0,0,0,0,0,1,0,1,0,0,0,0,0,0,0,1,0,0,0,0,0,0,0,0,0,0
"MA","MASSACHUSETTS","2509930","Randolph","01392","Randolph Community Middle","250993001392","DB",0,0,0,0,0,0,0,0,0,0,1,0,0,0,1,0,0,0,1,0,0,0,0,0,0,0,0,0,0,0,0,0,1,0,0
"MA","MASSACHUSETTS","2505220","Georgetown","00765","Penn Brook","250522000765","DB",0,0,0,0,0,0,0,0,0,0,0,0,0,1,1,0,0,0,1,0,0,0,0,0,0,0,0,0,0,0,0,0,1,0,0
"MA","MASSACHUSETTS","2504890","Fitchburg","00696","Crocker Elementary","250489000696","DB",0,0,0,0,0,0,0,0,0,1,0,0,0,0,1,0,0,1,0,0,0,0,0,0,0,0,0,0,0,0,0,0,1,0,0
"MA","MASSACHUSETTS","2503240","Burlington","00427","Fox Hill","250324000427","DB",0,0,0,0,0,0,1,0,0,0,0,0,0,0,1,0,1,0,0,0,0,0,0,0,1,0,0,0,0,0,0,0,0,0,0
"MA","MASSACHUSETTS","2500554","Essex North Shore Agricultural and Technical School District","02833","Essex North Shore Agricultural and Technical School","250055402833","DB",0,0,0,0,0,0,0,0,0,0,0,0,0,1,1,0,0,0,1,0,0,0,0,0,0,0,0,0,0,0,0,0,1,0,0
"MA","MASSACHUSETTS","2507170","Malden","01363","Salemwood","250717001363","DB",0,0,0,0,0,0,0,0,1,0,0,0,0,0,1,0,0,0,1,0,0,0,0,0,0,0,0,0,0,0,0,0,1,0,0
"MA","MASSACHUSETTS","2509360","Peabody","01502","South Memorial","250936001502","DB",0,0,0,0,0,0,1,0,0,0,0,0,0,0,1,0,1,0,0,0,0,0,0,0,1,0,0,0,0,0,0,0,0,0,0
"MA","MASSACHUSETTS","2507170","Malden","01344","Beebe","250717001344","DB",0,1,0,0,0,0,1,0,0,0,0,0,0,0,2,1,1,0,0,0,0,0,0,0,2,0,0,0,0,0,0,0,0,0,0
"MA","MASSACHUSETTS","2505280","Gloucester","00774","Gloucester High","250528000774","DB",0,0,0,0,0,0,0,0,0,0,0,1,0,0,1,0,0,0,1,0,0,0,0,0,0,0,0,0,0,0,0,0,1,0,0
"MA","MASSACHUSETTS","2505280","Gloucester","00877","Plum Cove School","250528000877","DB",0,0,0,0,0,0,1,0,0,0,0,0,0,0,1,0,1,0,0,0,0,0,0,0,1,0,0,0,0,0,0,0,0,0,0
"MA","MASSACHUSETTS","2506510","King Philip","00941","King Philip Middle School","250651000941","DB",0,0,0,0,0,0,0,0,0,0,0,0,0,1,1,0,0,0,1,0,0,0,0,0,0,0,0,0,0,0,0,0,1,0,0
"MA","MASSACHUSETTS","2502040","Ashburnham-Westminster","02368","Briggs Elementary","250204002368","DB",0,0,0,0,0,0,1,0,0,0,0,0,0,0,1,0,1,0,0,0,0,0,1,0,0,0,0,0,0,0,0,0,0,0,0
"MA","MASSACHUSETTS","2510470","Sandwich","02535","Oak Ridge","251047002535","DB",0,0,0,0,0,0,0,0,1,0,0,0,0,0,1,0,0,0,1,0,0,0,0,0,0,0,0,0,0,0,0,0,1,0,0
"MA","MASSACHUSETTS","2511910","Wakefield","01941","Dolbeare","251191001941","DB",0,0,0,0,0,0,0,0,0,0,1,0,0,0,1,0,0,0,1,0,0,0,0,0,0,0,0,0,0,0,0,0,1,0,0
"MA","MASSACHUSETTS","2507860","Milford","01244","Woodland","250786001244","DB",0,0,0,1,0,0,0,0,0,0,0,0,0,0,1,0,1,0,0,0,0,0,1,0,0,0,0,0,0,0,0,0,0,0,0
"MA","MASSACHUSETTS","2508670","North Adams","01388","Colegrove Park Elementary","250867001388","DB",0,0,0,0,0,0,1,0,0,0,0,0,0,0,1,0,1,0,0,0,0,0,0,0,1,0,0,0,0,0,0,0,0,0,0
"MA","MASSACHUSETTS","2500552","Argosy Collegiate Charter School (District)","02827","Argosy Collegiate Charter School","250055202827","DB",0,0,0,1,0,0,0,0,0,0,0,0,0,0,1,1,0,0,0,0,0,0,0,0,1,0,0,0,0,0,0,0,0,0,0
"MA","MASSACHUSETTS","2511520","Taunton","01911","Joseph H Martin","251152001911","DB",0,0,0,0,0,0,1,0,0,0,0,0,0,0,1,0,1,0,0,0,0,0,0,0,1,0,0,0,0,0,0,0,0,0,0
"MA","MASSACHUSETTS","2507350","Marshfield","01139","Martinson Elementary","250735001139","DB",0,0,0,0,0,0,1,0,0,0,0,0,0,0,1,0,1,0,0,0,0,0,0,0,1,0,0,0,0,0,0,0,0,0,0
"MA","MASSACHUSETTS","2513050","Wilmington","01576","West Intermediate","251305001576","DB",0,0,0,0,0,0,0,0,0,0,0,0,0,1,1,0,0,0,1,0,0,0,0,0,0,0,0,0,0,0,1,0,0,0,0
"MA","MASSACHUSETTS","2507740","Methuen","01556","Tenney Grammar School","250774001556","DB",0,0,0,0,0,0,1,0,0,0,0,0,0,0,1,0,1,0,0,0,0,0,0,0,1,0,0,0,0,0,0,0,0,0,0
"MA","MASSACHUSETTS","2508910","Northboro-Southboro","01441","Algonquin Regional High","250891001441","DB",0,0,0,0,0,0,0,0,0,0,0,0,0,1,1,0,0,0,1,0,0,0,0,0,0,0,0,0,0,0,0,0,1,0,0
"MA","MASSACHUSETTS","2502740","Blue Hills Regional Vocational Technical","00193","Blue Hills Regional Vocational Technical","250274000193","DB",0,0,0,0,0,0,1,0,0,0,0,0,0,0,1,0,1,0,0,0,0,0,0,0,1,0,0,0,0,0,0,0,0,0,0
"MA","MASSACHUSETTS","2510170","Rockland","01641","R Stewart Esten","251017001641","DB",0,0,0,0,0,0,1,0,0,0,0,0,0,0,1,0,1,0,0,0,0,0,0,0,1,0,0,0,0,0,0,0,0,0,0
"MA","MASSACHUSETTS","2504360","Dudley-Charlton Reg","00591","Shepherd Hill Regional High","250436000591","DB",0,0,0,0,0,0,0,0,0,0,0,0,0,1,1,0,0,0,1,0,0,0,0,0,0,0,0,0,0,0,0,1,0,0,0
"MA","MASSACHUSETTS","2502790","Boston","00704","New Mission High School","250279000704","DB",0,0,0,0,0,0,0,0,0,0,1,0,0,0,1,0,0,0,1,0,0,0,0,0,0,0,0,0,0,0,0,0,1,0,0
"MA","MASSACHUSETTS","2502790","Boston","00222","Dearborn","250279000222","DB",0,0,0,0,0,0,0,0,0,1,0,0,0,0,1,0,0,1,0,0,0,0,0,0,0,0,0,0,0,0,0,0,1,0,0
"MA","MASSACHUSETTS","2502790","Boston","02006","Orchard Gardens","250279002006","DB",0,0,1,0,0,0,0,0,0,0,0,0,0,0,1,1,0,0,0,0,0,0,0,0,1,0,0,0,0,0,0,0,0,0,0
"MA","MASSACHUSETTS","2500551","Greenfield Commonwealth Virtual District","02808","Greenfield Commonwealth Virtual School","250055102808","DB",0,0,0,0,0,0,1,0,0,0,0,0,0,0,1,0,1,0,0,0,0,0,0,0,1,0,0,0,0,0,0,0,0,0,0
"MA","MASSACHUSETTS","2502790","Boston","02374","Horace Mann School for the Deaf","250279002374","DB",0,1,0,4,0,0,0,0,0,0,1,0,0,0,6,4,1,1,0,0,0,0,0,0,1,0,4,0,0,0,0,0,0,0,1
"MA","MASSACHUSETTS","2502790","Boston","02622","Curley K-8 School","250279002622","DB",0,0,0,1,0,0,0,0,0,0,0,0,0,0,1,1,0,0,0,0,0,0,0,0,1,0,0,0,0,0,0,0,0,0,0
"MA","MASSACHUSETTS","2502790","Boston","00952","Dr. William Henderson Upper","250279000952","DB",0,0,0,0,0,0,0,0,0,0,0,1,0,0,1,0,0,1,0,0,0,0,0,0,0,0,0,0,0,0,0,0,1,0,0
"MA","MASSACHUSETTS","2511740","Triton","01470","Triton Regional Middle School","251174001470","DB",0,0,0,0,0,0,0,0,0,0,0,0,0,1,1,0,0,0,1,0,0,0,0,0,0,0,0,0,0,0,0,0,1,0,0
"MA","MASSACHUSETTS","2502790","Boston","00223","Dennis C Haley","250279000223","DB",0,0,0,0,0,0,0,0,0,0,1,0,0,0,1,0,0,1,0,0,0,0,0,0,0,0,0,0,0,0,0,0,1,0,0
"MA","MASSACHUSETTS","2502790","Boston","00208","Brighton High","250279000208","DB",0,0,0,0,0,0,0,0,0,0,1,0,0,0,1,0,0,1,0,0,0,0,0,0,0,0,0,0,0,0,0,0,1,0,0
"MA","MASSACHUSETTS","2507590","Medway","01015","Burke/Memorial Elementary School","250759001015","DB",0,0,0,0,0,0,1,0,0,0,0,0,0,0,1,0,1,0,0,0,0,0,0,0,1,0,0,0,0,0,0,0,0,0,0
"MA","MASSACHUSETTS","2512630","Westfield","01570","Westfield Middle School","251263001570","DB",0,0,0,0,0,0,1,0,0,0,0,0,0,0,1,0,1,0,0,0,0,0,0,0,1,0,0,0,0,0,0,0,0,0,0
"MA","MASSACHUSETTS","2506090","Hingham","02671","East Elementary School","250609002671","DB",0,0,0,0,0,0,1,0,0,0,0,0,0,0,1,0,1,0,0,0,0,0,0,0,1,0,0,0,0,0,0,0,0,0,0
"MA","MASSACHUSETTS","2513200","Woburn","02188","Malcolm White","251320002188","DB",0,0,0,0,0,0,0,0,0,0,0,0,0,1,1,0,0,0,1,0,0,0,0,0,0,0,0,0,0,0,0,0,1,0,0
"MA","MASSACHUSETTS","2503150","Brookline","00419","John D Runkle","250315000419","DB",0,0,0,0,0,0,0,0,0,0,0,0,0,1,1,0,0,0,1,0,0,0,0,0,0,0,0,0,0,0,0,0,1,0,0
"MA","MASSACHUSETTS","2513230","Worcester","02243","Roosevelt","251323002243","DB",0,0,0,1,0,0,0,0,0,0,1,0,0,0,2,1,0,1,0,0,0,0,0,0,0,0,1,0,0,0,0,0,1,0,0
"MA","MASSACHUSETTS","2507110","Lynn","01062","A Drewicz Elementary","250711001062","DB",0,0,0,0,0,0,0,0,0,0,1,0,0,0,1,0,0,1,0,0,0,0,0,0,0,0,0,0,0,0,0,0,1,0,0
"MA","MASSACHUSETTS","2505790","Hanover","00829","Hanover High","250579000829","DB",0,0,0,0,0,0,0,0,0,0,0,0,0,1,1,0,0,0,1,0,0,0,0,0,0,0,0,0,0,0,0,0,1,0,0
"MA","MASSACHUSETTS","2510770","Shrewsbury","01718","Spring Street","251077001718","DB",0,1,0,0,0,0,0,0,0,0,0,0,0,0,1,0,1,0,0,0,0,0,0,1,0,0,0,0,0,0,0,0,0,0,0
"MA","MASSACHUSETTS","2513230","Worcester","02244","South High Community","251323002244","DB",0,0,0,1,0,0,1,0,0,0,1,0,0,0,3,1,1,1,0,0,0,0,2,0,0,0,0,0,0,0,1,0,0,0,0
"MA","MASSACHUSETTS","2507110","Lynn","01083","Pickering Middle","250711001083","DB",0,0,1,0,0,0,0,0,0,0,0,0,0,0,1,1,0,0,0,0,0,0,1,0,0,0,0,0,0,0,0,0,0,0,0
"MA","MASSACHUSETTS","2507110","Lynn","01087","Wm P Connery","250711001087","DB",0,0,0,0,0,0,0,0,0,0,1,0,0,0,1,0,0,0,1,0,0,0,0,0,0,0,0,0,0,0,0,0,1,0,0
"MA","MASSACHUSETTS","2502940","Braintree","00364","East Middle School","250294000364","DB",0,0,0,0,0,0,0,0,0,0,0,0,0,2,2,0,0,0,2,0,0,0,0,0,0,0,0,0,0,0,1,1,0,0,0
"MA","MASSACHUSETTS","2508950","Northern Berkshire Regional Vocational Technical","02282","Charles McCann Vocational Technical","250895002282","DB",0,0,0,0,0,0,1,0,0,0,0,0,0,0,1,0,1,0,0,0,0,0,0,0,1,0,0,0,0,0,0,0,0,0,0
"MA","MASSACHUSETTS","2504410","Duxbury","00968","Alden School","250441000968","DB",0,0,0,0,0,0,1,0,0,0,0,0,0,1,2,0,1,0,1,0,0,0,0,0,1,0,0,0,0,0,0,0,1,0,0
"MA","MASSACHUSETTS","2504410","Duxbury","00975","Duxbury Middle","250441000975","DB",0,0,0,0,0,0,0,0,1,0,0,0,0,3,4,0,0,0,4,0,0,0,0,0,0,0,0,0,0,0,0,0,4,0,0
"MA","MASSACHUSETTS","2504410","Duxbury","00594","Duxbury High","250441000594","DB",0,0,0,0,0,0,1,0,1,0,0,0,0,1,3,0,1,0,2,0,0,0,0,0,1,0,0,0,0,0,0,0,2,0,0
"MA","MASSACHUSETTS","2500556","TEC Connections Academy Commonwealth Virtual School District","02817","TEC Connections Academy Commonwealth Virtual School","250055602817","DB",0,0,1,0,0,0,0,0,0,0,0,0,0,0,1,0,1,0,0,0,0,0,0,0,1,0,0,0,0,0,0,0,0,0,0
"MA","MASSACHUSETTS","2504410","Duxbury","00593","Chandler Elementary","250441000593","DB",0,0,0,0,0,0,1,0,0,0,0,0,0,1,2,0,1,0,1,0,0,0,0,0,1,0,0,0,0,0,0,0,1,0,0
"MA","MASSACHUSETTS","2511130","Springfield","02602","M Marcus Kiley Middle","251113002602","DB",0,0,0,1,0,0,0,0,0,0,0,0,0,0,1,0,1,0,0,0,0,0,0,1,0,0,0,0,0,0,0,0,0,0,0
"MA","MASSACHUSETTS","2505500","Groton-Dunstable","00808","Florence Roche School","250550000808","DB",0,0,0,0,0,0,0,0,0,0,0,0,0,1,1,0,0,0,1,0,0,0,0,0,0,0,0,0,0,0,0,0,1,0,0
"MA","MASSACHUSETTS","2511130","Springfield","01792","Alice B Beal Elementary","251113001792","DB",0,0,0,0,0,0,0,0,0,0,1,0,0,0,1,0,0,0,1,0,0,0,0,0,0,0,0,0,0,0,0,1,0,0,0
"MA","MASSACHUSETTS","2510500","Saugus","01684","Saugus High","251050001684","DB",0,0,0,0,0,0,0,0,0,0,0,0,0,1,1,0,0,0,1,0,0,0,0,0,0,0,0,0,0,0,1,0,0,0,0
"MA","MASSACHUSETTS","2511130","Springfield","02818","Conservatory of the Arts","251113002818","DB",0,0,0,1,0,0,0,0,0,0,0,0,0,0,1,0,1,0,0,0,0,0,0,1,0,0,0,0,0,0,0,0,0,0,0
"MA","MASSACHUSETTS","2510500","Saugus","01687","Veterans Memorial","251050001687","DB",0,0,0,0,0,0,1,0,0,0,0,0,0,0,1,0,1,0,0,0,0,0,0,0,1,0,0,0,0,0,0,0,0,0,0
"MA","MASSACHUSETTS","2512180","Watertown","02005","Watertown High","251218002005","DB",0,0,0,0,0,0,1,0,0,0,0,0,0,0,1,0,1,0,0,0,0,0,1,0,0,0,0,0,0,0,0,0,0,0,0
"MA","MASSACHUSETTS","2502100","Ashland","00070","Ashland High","250210000070","DB",0,0,0,0,0,0,0,0,0,0,0,0,0,1,1,0,0,0,1,0,0,0,0,0,0,0,0,0,0,0,0,0,1,0,0
"MA","MASSACHUSETTS","2502100","Ashland","00071","David Mindess","250210000071","DB",0,0,0,0,0,0,0,0,0,0,0,0,0,1,1,0,0,1,0,0,0,0,0,0,0,0,0,0,0,0,0,1,0,0,0
"MA","MASSACHUSETTS","2505130","Gardner","00751","Gardner High","250513000751","DB",0,0,1,0,0,0,0,0,0,0,0,0,0,0,1,0,1,0,0,0,0,0,1,0,0,0,0,0,0,0,0,0,0,0,0
"MA","MASSACHUSETTS","2501950","Andover","01676","High Plain Elementary","250195001676","DB",0,1,0,0,0,0,0,0,0,0,0,0,0,0,1,0,1,0,0,0,0,0,0,0,1,0,0,0,0,0,0,0,0,0,0
"MA","MASSACHUSETTS","2504980","Framingham","02573","Framingham High School","250498002573","DB",0,0,0,1,0,0,1,0,0,0,0,0,0,0,2,0,2,0,0,0,0,0,0,0,2,0,0,0,0,0,0,0,0,0,0
"MA","MASSACHUSETTS","2511970","Walpole","01959","Bird Middle","251197001959","DB",0,0,0,0,0,0,0,0,0,0,0,0,0,1,1,0,0,0,1,0,0,0,0,0,0,0,0,0,0,0,0,1,0,0,0
"MA","MASSACHUSETTS","2503660","Chicopee","00502","Litwin","250366000502","DB",0,0,0,0,0,0,0,0,0,0,0,0,0,1,1,0,0,0,1,0,0,0,0,0,0,0,0,0,0,0,0,0,1,0,0
"MA","MASSACHUSETTS","2501860","Amesbury","00036","Charles C Cashman Elementary","250186000036","DB",0,0,0,0,0,0,2,0,0,0,0,0,0,0,2,0,2,0,0,0,0,0,1,0,1,0,0,0,0,0,0,0,0,0,0
"MA","MASSACHUSETTS","2509990","Reading","01958","Wood End Elementary School","250999001958","DB",0,0,1,0,0,0,0,0,0,0,0,0,0,0,1,0,1,0,0,0,0,0,0,0,1,0,0,0,0,0,0,0,0,0,0
"MA","MASSACHUSETTS","2501860","Amesbury","00033","Amesbury Elementary","250186000033","DB",0,0,0,0,0,0,1,0,0,0,0,0,0,0,1,0,1,0,0,0,0,0,0,0,1,0,0,0,0,0,0,0,0,0,0
"MA","MASSACHUSETTS","2507050","Ludlow","01055","Paul R Baird Middle","250705001055","DB",0,0,0,0,0,0,0,0,0,0,1,0,0,0,1,0,0,0,1,0,0,0,0,0,0,0,0,0,0,0,0,0,1,0,0
"MA","MASSACHUSETTS","2502710","Blackstone Valley Regional Vocational Technical","00191","Blackstone Valley","250271000191","DB",0,0,0,0,0,0,2,0,0,0,0,0,0,2,4,0,2,0,2,0,0,0,0,1,1,0,0,0,0,0,0,0,2,0,0
"MA","MASSACHUSETTS","2505970","Haverhill","00299","Silver Hill Elementary School","250597000299","DB",0,0,0,0,0,0,1,0,0,0,0,0,0,0,1,0,1,0,0,0,0,0,0,0,1,0,0,0,0,0,0,0,0,0,0
"MA","MASSACHUSETTS","2511580","Tewksbury","01923","North Street","251158001923","DB",0,0,0,0,0,0,1,0,0,0,0,0,0,0,1,0,1,0,0,0,0,0,0,1,0,0,0,0,0,0,0,0,0,0,0
"MA","MASSACHUSETTS","2506840","Lexington","00996","Fiske","250684000996","DB",0,0,0,0,0,0,1,0,0,0,0,0,0,0,1,0,1,0,0,0,0,0,0,0,1,0,0,0,0,0,0,0,0,0,0
"MA","MASSACHUSETTS","2506840","Lexington","01001","Lexington High","250684001001","DB",0,0,0,0,0,0,0,0,0,0,0,0,0,1,1,0,0,0,1,0,0,0,0,0,0,0,0,0,0,0,0,0,1,0,0
"MA","MASSACHUSETTS","2508370","Needham","01306","Broadmeadow","250837001306","DB",0,0,0,0,0,0,1,0,0,0,0,0,0,0,1,0,1,0,0,0,0,0,0,0,1,0,0,0,0,0,0,0,0,0,0
"MA","MASSACHUSETTS","2504770","Everett","00631","Sumner G. Whittier School","250477000631","DB",0,2,0,0,0,0,0,0,0,0,0,0,0,0,2,1,1,0,0,0,0,0,0,0,2,0,0,0,0,0,0,0,0,0,0
"MA","MASSACHUSETTS","2504770","Everett","00634","Everett High","250477000634","DB",0,0,0,1,0,0,0,0,0,1,0,0,0,0,2,1,0,0,1,0,0,0,0,0,1,0,0,0,0,0,0,0,1,0,0
"MA","MASSACHUSETTS","2506330","Hopkinton","00920","Hopkinton High","250633000920","DB",0,0,0,0,0,0,0,0,0,0,0,0,0,1,1,0,0,0,1,0,0,0,0,0,0,0,0,0,0,0,0,0,1,0,0
"MA","MASSACHUSETTS","2509060","Norwood","01461","Charles J Prescott","250906001461","DB",0,0,0,0,0,0,1,0,0,0,0,0,0,0,1,0,1,0,0,0,0,0,0,0,1,0,0,0,0,0,0,0,0,0,0
"MA","MASSACHUSETTS","2504770","Everett","02033","Madeline English School","250477002033","DB",0,0,0,1,0,0,0,0,0,0,0,0,0,0,1,0,1,0,0,0,0,0,0,0,1,0,0,0,0,0,0,0,0,0,0
"MA","MASSACHUSETTS","2504770","Everett","02118","Webster School","250477002118","DB",0,0,0,0,0,0,0,0,0,0,0,0,0,1,1,0,0,0,1,0,0,0,0,0,0,0,0,0,0,0,0,0,1,0,0
"MI","MICHIGAN","2625950","Northview Public Schools","06243","Highlands School","262595006243","DB",0,0,0,0,0,0,0,0,0,0,0,0,0,1,1,0,0,0,1,0,0,0,0,0,0,0,0,0,0,0,0,0,1,0,0
"MI","MICHIGAN","2606780","Bridgeport-Spaulding Community School District","04274","Bridgeport High School","260678004274","DB",0,0,0,0,0,0,0,0,0,1,0,0,0,0,1,0,0,0,1,0,0,0,0,0,0,0,0,0,0,0,0,0,1,0,0
"MI","MICHIGAN","2615060","Freeland Community School District","05188","Freeland Middle SchoolHigh School","261506005188","DB",0,0,0,0,0,0,0,0,0,0,0,0,0,1,1,0,0,0,1,0,0,0,0,0,0,0,0,0,0,0,0,1,0,0,0
"MI","MICHIGAN","2625950","Northview Public Schools","06240","Northview High School","262595006240","DB",0,0,0,0,0,0,1,0,0,0,0,0,0,0,1,0,1,0,0,0,0,0,0,0,1,0,0,0,0,0,0,0,0,0,0
"MI","MICHIGAN","2612600","East Lansing School District","04971","East Lansing High School","261260004971","DB",0,0,0,0,0,0,0,0,0,0,0,0,0,1,1,0,0,0,1,0,0,0,0,0,0,0,0,0,0,0,0,0,1,0,0
"MI","MICHIGAN","2600284","Bradford Academy","01644","Bradford Academy","260028401644","DB",0,0,1,0,0,0,0,0,0,0,0,0,0,0,1,0,1,0,0,0,0,0,0,0,1,0,0,0,0,0,0,0,0,0,0
"MI","MICHIGAN","2620980","Lakewood Public Schools","05774","Lakewood High School","262098005774","DB",0,0,0,0,0,0,0,0,0,0,0,0,0,1,1,0,0,0,1,0,0,0,0,0,0,0,0,0,0,0,0,0,1,0,0
"MI","MICHIGAN","2606090","Bloomfield Hills Schools","08480","Bloomfield Hills High School","260609008480","DB",0,0,0,1,0,0,0,0,0,0,0,0,0,0,1,0,1,0,0,0,0,0,1,0,0,0,0,0,0,0,0,0,0,0,0
"MI","MICHIGAN","2608070","Carrollton Public Schools","04379","Carrollton High School","260807004379","DB",0,0,0,0,0,0,1,0,0,0,0,0,0,0,1,0,1,0,0,0,0,0,0,0,1,0,0,0,0,0,0,0,0,0,0
"MI","MICHIGAN","2606090","Bloomfield Hills Schools","04237","Eastover Elementary School","260609004237","DB",0,0,0,0,0,0,0,0,1,0,0,0,0,0,1,0,0,0,1,0,0,0,0,0,0,0,0,0,0,0,1,0,0,0,0
"MI","MICHIGAN","2606090","Bloomfield Hills Schools","04241","Wing Lake Developmental Center","260609004241","DB",0,1,0,0,0,0,0,0,0,0,0,0,0,0,1,0,1,0,0,0,0,0,1,0,0,0,0,0,0,0,0,0,0,0,0
"MI","MICHIGAN","2611610","Dearborn Heights School District #7","04615","Bedford School","261161004615","DB",0,0,0,0,0,0,1,0,0,0,0,0,0,0,1,0,1,0,0,0,0,0,0,0,1,0,0,0,0,0,0,0,0,0,0
"MI","MICHIGAN","2606090","Bloomfield Hills Schools","04236","East Hills Middle School","260609004236","DB",0,0,0,0,0,0,1,0,0,0,0,0,0,1,2,0,1,0,1,0,0,0,0,1,0,0,0,0,0,0,1,0,0,0,0
"MI","MICHIGAN","2611610","Dearborn Heights School District #7","04618","Annapolis High School","261161004618","DB",0,0,0,0,0,0,0,0,0,0,0,0,0,1,1,0,0,1,0,0,0,0,0,0,0,0,0,0,0,0,0,0,1,0,0
"MI","MICHIGAN","2635160","Walled Lake Consolidated Schools","01081","Walnut Creek Middle School","263516001081","DB",0,0,0,0,0,0,1,0,0,0,0,0,0,0,1,0,1,0,0,0,0,0,1,0,0,0,0,0,0,0,0,0,0,0,0
"MI","MICHIGAN","2622980","Martin Public Schools","05986","Martin High School","262298005986","DB",0,0,0,1,0,0,0,0,0,0,0,0,0,0,1,1,0,0,0,0,0,0,0,1,0,0,0,0,0,0,0,0,0,0,0
"MI","MICHIGAN","2621450","Leslie Public Schools","05853","Woodworth Elementary School","262145005853","DB",0,0,0,0,0,0,0,0,0,0,0,0,0,1,1,0,0,0,1,0,0,0,0,0,0,0,0,0,0,0,0,0,1,0,0
"MI","MICHIGAN","2600173","The Dearborn Academy","01042","The Dearborn Academy","260017301042","DB",0,0,0,0,0,0,0,0,0,0,0,0,0,1,1,0,0,1,0,0,0,0,0,0,0,0,0,0,0,0,0,0,1,0,0
"MI","MICHIGAN","2630030","Rockford Public Schools","06588","Rockford High School","263003006588","DB",0,0,0,0,0,0,0,0,1,0,0,0,0,0,1,0,0,0,1,0,0,0,0,0,0,0,0,0,0,1,0,0,0,0,0
"MI","MICHIGAN","2601103","Detroit Public Schools Community District","00085","Golightly Education Center","260110300085","DB",0,0,1,0,0,0,0,0,0,0,0,0,0,0,1,0,1,0,0,0,0,0,0,0,1,0,0,0,0,0,0,0,0,0,0
"MI","MICHIGAN","2617520","Hamtramck School District of the City of","05421","Hamtramck High School","261752005421","DB",0,0,0,0,0,0,1,0,0,0,0,0,0,0,1,1,0,0,0,0,0,0,0,0,1,0,0,0,0,0,0,0,0,0,0
"MI","MICHIGAN","2614820","Fraser Public Schools","05179","Fraser High School","261482005179","DB",0,0,0,0,0,0,1,0,0,0,0,0,0,0,1,0,1,0,0,0,0,0,0,0,1,0,0,0,0,0,0,0,0,0,0
"MI","MICHIGAN","2612560","East Jordan Public Schools","04968","East Jordan Elementary School","261256004968","DB",0,0,0,0,0,0,0,0,0,0,0,0,0,1,1,0,0,0,1,0,0,0,0,0,0,0,0,0,0,0,0,0,1,0,0
"MI","MICHIGAN","2616830","Grass Lake Community Schools","05391","Grass Lake High School","261683005391","DB",0,0,0,0,0,0,1,0,0,0,0,0,0,0,1,0,1,0,0,0,0,0,0,1,0,0,0,0,0,0,0,0,0,0,0
"MI","MICHIGAN","2633900","Trenton Public Schools","06954","Richard C Hedke Elem School","263390006954","DB",0,0,0,0,0,0,0,0,0,0,0,0,0,1,1,0,0,0,1,0,0,0,0,0,0,0,0,0,0,0,0,0,1,0,0
"MI","MICHIGAN","2680740","Manistee ISD","01380","Manistee ISD Center Programs","268074001380","DB",0,0,0,0,0,0,0,0,0,0,0,0,0,1,1,0,0,0,1,0,0,0,0,0,0,0,0,0,0,0,0,0,0,0,1
"MI","MICHIGAN","2680504","Bay-Arenac ISD","01325","LLCArenac Campus","268050401325","DB",0,0,0,0,0,0,1,0,0,0,0,0,0,0,1,0,1,0,0,0,0,0,0,0,0,0,1,0,0,0,0,0,0,0,0
"MI","MICHIGAN","2600306","Bridge Academy","08968","Bridge Academy","260030608968","DB",0,0,0,0,0,0,0,0,0,0,0,0,0,1,1,0,0,1,0,0,0,0,0,0,0,0,0,0,0,0,0,0,1,0,0
"MN","MINNESOTA","2708100","CENTENNIAL PUBLIC SCHOOL DISTRICT","00332","CENTENNIAL ELEMENTARY","270810000332","DB",0,0,0,0,0,0,1,0,0,0,0,0,0,0,1,0,1,0,0,0,0,0,0,1,0,0,0,0,0,0,0,0,0,0,0
"MN","MINNESOTA","2733540","St. Francis Area Schools","00013","St. Francis Middle","273354000013","DB",0,0,0,0,0,0,0,0,0,0,0,0,0,1,1,0,0,0,1,0,0,0,0,0,0,0,0,0,0,0,0,1,0,0,0
"MN","MINNESOTA","2713530","HASTINGS PUBLIC SCHOOL DISTRICT","00693","HASTINGS MIDDLE SCHOOL","271353000693","DB",0,0,0,0,0,0,1,0,0,0,0,0,0,0,1,0,1,0,0,0,0,0,0,0,1,0,0,0,0,0,0,0,0,0,0
"MN","MINNESOTA","2733540","St. Francis Area Schools","00233","Cedar Creek Elementary School","273354000233","DB",0,0,0,0,0,0,0,0,0,0,0,0,0,1,1,0,0,0,1,0,0,0,0,0,0,0,0,0,0,0,1,0,0,0,0
"MN","MINNESOTA","2700026","INTERMEDIATE SCHOOL DISTRICT 917","02124","Deaf/Hard of Hearing","270002602124","DB",0,0,1,0,0,0,0,0,1,2,0,0,0,1,5,0,1,0,4,0,0,0,1,0,0,0,0,0,0,0,4,0,0,0,0
"MN","MINNESOTA","2700026","INTERMEDIATE SCHOOL DISTRICT 917","02125","917 PACES","270002602125","DB",0,0,0,1,0,0,0,0,0,0,0,0,0,0,1,0,1,0,0,0,0,0,1,0,0,0,0,0,0,0,0,0,0,0,0
"MN","MINNESOTA","2705790","BLOOMINGTON PUBLIC SCHOOL DISTRICT","00225","NORMANDALE HILLS ELEMENTARY","270579000225","DB",0,0,0,0,0,0,0,0,0,0,0,0,0,1,1,0,0,0,1,0,0,0,0,0,0,0,0,0,0,0,0,0,1,0,0
"MN","MINNESOTA","2730060","PRIOR LAKE-SAVAGE AREA SCHOOLS","03626","TWIN OAKS MIDDLE SCHOOL","273006003626","DB",0,0,0,0,1,0,0,0,0,0,0,0,0,0,1,0,1,0,0,0,0,0,0,1,0,0,0,0,0,0,0,0,0,0,0
"MN","MINNESOTA","2713530","HASTINGS PUBLIC SCHOOL DISTRICT","00694","HASTINGS HIGH SCHOOL","271353000694","DB",0,0,0,0,0,0,1,0,0,0,0,0,0,0,1,0,1,0,0,0,0,0,1,0,0,0,0,0,0,0,0,0,0,0,0
"MN","MINNESOTA","2713530","HASTINGS PUBLIC SCHOOL DISTRICT","02239","CHRISTA MCAULIFFE ELEMENTARY","271353002239","DB",0,0,0,0,0,0,1,0,0,0,0,0,0,0,1,0,1,0,0,0,0,0,0,1,0,0,0,0,0,0,0,0,0,0,0
"MN","MINNESOTA","2723850","North St. Paul-Maplewood Oakdale","01174","NORTH SENIOR HIGH","272385001174","DB",0,0,0,0,0,0,1,0,0,0,0,0,0,0,1,0,1,0,0,0,0,0,1,0,0,0,0,0,0,0,0,0,0,0,0
"MN","MINNESOTA","2723850","North St. Paul-Maplewood Oakdale","03375","The Next Step","272385003375","DB",0,0,0,0,0,0,0,0,0,0,1,0,0,0,1,0,0,0,1,0,0,0,0,0,0,0,0,0,0,0,0,0,0,0,1
"MN","MINNESOTA","2733810","SOUTH WASHINGTON COUNTY SCHOOL DIST","04280","Next Step Transition Program","273381004280","DB",0,0,0,0,0,0,0,0,0,0,0,0,0,1,1,0,0,0,1,0,0,0,0,0,0,0,0,0,0,0,0,0,0,0,1
"MN","MINNESOTA","2733810","SOUTH WASHINGTON COUNTY SCHOOL DIST","02465","COTTAGE GROVE MIDDLE SCHOOL","273381002465","DB",0,0,0,0,0,0,0,0,1,0,0,0,0,0,1,0,0,0,1,0,0,0,0,0,0,0,0,0,0,0,1,0,0,0,0
"MN","MINNESOTA","2733810","SOUTH WASHINGTON COUNTY SCHOOL DIST","01548","WOODBURY ELEMENTARY","273381001548","DB",0,0,0,0,0,0,2,0,0,0,0,0,0,0,2,0,1,0,0,0,0,0,1,0,0,0,0,0,0,0,0,0,0,0,0
"MN","MINNESOTA","2704440","BEMIDJI PUBLIC SCHOOL DISTRICT","00190","BEMIDJI SENIOR HIGH","270444000190","DB",0,0,0,0,0,0,0,0,0,0,0,0,0,1,1,0,0,0,1,0,0,0,0,0,0,0,0,0,0,0,0,1,0,0,0
"MN","MINNESOTA","2733810","SOUTH WASHINGTON COUNTY SCHOOL DIST","01550","Woodbury High School","273381001550","DB",0,0,0,0,0,0,1,0,1,0,0,0,0,0,2,0,0,0,1,0,0,0,0,0,0,0,0,0,0,0,1,0,0,0,0
"MN","MINNESOTA","2723850","North St. Paul-Maplewood Oakdale","01175","OAKDALE ELEMENTARY","272385001175","DB",0,0,0,0,0,0,0,0,1,0,0,0,0,0,1,0,0,1,0,0,0,0,0,0,0,0,0,0,0,0,1,0,0,0,0
"MN","MINNESOTA","2732390","ROSEMOUNT-APPLE VALLEY-EAGAN","02513","TRANSITION PLUS","273239002513","DB",0,0,0,0,0,0,0,0,0,0,0,0,0,1,1,0,0,0,1,0,0,0,0,0,0,0,0,0,0,0,0,0,0,0,1
"MN","MINNESOTA","2742160","WAYZATA PUBLIC SCHOOL DISTRICT","01761","OAKWOOD ELEMENTARY","274216001761","DB",0,0,0,0,0,0,1,0,0,0,0,0,0,0,1,0,1,0,0,0,0,0,0,1,0,0,0,0,0,0,0,0,0,0,0
"MN","MINNESOTA","2732390","ROSEMOUNT-APPLE VALLEY-EAGAN","00488","EAGAN SENIOR HIGH","273239000488","DB",0,0,0,1,0,0,0,0,0,0,0,0,0,0,1,0,1,0,0,0,0,0,0,1,0,0,0,0,0,0,0,0,0,0,0
"MN","MINNESOTA","2732390","ROSEMOUNT-APPLE VALLEY-EAGAN","02437","BLACK HAWK MIDDLE","273239002437","DB",0,0,0,0,1,0,0,0,0,0,0,0,0,0,1,0,1,0,0,0,0,0,0,1,0,0,0,0,0,0,0,0,0,0,0
"MN","MINNESOTA","2742160","WAYZATA PUBLIC SCHOOL DISTRICT","01764","WAYZATA WEST MIDDLE","274216001764","DB",0,0,0,0,0,0,0,0,0,0,0,0,0,1,1,0,0,0,1,0,0,0,0,0,0,0,0,0,0,0,1,0,0,0,0
"MN","MINNESOTA","2732390","ROSEMOUNT-APPLE VALLEY-EAGAN","01378","PARKVIEW ELEMENTARY","273239001378","DB",0,0,0,0,0,0,0,0,1,0,0,0,0,0,1,0,0,1,0,0,0,0,0,0,0,0,0,0,0,0,0,0,1,0,0
"MN","MINNESOTA","2700193","BLUESKY CHARTER SCHOOL","03146","BLUESKY CHARTER SCHOOL","270019303146","DB",0,0,0,0,0,0,1,0,0,0,0,0,0,0,1,0,1,0,0,0,0,0,0,0,1,0,0,0,0,0,0,0,0,0,0
"MN","MINNESOTA","2725050","ONAMIA PUBLIC SCHOOL DISTRICT","00957","Onamia Academy","272505000957","DB",0,0,0,1,0,0,0,0,0,0,0,0,0,0,1,0,1,0,0,0,0,0,1,0,0,0,0,0,0,0,0,0,0,0,0
"MN","MINNESOTA","2710230","DETROIT LAKES PUBLIC SCHOOL DIST.","00442","DETROIT LAKES SENIOR HIGH","271023000442","DB",0,0,0,0,0,0,1,0,0,0,0,0,0,1,2,0,1,0,1,0,0,0,0,0,1,0,0,0,0,0,0,1,0,0,0
"MN","MINNESOTA","2711370","Elk River School District","00521","ROGERS ELEMENTARY","271137000521","DB",0,0,0,0,0,0,0,0,0,0,0,0,0,1,1,0,0,0,1,0,0,0,0,0,0,0,0,0,0,0,0,0,1,0,0
"MN","MINNESOTA","2733510","ST. CLOUD PUBLIC SCHOOL DISTRICT","02286","TALAHI COMMUNITY ELEMENTARY","273351002286","DB",0,0,1,0,0,0,0,0,0,0,0,0,0,0,1,0,1,0,0,0,0,0,0,1,0,0,0,0,0,0,0,0,0,0,0
"MN","MINNESOTA","2733510","ST. CLOUD PUBLIC SCHOOL DISTRICT","02285","OAK HILL COMMUNITY ELEMENTARY","273351002285","DB",0,0,0,0,0,0,0,0,0,0,0,0,0,1,1,0,0,0,1,0,0,0,0,0,0,0,0,0,0,0,1,0,0,0,0
"MN","MINNESOTA","2733510","ST. CLOUD PUBLIC SCHOOL DISTRICT","02287","DISCOVERY COMMUNITY ELEMENTARY","273351002287","DB",0,0,0,0,0,0,0,0,0,0,0,0,0,1,1,0,0,0,1,0,0,0,0,0,0,0,0,0,0,0,0,1,0,0,0
"MN","MINNESOTA","2733510","ST. CLOUD PUBLIC SCHOOL DISTRICT","01494","TECHNICAL SENIOR HIGH","273351001494","DB",0,0,0,0,0,0,0,0,0,1,0,0,0,0,1,0,0,0,1,0,0,0,0,0,0,0,0,0,0,0,0,1,0,0,0
"MN","MINNESOTA","2712270","FOREST LAKE PUBLIC SCHOOL DISTRICT","00601","Wyoming Elementary","271227000601","DB",0,0,0,0,0,0,1,0,0,0,0,0,0,0,1,0,1,0,0,0,0,0,1,0,0,0,0,0,0,0,0,0,0,0,0
"MN","MINNESOTA","2712270","FOREST LAKE PUBLIC SCHOOL DISTRICT","00595","Forest Lake Area High School","271227000595","DB",0,0,0,0,0,0,1,0,0,0,0,0,0,0,1,0,1,0,0,0,0,0,1,0,0,0,0,0,0,0,0,0,0,0,0
"MN","MINNESOTA","2721420","MOORHEAD PUBLIC SCHOOL DISTRICT","03512","HORIZON MIDDLE SCHOOL","272142003512","DB",0,0,0,0,1,0,0,0,0,0,0,0,0,0,1,0,1,0,0,0,0,0,0,0,1,0,0,0,0,0,0,0,0,0,0
"MN","MINNESOTA","2733510","ST. CLOUD PUBLIC SCHOOL DISTRICT","01479","APOLLO SENIOR HIGH","273351001479","DB",0,0,0,0,0,0,0,0,0,0,0,0,0,1,1,0,0,0,0,0,0,0,0,0,0,0,0,0,0,0,0,0,0,0,0
"MN","MINNESOTA","2733510","ST. CLOUD PUBLIC SCHOOL DISTRICT","01636","SPECIAL EDUCATION FACILITIES","273351001636","DB",0,0,0,0,0,0,0,0,0,0,0,0,0,1,1,0,0,0,1,0,0,0,0,0,0,0,0,0,0,0,1,0,0,0,0
"MN","MINNESOTA","2712270","FOREST LAKE PUBLIC SCHOOL DISTRICT","03355","STEP","271227003355","DB",0,0,0,0,0,0,0,0,0,1,0,0,0,0,1,0,0,0,1,0,0,0,0,0,0,0,0,0,0,0,0,0,0,0,1
"MN","MINNESOTA","2742360","WHITE BEAR LAKE SCHOOL DISTRICT","01797","WHITE BEAR NORTH CAMPUS SENIOR","274236001797","DB",1,0,0,0,0,0,0,0,0,0,0,0,0,0,1,0,1,0,0,0,0,0,1,0,0,0,0,0,0,0,0,0,0,0,0
"MN","MINNESOTA","2731800","ROCHESTER PUBLIC SCHOOL DISTRICT","01018","JOHN ADAMS MIDDLE","273180001018","DB",0,0,0,0,0,0,0,0,0,0,0,0,0,1,1,0,0,0,1,0,0,0,0,0,0,0,0,0,0,0,1,0,0,0,0
"MN","MINNESOTA","2711760","FARIBAULT PUBLIC SCHOOL DISTRICT","00561","JEFFERSON ELEMENTARY","271176000561","DB",0,0,0,0,0,0,1,0,0,0,0,0,0,0,1,0,1,0,0,0,0,0,0,0,1,0,0,0,0,0,0,0,0,0,0
"MN","MINNESOTA","2742360","WHITE BEAR LAKE SCHOOL DISTRICT","01787","CENTRAL MIDDLE","274236001787","DB",0,0,0,0,0,0,0,0,0,0,0,1,0,0,1,0,0,0,1,0,0,0,0,0,0,0,0,0,0,0,1,0,0,0,0
"MN","MINNESOTA","2742360","WHITE BEAR LAKE SCHOOL DISTRICT","01786","BIRCH LAKE ELEMENTARY","274236001786","DB",0,0,0,0,0,0,0,0,0,0,0,0,0,1,1,0,0,0,1,0,0,0,0,0,0,0,0,0,0,0,1,0,0,0,0
"MN","MINNESOTA","2700129","MINNESOTA STATE ACADEMIES","03056","MN ACADEMY FOR THE BLIND","270012903056","DB",0,0,0,0,0,0,1,0,0,0,0,0,0,2,3,0,1,0,2,0,0,0,0,0,0,1,0,0,0,0,0,0,0,0,2
"MN","MINNESOTA","2700028","METRO DEAF SCHOOL","02341","METRO DEAF SCHOOL","270002802341","DB",0,0,2,1,0,0,3,0,1,2,0,0,0,3,12,0,6,0,6,0,0,0,0,0,0,0,6,0,0,0,0,0,0,0,6
"MN","MINNESOTA","2700022","WADENA-DEER CREEK SCHOOL DISTRICT","01733","WADENA-DEER CREEK SENIOR HIGH","270002201733","DB",0,0,0,0,0,0,1,0,0,0,0,0,0,0,1,0,1,0,0,0,0,0,1,0,0,0,0,0,0,0,0,0,0,0,0
"MN","MINNESOTA","2700129","MINNESOTA STATE ACADEMIES","02409","MN ACADEMY FOR THE DEAF","270012902409","DB",0,0,0,1,0,0,2,0,0,0,2,0,0,3,8,0,3,0,5,0,0,0,0,0,0,1,2,0,0,0,0,0,0,2,3
"MN","MINNESOTA","2741850","WARROAD PUBLIC SCHOOL DISTRICT","01745","WARROAD HIGH SCHOOL","274185001745","DB",0,0,0,0,0,0,0,0,0,0,0,0,0,1,1,0,0,0,1,0,0,0,0,0,0,0,0,0,0,0,1,0,0,0,0
"MN","MINNESOTA","2700304","COMMUNITY SCHOOL OF EXCELLENCE","03728","COMMUNITY SCHOOL OF EXCELLENCE","270030403728","DB",0,0,0,0,0,0,0,0,1,0,0,0,0,0,1,0,0,0,1,0,0,0,0,0,0,0,0,0,0,0,0,0,1,0,0
"MN","MINNESOTA","2742720","WILLMAR PUBLIC SCHOOL DISTRICT","01809","WILLMAR SENIOR HIGH","274272001809","DB",0,0,0,0,0,0,0,0,0,1,0,0,0,0,1,0,0,1,0,0,0,0,0,0,0,0,0,0,0,0,0,1,0,0,0
"MN","MINNESOTA","2733270","South St. Paul Public School Dist","05313","South St. Paul Middle School","273327005313","DB",0,0,0,0,0,0,1,0,0,0,0,0,0,0,1,0,1,0,0,0,0,0,0,0,1,0,0,0,0,0,0,0,0,0,0
"MN","MINNESOTA","2712180","FISHER PUBLIC SCHOOL DISTRICT","00586","FISHER SECONDARY","271218000586","DB",0,0,0,0,0,0,1,0,0,0,0,0,0,0,1,0,1,0,0,0,0,0,1,0,0,0,0,0,0,0,0,0,0,0,0
"MN","MINNESOTA","2703180","ANOKA-HENNEPIN PUBLIC SCHOOL DIST.","00006","Pathways","270318000006","DB",0,0,0,0,0,0,0,0,0,0,0,0,0,1,1,0,0,0,1,0,0,0,0,0,0,0,0,0,0,0,0,0,0,0,1
"MN","MINNESOTA","2721240","Minneapolis Public School District","01868","DOWLING ELEMENTARY","272124001868","DB",0,0,0,0,0,0,0,0,0,1,0,0,0,0,1,0,0,1,0,0,0,0,0,0,0,0,0,0,0,0,1,0,0,0,0
"MN","MINNESOTA","2700315","LIONSGATE ACADEMY","04325","Lionsgate Academy - Minnetonka","270031504325","DB",0,0,0,0,0,0,0,0,0,0,0,0,0,1,1,0,0,0,1,0,0,0,0,0,0,0,0,0,0,0,1,0,0,0,0
"MN","MINNESOTA","2721240","Minneapolis Public School District","01861","LAKE HARRIET LOWER ELEMENTARY","272124001861","DB",0,0,0,0,0,0,0,0,1,0,0,0,0,0,1,0,0,0,1,0,0,0,0,0,0,0,0,0,0,0,1,0,0,0,0
"MN","MINNESOTA","2721240","Minneapolis Public School District","01914","TRANSITION PLUS SERVICES","272124001914","DB",0,0,0,0,0,0,1,0,0,0,0,0,0,0,1,0,1,0,0,0,0,0,1,0,0,0,0,0,0,0,0,0,0,0,0
"MN","MINNESOTA","2706090","BRAINERD PUBLIC SCHOOL DISTRICT","04196","FORESTVIEW MIDDLE","270609004196","DB",0,0,0,0,0,0,0,0,0,0,0,0,0,1,1,0,0,0,1,0,0,0,0,0,0,0,0,0,0,0,1,0,0,0,0
"MN","MINNESOTA","2741880","WASECA PUBLIC SCHOOL DISTRICT","01749","Waseca Senior High","274188001749","DB",0,0,0,0,0,0,0,0,0,0,0,0,0,1,1,0,0,0,1,0,0,0,0,0,0,0,0,0,0,0,1,0,0,0,0
"MN","MINNESOTA","2700104","WEST CENTRAL AREA","02566","WEST CENTRAL AREA SECONDARY","270010402566","DB",0,0,0,0,0,0,1,0,0,0,0,0,0,0,1,0,1,0,0,0,0,0,1,0,0,0,0,0,0,0,0,0,0,0,0
"MN","MINNESOTA","2723430","NEW PRAGUE AREA SCHOOLS","02842","RAVEN STREAM ELEMENTARY","272343002842","DB",0,0,0,0,0,0,0,0,0,0,0,0,0,1,1,0,0,0,1,0,0,0,0,0,0,0,0,0,0,0,0,1,0,0,0
"MN","MINNESOTA","2700379","TRI-CITY UNITED SCHOOL DISTRICT","04606","LONSDALE PRE K-6","270037904606","DB",0,0,0,0,0,0,0,0,0,0,0,0,0,1,1,0,0,0,1,0,0,0,0,0,0,0,0,0,0,0,1,0,0,0,0
"MN","MINNESOTA","2707290","BURNSVILLE PUBLIC SCHOOL DISTRICT","00297","JOSEPH NICOLLET MIDDLE SCHOOL","270729000297","DB",0,0,0,0,0,0,0,0,0,0,0,0,0,1,1,0,0,0,1,0,0,0,0,0,0,0,0,0,0,0,0,0,1,0,0
"MN","MINNESOTA","2714070","HINCKLEY-FINLAYSON SCHOOL DISTRICT","00729","HINCKLEY-FINLAYSON SECONDARY","271407000729","DB",0,0,0,0,0,0,1,0,0,0,0,0,0,0,1,0,1,0,0,0,0,0,1,0,0,0,0,0,0,0,0,0,0,0,0
"MN","MINNESOTA","2733840","ST. PAUL PUBLIC SCHOOL DISTRICT","04429","WASHINGTON TECH SECONDARY MAGNET","273384004429","DB",0,0,0,0,0,0,0,0,0,1,0,0,0,0,1,0,0,1,0,0,0,0,0,0,0,0,0,0,0,0,0,1,0,0,0
"MN","MINNESOTA","2733840","ST. PAUL PUBLIC SCHOOL DISTRICT","01229","FOCUS BEYOND","273384001229","DB",0,0,0,0,0,0,0,0,1,0,1,0,0,0,2,0,0,2,0,0,0,0,0,0,0,0,0,0,0,0,0,1,0,0,1
"MN","MINNESOTA","2733840","ST. PAUL PUBLIC SCHOOL DISTRICT","02671","FOUR SEASONS ELEMENTARY","273384002671","DB",0,1,0,0,0,0,0,0,2,0,0,0,0,0,3,1,0,2,0,0,0,0,0,0,1,0,0,0,0,0,1,0,0,0,1
"MN","MINNESOTA","2733840","ST. PAUL PUBLIC SCHOOL DISTRICT","01167","EXPO FOR EXCELLENCE ELEMENTARY SCH","273384001167","DB",0,0,0,0,0,0,0,0,0,0,0,0,0,1,1,0,0,0,1,0,0,0,0,0,0,0,0,0,0,0,0,0,1,0,0
"MN","MINNESOTA","2733840","ST. PAUL PUBLIC SCHOOL DISTRICT","01598","HUMBOLDT HIGH SCHOOL","273384001598","DB",0,0,0,0,0,0,0,0,0,0,0,0,0,1,1,0,0,0,1,0,0,0,0,0,0,0,0,0,0,0,1,0,0,0,0
"MN","MINNESOTA","2708190","EASTERN CARVER COUNTY PUBLIC SCHOOL","00342","CHANHASSEN ELEMENTARY","270819000342","DB",0,0,0,0,0,0,0,0,0,0,0,0,0,1,1,0,0,0,1,0,0,0,0,0,0,0,0,0,0,0,1,0,0,0,0
"MN","MINNESOTA","2702264","NORTHEAST METRO 916","04643","Karner Blue Education Center","270226404643","DB",0,0,0,0,0,0,1,0,0,1,0,0,0,0,2,0,1,0,1,0,0,0,0,0,0,0,1,0,0,0,0,0,0,0,1
"MN","MINNESOTA","2715030","INVER GROVE HEIGHTS SCHOOLS","00765","INVER GROVE HEIGHTS MIDDLE","271503000765","DB",0,0,0,0,0,0,0,0,0,0,1,0,0,0,1,0,0,0,1,0,0,0,0,0,0,0,0,0,0,0,1,0,0,0,0
"MN","MINNESOTA","2715030","INVER GROVE HEIGHTS SCHOOLS","00547","PINE BEND ELEMENTARY","271503000547","DB",0,0,0,0,0,0,0,0,0,0,1,0,0,0,1,0,0,1,0,0,0,0,0,0,0,0,0,0,0,0,0,1,0,0,0
"MN","MINNESOTA","2742270","West St. Paul-Mendota Heights-Eagan","02646","FRIENDLY HILLS MIDDLE","274227002646","DB",0,0,0,0,0,0,0,0,0,0,0,0,0,1,1,0,0,0,1,0,0,0,0,0,0,0,0,0,0,0,1,0,0,0,0
"MN","MINNESOTA","2717780","LAKEVILLE PUBLIC SCHOOL DISTRICT","02436","LAKEVIEW ELEMENTARY","271778002436","DB",0,0,0,0,0,0,0,0,0,0,0,0,0,1,1,0,0,0,0,0,0,0,0,0,0,0,0,0,0,0,0,0,0,0,0
"MN","MINNESOTA","2717780","LAKEVILLE PUBLIC SCHOOL DISTRICT","02984","CENTURY MIDDLE SCHOOL","271778002984","DB",0,0,1,0,0,0,0,0,0,0,0,0,0,0,1,0,1,0,0,0,0,0,0,1,0,0,0,0,0,0,0,0,0,0,0
"MN","MINNESOTA","2733870","ST. PETER PUBLIC SCHOOL DISTRICT","01638","North Elementary School","273387001638","DB",0,0,0,0,0,0,0,0,0,0,1,0,0,0,1,0,0,0,1,0,0,0,0,0,0,0,0,0,0,0,1,0,0,0,0
"MN","MINNESOTA","2703450","AUSTIN PUBLIC SCHOOL DISTRICT","03192","NEW DOMINION ACADEMY","270345003192","DB",0,0,0,1,0,0,0,0,0,0,0,0,0,0,1,0,1,0,0,0,0,0,0,0,1,0,0,0,0,0,0,0,0,0,0
"MN","MINNESOTA","2703450","AUSTIN PUBLIC SCHOOL DISTRICT","00150","ELLIS MIDDLE","270345000150","DB",0,0,0,0,0,0,1,0,0,0,0,0,0,0,1,0,1,0,0,0,0,0,0,0,1,0,0,0,0,0,0,0,0,0,0
"MN","MINNESOTA","2713980","HIBBING PUBLIC SCHOOL DISTRICT","01539","HIBBING HIGH","271398001539","DB",0,0,0,0,0,0,0,0,0,0,0,0,0,1,1,0,0,0,1,0,0,0,0,0,0,0,0,0,0,0,1,0,0,0,0
"MN","MINNESOTA","2717250","LA CRESCENT-HOKAH SCHOOL DISTRICT","04238","LA CRESCENT-HOKAH MIDDLE SCHOOL","271725004238","DB",0,0,0,0,0,0,1,0,0,0,0,0,0,0,1,0,1,0,0,0,0,0,1,0,0,0,0,0,0,0,0,0,0,0,0
"MN","MINNESOTA","2702930","ALBANY PUBLIC SCHOOL DISTRICT","00065","AVON ELEMENTARY","270293000065","DB",0,0,0,0,0,0,1,0,0,0,0,0,0,0,1,0,1,0,0,0,0,0,0,0,1,0,0,0,0,0,0,0,0,0,0
"MN","MINNESOTA","2717250","LA CRESCENT-HOKAH SCHOOL DISTRICT","00800","LA CRESCENT SENIOR HIGH","271725000800","DB",0,0,0,0,0,0,0,0,0,1,0,0,0,0,1,0,0,0,1,0,0,0,0,0,0,0,0,0,0,0,1,0,0,0,0
"MN","MINNESOTA","2721320","MONTEVIDEO PUBLIC SCHOOL DISTRICT","01071","MONTEVIDEO MIDDLE","272132001071","DB",0,0,0,0,0,0,0,0,0,0,0,0,0,1,1,0,0,0,1,0,0,0,0,0,0,0,0,0,0,0,0,0,1,0,0
"MS","MISSISSIPPI","2803300","NOXUBEE COUNTY SCHOOL DISTRICT","00643","B F LIDDELL MIDDLE SCHOOL","280330000643","DB",0,0,1,0,0,0,0,0,0,0,0,0,0,0,1,0,1,0,0,0,0,0,0,0,1,0,0,0,0,0,0,0,0,0,0
"MS","MISSISSIPPI","2801320","DESOTO CO SCHOOL DIST","00140","HERNANDO MIDDLE SCHOOL","280132000140","DB",0,0,0,1,0,0,0,0,0,0,0,0,0,0,1,1,0,0,0,0,0,0,0,1,0,0,0,0,0,0,0,0,0,0,0
"MS","MISSISSIPPI","2801189","MS SCHS FOR THE BLIND AND DEAF","01194","MS SCHOOL FOR THE BLIND","280118901194","DB",0,0,0,0,0,0,1,0,0,0,0,0,0,0,1,0,1,0,0,0,0,0,0,0,0,0,1,0,0,0,0,0,0,0,0
"MS","MISSISSIPPI","2802700","LOUISVILLE MUNICIPAL SCHOOL DIST","00523","LOUISVILLE HIGH SCHOOL","280270000523","DB",0,0,0,0,0,0,0,0,0,0,0,0,0,1,1,0,0,0,1,0,0,0,0,0,0,0,0,0,0,0,1,0,0,0,0
"MS","MISSISSIPPI","2801770","HARRISON CO SCHOOL DIST","00286","DIBERVILLE MIDDLE SCHOOL","280177000286","DB",0,0,0,0,0,0,0,0,0,0,0,1,0,0,1,0,0,0,1,0,0,0,0,0,0,0,0,0,0,0,0,0,1,0,0
"MO","MISSOURI","2921120","MONETT R-I","01160","MONETT ELEM.","292112001160","DB",0,0,0,1,0,0,0,0,0,0,0,0,0,0,1,0,1,0,0,0,0,0,0,0,1,0,0,0,0,0,0,0,0,0,0
"MO","MISSOURI","2900576","PREMIER CHARTER SCHOOL","02831","PREMIER CHARTER SCHOOL","290057602831","DB",0,0,0,0,0,0,1,0,0,0,0,0,0,0,1,0,1,0,0,0,0,0,0,1,0,0,0,0,0,0,0,0,0,0,0
"MO","MISSOURI","2928530","SOUTH PEMISCOT CO. R-V","02670","CENTRAL ELEMENTARY","292853002670","DB",0,0,0,0,0,0,1,0,0,0,0,0,0,0,1,0,1,0,0,0,0,0,0,0,1,0,0,0,0,0,0,0,0,0,0
"MO","MISSOURI","2920700","SCOTLAND CO. R-I","01127","SCOTLAND CO. HIGH","292070001127","DB",0,0,0,0,0,0,1,0,0,0,0,0,0,0,1,0,1,0,0,0,0,0,0,0,1,0,0,0,0,0,0,0,0,0,0
"MO","MISSOURI","2916590","KING CITY R-I","00907","KING CITY HIGH","291659000907","DB",0,0,0,0,0,0,0,0,0,0,0,0,0,1,1,0,0,0,1,0,0,0,0,0,0,0,0,0,0,0,0,0,1,0,0
"MO","MISSOURI","2928410","SMITHVILLE R-II","01754","SMITHVILLE HIGH","292841001754","DB",0,0,0,0,0,0,0,0,0,0,0,0,0,1,1,0,0,0,1,0,0,0,0,0,0,0,0,0,0,0,0,0,1,0,0
"MO","MISSOURI","2921810","NEOSHO SCHOOL DISTRICT","01209","NEOSHO HIGH","292181001209","DB",0,0,0,0,0,0,0,1,0,0,0,0,0,0,1,0,0,0,1,0,0,0,0,0,0,0,0,0,0,0,1,0,0,0,0
"MO","MISSOURI","2908370","FT. ZUMWALT R-II","02783","WESTHOFF ELEM.","290837002783","DB",0,0,0,0,0,0,0,0,0,0,0,0,0,1,1,0,0,0,1,0,0,0,0,0,0,0,0,0,0,0,0,0,1,0,0
"MO","MISSOURI","2917820","LADUE","00944","LADUE MIDDLE","291782000944","DB",0,1,0,0,0,0,0,0,0,0,0,0,0,0,1,0,1,0,0,0,0,0,0,0,1,0,0,0,0,0,0,0,0,0,0
"MO","MISSOURI","2928860","SPRINGFIELD R-XII","01834","WESTPORT ELEM.","292886001834","DB",0,0,0,0,0,0,1,0,0,0,0,0,0,0,1,0,1,0,0,0,0,0,0,0,1,0,0,0,0,0,0,0,0,0,0
"MO","MISSOURI","2916400","KANSAS CITY 33","03258","NORTHEAST MIDDLE SCHOOL","291640003258","DB",0,0,0,1,0,0,0,0,0,0,0,0,0,0,1,0,1,0,0,0,0,0,0,0,0,0,1,0,0,0,0,0,0,0,0
"MO","MISSOURI","2916740","KIRKSVILLE R-III","02219","KIRKSVILLE PRIMARY","291674002219","DB",0,0,0,0,0,0,1,0,0,0,0,0,0,0,1,0,1,0,0,0,0,0,1,0,0,0,0,0,0,0,0,0,0,0,0
"MO","MISSOURI","2918300","LEE'S SUMMIT R-VII","01481","LEE'S SUMMIT NORTH HIGH","291830001481","DB",0,0,0,0,0,0,1,0,0,0,0,0,0,0,1,0,1,0,0,0,0,0,1,0,0,0,0,0,0,0,0,0,0,0,0
"MO","MISSOURI","2915480","INDEPENDENCE 30","00724","WILLIAM CHRISMAN HIGH","291548000724","DB",0,0,0,0,0,0,0,0,0,0,0,0,0,1,1,0,0,0,1,0,0,0,0,0,0,0,0,0,0,0,0,1,0,0,0
"MO","MISSOURI","2912300","FOX C-6","02593","LONE DELL ELEM.","291230002593","DB",0,0,0,0,0,0,1,0,0,0,0,0,0,0,1,0,1,0,0,0,0,0,0,1,0,0,0,0,0,0,0,0,0,0,0
"MO","MISSOURI","2909860","CLINTON","00286","CLINTON SR. HIGH","290986000286","DB",0,0,0,0,0,0,1,0,0,0,0,0,0,0,1,0,1,0,0,0,1,0,0,0,0,0,0,0,0,0,0,0,0,0,0
"MO","MISSOURI","2913650","HANNIBAL 60","02781","VETERANS ELEM.","291365002781","DB",0,0,0,0,0,0,1,0,0,0,0,0,0,0,1,0,1,0,0,0,0,0,0,0,1,0,0,0,0,0,0,0,0,0,0
"MO","MISSOURI","2922530","Nixa Public Schools","02771","CENTURY ELEM.","292253002771","DB",0,0,0,0,0,0,1,0,0,0,0,0,0,0,1,0,1,0,0,0,1,0,0,0,0,0,0,0,0,0,0,0,0,0,0
"MO","MISSOURI","2905310","BLUE SPRINGS R-IV","00085","BLUE SPRINGS HIGH","290531000085","DB",0,0,0,0,0,0,1,0,0,0,0,0,0,0,1,0,1,0,0,0,0,0,0,1,0,0,0,0,0,0,0,0,0,0,0
"MO","MISSOURI","2900021","MO SCHOOL FOR THE BLIND","03038","MO School for the Blind - HS","290002103038","DB",0,0,0,0,0,0,0,0,0,1,0,0,0,0,1,0,0,0,1,0,0,0,0,0,0,0,0,0,0,0,0,0,0,0,1
"MO","MISSOURI","2900022","MO SCHLS FOR THE SEV DISABLED","03050","PARKVIEW SCHOOL","290002203050","DB",0,0,0,0,0,0,2,0,0,0,0,0,0,0,2,0,2,0,0,0,0,0,0,0,0,0,2,0,0,0,0,0,0,0,0
"MO","MISSOURI","2923550","PARK HILL","01371","PARK HILL HIGH","292355001371","DB",0,0,0,0,0,0,0,0,0,0,0,0,0,1,1,0,0,0,1,0,0,0,0,0,0,0,0,0,0,0,0,0,0,0,1
"MT","MONTANA","3015450","Kalispell Elem","00086","Kalispell Middle School","301545000086","DB",0,0,0,0,0,0,0,0,0,0,0,0,0,1,1,0,0,0,1,0,0,0,0,0,0,0,0,0,0,0,1,0,0,0,0
"MT","MONTANA","3008880","DeSmet Elem","01014","DeSmet 6-8","300888001014","DB",0,0,0,0,0,0,0,1,0,0,0,0,0,0,1,0,0,0,1,0,0,0,0,0,0,0,0,0,0,0,1,0,0,0,0
"MT","MONTANA","3021060","Polson Elem","00630","Cherry Valley School","302106000630","DB",0,0,0,0,0,0,1,0,0,0,0,0,0,0,1,0,1,0,0,0,0,0,0,1,0,0,0,0,0,0,0,0,0,0,0
"MT","MONTANA","3000100","Mont Sch for Deaf Blind","01084","MT Sch For Deaf & Blnd El","300010001084","DB",0,0,0,0,0,0,1,0,0,0,0,0,0,0,1,0,1,0,0,0,0,0,0,0,0,0,1,0,0,0,0,0,0,0,0
"MT","MONTANA","3005140","Browning Elem","00872","Browning Middle School","300514000872","DB",1,0,0,0,0,0,0,0,0,0,0,0,0,0,1,0,1,0,0,0,0,0,1,0,0,0,0,0,0,0,0,0,0,0,0
"MT","MONTANA","3000005","Helena Elem","00885","Helena Middle School","300000500885","DB",0,0,0,0,0,0,1,0,0,0,0,0,0,0,1,0,1,0,0,0,0,0,1,0,0,0,0,0,0,0,0,0,0,0,0
"NE","NEBRASKA","3104100","BLAIR COMMUNITY SCHOOLS","00086","BLAIR HIGH SCHOOL","310410000086","DB",0,0,0,0,0,0,0,0,0,0,0,0,0,1,1,0,0,0,1,0,0,0,0,0,0,0,0,0,0,0,0,0,0,0,1
"NE","NEBRASKA","3174430","NORFOLK PUBLIC SCHOOLS","00303","NORFOLK MIDDLE SCHOOL","317443000303","DB",0,0,0,0,0,0,0,0,0,0,0,0,0,1,1,0,0,0,1,0,0,0,0,0,0,0,0,0,0,0,0,1,0,0,0
"NE","NEBRASKA","3170110","ELKHORN PUBLIC SCHOOLS","00927","ELKHORN HIGH SCHOOL","317011000927","DB",0,0,1,0,0,0,0,0,0,0,0,0,0,0,1,0,1,0,0,0,0,0,0,0,0,0,1,0,0,0,0,0,0,0,0
"NE","NEBRASKA","3172840","LINCOLN PUBLIC SCHOOLS","01161","LINCOLN NORTHEAST HIGH SCHOOL","317284001161","DB",0,0,0,0,0,0,0,0,0,0,0,0,0,1,1,0,0,0,1,0,0,0,0,0,0,0,0,0,0,0,0,0,1,0,0
"NE","NEBRASKA","3172840","LINCOLN PUBLIC SCHOOLS","01159","LINCOLN EAST HIGH SCHOOL","317284001159","DB",0,0,0,0,0,0,1,0,0,0,0,0,0,0,1,0,1,0,0,0,0,0,0,0,1,0,0,0,0,0,0,0,0,0,0
"NE","NEBRASKA","3172840","LINCOLN PUBLIC SCHOOLS","01164","MEADOW LANE ELEMENTARY SCHOOL","317284001164","DB",0,0,0,0,0,0,1,0,0,0,0,0,0,0,1,0,1,0,0,0,0,0,1,0,0,0,0,0,0,0,0,0,0,0,0
"NE","NEBRASKA","3172840","LINCOLN PUBLIC SCHOOLS","00392","LUX MIDDLE SCHOOL","317284000392","DB",0,0,0,1,0,0,0,0,0,0,0,0,0,0,1,0,1,0,0,0,0,0,0,0,1,0,0,0,0,0,0,0,0,0,0
"NE","NEBRASKA","3171730","HEMINGFORD PUBLIC SCHOOLS","01063","HEMINGFORD HIGH SCHOOL","317173001063","DB",0,0,0,0,0,0,0,0,0,0,0,0,0,1,1,0,0,0,1,0,0,0,0,0,0,0,0,0,0,0,0,0,1,0,0
"NE","NEBRASKA","3175270","PAPILLION LA VISTA COMMUNITY SCHOOLS","01389","PAPILLION LA VISTA SOUTH HS","317527001389","DB",0,0,0,0,0,0,1,0,0,0,0,0,0,1,2,0,1,0,1,0,0,0,0,0,1,0,0,0,0,0,0,0,1,0,0
"NE","NEBRASKA","3104870","CEDAR BLUFFS PUBLIC SCHOOLS","00125","CEDAR BLUFFS ELEMENTARY SCHOOL","310487000125","DB",0,0,0,0,0,0,0,0,0,0,0,0,0,1,1,0,0,0,1,0,0,0,0,0,0,0,0,0,0,0,0,0,0,0,1
"NV","NEVADA","3200060","CLARK COUNTY SCHOOL DISTRICT","00440","Vanderburg  John ES","320006000440","DB",0,0,0,0,0,0,1,0,0,0,0,0,0,0,1,0,1,0,0,0,0,0,0,0,1,0,0,0,0,0,0,0,0,0,0
"NV","NEVADA","3200120","ELKO COUNTY SCHOOL DISTRICT","00349","Mountain View Elementary School","320012000349","DB",0,0,0,0,0,0,0,0,0,0,0,0,0,1,1,0,0,0,1,0,0,0,0,0,0,0,0,0,0,0,1,0,0,0,0
"NV","NEVADA","3200060","CLARK COUNTY SCHOOL DISTRICT","00679","Hayden  Don E ES","320006000679","DB",0,0,0,1,0,0,0,0,0,0,0,0,0,0,1,0,1,0,0,0,0,0,0,1,0,0,0,0,0,0,0,0,0,0,0
"NV","NEVADA","3200060","CLARK COUNTY SCHOOL DISTRICT","00460","West Preparatory Institute J-SHS","320006000460","DB",0,1,0,0,0,0,0,0,0,0,0,0,0,0,1,0,1,0,0,0,0,0,1,0,0,0,0,0,0,0,0,0,0,0,0
"NV","NEVADA","3200060","CLARK COUNTY SCHOOL DISTRICT","00535","Cram  Brian & Teri MS","320006000535","DB",0,0,0,1,0,0,0,0,0,1,0,0,0,0,2,1,0,0,1,0,0,0,1,0,0,0,0,0,0,0,1,0,0,0,0
"NV","NEVADA","3200060","CLARK COUNTY SCHOOL DISTRICT","00490","Lawrence  Clifford J JHS","320006000490","DB",0,0,0,0,0,0,1,0,0,0,0,0,0,0,1,0,1,0,0,0,0,0,1,0,0,0,0,0,0,0,0,0,0,0,0
"NV","NEVADA","3200390","CARSON CITY SCHOOL DISTRICT","00315","Eagle Valley Middle School","320039000315","DB",0,0,0,0,0,0,0,1,0,0,0,0,0,0,1,0,0,0,1,0,0,0,0,0,0,0,0,0,0,0,0,0,1,0,0
"NV","NEVADA","3200390","CARSON CITY SCHOOL DISTRICT","00280","Carson High School","320039000280","DB",0,0,0,0,0,0,0,0,0,0,1,0,0,0,1,0,0,1,0,0,0,0,0,0,0,0,0,0,0,0,0,0,1,0,0
"NH","NEW HAMPSHIRE","3304980","Nashua School District","00323","Nashua High School South","330498000323","DB",0,0,0,0,0,0,1,0,0,0,0,0,0,0,1,0,1,0,0,0,0,0,1,0,0,0,0,0,0,0,0,0,0,0,0
"NH","NEW HAMPSHIRE","3304980","Nashua School District","00324","New Searles School","330498000324","DB",0,0,0,0,0,0,1,0,0,0,0,0,0,0,1,0,1,0,0,0,0,0,1,0,0,0,0,0,0,0,0,0,0,0,0
"NH","NEW HAMPSHIRE","3303360","Grantham School District","00151","Grantham Village School","330336000151","DB",0,0,0,0,0,0,1,0,0,0,0,0,0,0,1,0,1,0,0,0,0,0,0,0,1,0,0,0,0,0,0,0,0,0,0
"NH","NEW HAMPSHIRE","3304740","Merrimack School District","00278","Merrimack High School","330474000278","DB",0,0,0,0,0,0,1,0,0,0,0,0,0,0,1,0,1,0,0,0,0,0,1,0,0,0,0,0,0,0,0,0,0,0,0
"NH","NEW HAMPSHIRE","3304590","Manchester School District","00262","Weston Elementary School","330459000262","DB",0,0,0,0,0,0,0,0,0,0,1,0,0,0,1,0,0,0,1,0,0,0,0,0,0,0,0,0,0,0,0,0,1,0,0
"NH","NEW HAMPSHIRE","3305520","Oyster River Coop School District","00520","Moharimet School","330552000520","DB",0,0,0,0,0,0,1,0,0,0,0,0,0,0,1,0,1,0,0,0,0,0,0,0,1,0,0,0,0,0,0,0,0,0,0
"NH","NEW HAMPSHIRE","3302480","Contoocook Valley School District","00072","Peterborough Elementary School","330248000072","DB",0,0,0,0,0,0,0,0,0,0,0,0,0,1,1,0,0,0,1,0,0,0,0,0,0,0,0,0,0,0,0,1,0,0,0
"NH","NEW HAMPSHIRE","3306180","Shaker Regional School District","00490","Belmont Elementary School","330618000490","DB",0,0,0,0,0,0,1,0,0,0,0,0,0,1,2,0,1,0,1,0,0,0,0,1,0,0,0,0,0,0,1,0,0,0,0
"NH","NEW HAMPSHIRE","3303240","Goffstown School District","00138","Bartlett Elementary School","330324000138","DB",0,0,0,0,0,0,0,0,0,0,0,0,0,1,1,0,0,0,1,0,0,0,0,0,0,0,0,0,0,0,0,1,0,0,0
"NH","NEW HAMPSHIRE","3303240","Goffstown School District","00137","Goffstown High School","330324000137","DB",0,0,0,0,0,0,0,0,0,0,0,0,0,1,1,0,0,0,1,0,0,0,0,0,0,0,0,0,0,0,1,0,0,0,0
"NJ","NEW JERSEY","3401770","Black Horse Pike Regional School District","01338","Triton Regional High School","340177001338","DB",0,0,0,0,0,0,1,0,0,0,0,0,0,0,1,0,1,0,0,0,0,0,1,0,0,0,0,0,0,0,0,0,0,0,0
"NJ","NEW JERSEY","3414850","Secaucus School District","06059","Secaucus Middle School","341485006059","DB",0,0,0,0,0,0,0,0,0,0,0,0,0,1,1,0,0,0,1,0,0,0,0,0,0,0,0,0,0,0,0,0,1,0,0
"NJ","NEW JERSEY","3401450","Bergen County Special Services School District","00234","Hearing Impaired","340145000234","DB",0,0,0,2,0,0,0,0,0,0,0,0,0,0,2,1,1,0,0,0,0,0,1,0,0,0,1,0,0,0,0,0,0,0,0
"NJ","NEW JERSEY","3400778","Marie H. Katzenbach School for the Deaf","03329","Marie H Katzenbach High School","340077803329","DB",0,0,0,1,0,0,0,0,0,0,0,0,0,0,1,0,1,0,0,0,0,0,0,0,0,0,1,0,0,0,0,0,0,0,0
"NJ","NEW JERSEY","3402440","Burlington County Special Services School District","00982","Westampton Campus","340244000982","DB",0,0,0,0,0,0,1,0,0,0,0,0,0,0,1,0,1,0,0,0,0,0,0,0,0,0,1,0,0,0,0,0,0,0,0
"NJ","NEW JERSEY","3413800","Ridgefield Park Public School District","00754","Ridgefield Park Jr Sr High School","341380000754","DB",0,0,0,0,0,0,0,0,0,0,1,0,0,0,1,0,0,0,1,0,0,0,0,0,0,0,0,0,0,0,0,0,1,0,0
"NJ","NEW JERSEY","3410950","Mount Laurel Township School District","01164","T. E. Harrington Middle School","341095001164","DB",0,0,0,0,0,0,1,0,0,0,0,0,0,0,1,0,1,0,0,0,0,0,0,0,1,0,0,0,0,0,0,0,0,0,0
"NJ","NEW JERSEY","3409450","Manchester Township School District","04660","Manchester Township High School","340945004660","DB",0,0,0,0,0,0,0,0,0,0,0,0,0,1,1,0,0,0,1,0,0,0,0,0,0,0,0,0,0,0,0,0,1,0,0
"NJ","NEW JERSEY","3410500","Monroe Township School District","03442","Monroe Township Middle School","341050003442","DB",0,0,0,0,0,0,0,0,0,0,1,0,0,0,1,0,0,0,1,0,0,0,0,0,0,0,0,0,0,0,0,0,1,0,0
"NJ","NEW JERSEY","3413110","Pittsgrove Township School District","06056","Pittsgrove Township Middle School","341311006056","DB",0,0,0,1,0,0,0,0,0,0,0,0,0,0,1,0,1,0,0,0,0,0,0,0,1,0,0,0,0,0,0,0,0,0,0
"NJ","NEW JERSEY","3480363","Gloucester County Special Services School District","00413","Bankbridge Regional School","348036300413","DB",0,0,0,0,0,0,0,0,0,0,0,0,0,1,1,0,0,0,1,0,0,0,0,0,0,0,0,0,0,0,0,0,0,0,1
"NJ","NEW JERSEY","3413140","Plainfield Public School District","05628","Washington Community School","341314005628","DB",0,0,0,1,0,0,0,0,0,0,0,0,0,0,1,0,1,0,0,0,0,0,0,0,0,0,1,0,0,0,0,0,0,0,0
"NJ","NEW JERSEY","3411340","Newark Public School District","02234","Belmont Runyon Elementary School","341134002234","DB",0,0,1,2,0,0,0,0,0,0,0,0,0,0,3,0,3,0,0,0,0,0,3,0,0,0,0,0,0,0,0,0,0,0,0
"NJ","NEW JERSEY","3411340","Newark Public School District","03061","Park Elementary School","341134003061","DB",0,0,1,0,0,0,0,0,0,0,0,0,0,0,1,0,1,0,0,0,0,0,1,0,0,0,0,0,0,0,0,0,0,0,0
"NM","NEW MEXICO","3500123","ABQ SIGN LANGUAGE ACADEMY","01066","ABQ SIGN LANGUAGE ACADEMY","350012301066","DB",0,0,0,1,0,0,0,0,0,0,0,0,0,0,1,0,1,0,0,0,0,0,1,0,0,0,0,0,0,0,0,0,0,0,0
"NM","NEW MEXICO","3500060","ALBUQUERQUE PUBLIC SCHOOLS","00119","WEST MESA HIGH","350006000119","DB",0,0,0,1,0,0,0,0,0,0,0,0,0,0,1,0,1,0,0,0,0,0,1,0,0,0,0,0,0,0,0,0,0,0,0
"NM","NEW MEXICO","3500013","NM SCHOOL FOR THE BLIND AND VISUALLY IMPAIRED","00980","NM SCHOOL FOR THE BLIND AND VISUALLY IMPAIRED","350001300980","DB",0,0,0,0,0,0,0,0,0,0,1,0,0,0,1,0,0,0,1,0,0,0,0,0,0,0,0,0,0,0,0,0,0,0,1
"NM","NEW MEXICO","3501500","LAS CRUCES PUBLIC SCHOOLS","00720","ONATE HIGH","350150000720","DB",0,0,0,1,0,0,0,0,0,0,1,0,0,0,2,1,0,0,1,0,0,0,1,0,0,0,0,0,0,0,1,0,0,0,0
"NM","NEW MEXICO","3502250","ROSWELL INDEPENDENT SCHOOLS","00521","ROSWELL HIGH","350225000521","DB",0,0,0,0,0,0,0,0,0,0,1,0,0,0,1,0,0,0,1,0,0,0,0,0,0,0,0,0,0,0,1,0,0,0,0
"NY","NEW YORK","3624780","ROCKVILLE CENTRE UNION FREE SCHOOL DISTRICT","03430","SOUTH SIDE MIDDLE SCHOOL","362478003430","DB",0,0,0,0,0,0,1,0,0,0,0,0,0,0,1,0,1,0,0,0,0,0,0,0,1,0,0,0,0,0,0,0,0,0,0
"NY","NEW YORK","3600133","NEW YORK STATE SCHOOL FOR THE BLIND","05035","NEW YORK STATE SCHOOL FOR THE BLIND","360013305035","DB",0,0,0,0,0,0,1,0,0,0,0,0,0,0,1,0,1,0,0,0,0,0,0,0,0,0,1,0,0,0,0,0,0,0,0
"NY","NEW YORK","3626700","SHERBURNE-EARLVILLE CENTRAL SCHOOL DISTRICT","01984","SHERBURNE-EARLVILLE ELEMENTARY SCHOOL","362670001984","DB",0,0,0,0,0,0,0,0,0,0,0,0,0,1,1,0,0,0,1,0,0,0,0,0,0,0,0,0,0,0,0,0,1,0,0
"NY","NEW YORK","3627810","EAST RAMAPO CENTRAL SCHOOL DISTRICT (SPRING VALLEY)","03770","FLEETWOOD ELEMENTARY SCHOOL","362781003770","DB",0,0,0,1,0,0,0,0,0,0,0,0,0,0,1,0,1,0,0,0,0,0,0,0,1,0,0,0,0,0,0,0,0,0,0
"NY","NEW YORK","3605460","BRIGHTON CENTRAL SCHOOL DISTRICT","00275","TWELVE CORNERS MIDDLE SCHOOL","360546000275","DB",0,0,0,0,0,0,0,0,0,0,0,0,0,1,1,0,0,0,1,0,0,0,0,0,0,0,0,0,0,0,0,0,1,0,0
"NC","NORTH CAROLINA","3700012","Pitt County Schools","02789","Creekside Elementary","370001202789","DB",0,0,0,0,0,0,0,0,0,0,1,0,0,0,1,0,0,1,0,0,0,0,0,0,0,0,0,0,0,0,0,1,0,0,0
"NC","NORTH CAROLINA","3703310","Craven County Schools","02175","Havelock Elementary","370331002175","DB",0,0,0,0,0,0,1,0,0,0,0,0,0,0,1,0,1,0,0,0,0,0,1,0,0,0,0,0,0,0,0,0,0,0,0
"NC","NORTH CAROLINA","3700012","Pitt County Schools","01495","D H Conley High","370001201495","DB",0,0,0,0,0,0,0,0,0,1,0,0,0,0,1,0,0,0,1,0,0,0,0,0,0,0,0,0,0,0,0,1,0,0,0
"NC","NORTH CAROLINA","3700012","Pitt County Schools","01488","A G Cox Middle","370001201488","DB",0,0,0,1,0,0,0,0,0,0,0,0,0,0,1,1,0,0,0,0,0,0,0,1,0,0,0,0,0,0,0,0,0,0,0
"NC","NORTH CAROLINA","3704530","Transylvania County Schools","01777","Brevard Elementary","370453001777","DB",0,0,0,0,0,0,1,0,0,0,0,0,0,0,1,0,1,0,0,0,0,0,0,0,1,0,0,0,0,0,0,0,0,0,0
"NC","NORTH CAROLINA","3704620","Union County Public Schools","02800","Porter Ridge Middle School","370462002800","DB",0,0,0,0,1,0,0,0,0,0,0,0,0,0,1,0,1,0,0,0,0,0,1,0,0,0,0,0,0,0,0,0,0,0,0
"NC","NORTH CAROLINA","3701170","Davie County Schools","00486","Davie County High","370117000486","DB",0,0,0,1,0,0,0,0,0,0,0,0,0,0,1,0,1,0,0,0,0,0,1,0,0,0,0,0,0,0,0,0,0,0,0
"NC","NORTH CAROLINA","3704620","Union County Public Schools","02353","Weddington Elementary","370462002353","DB",0,0,0,0,0,0,1,0,0,0,0,0,0,0,1,0,1,0,0,0,0,0,1,0,0,0,0,0,0,0,0,0,0,0,0
"NC","NORTH CAROLINA","3702560","Lee County Schools","03492","WB Wicker Elementary","370256003492","DB",0,0,0,1,0,0,0,0,0,0,0,0,0,0,1,0,1,0,0,0,0,0,0,1,0,0,0,0,0,0,0,0,0,0,0
"NC","NORTH CAROLINA","3700320","Deaf and Blind Schools","03234","NC School for the Deaf","370032003234","DB",0,1,0,1,0,0,0,0,0,0,0,0,0,0,2,1,1,0,0,0,0,0,0,0,0,1,1,0,0,0,0,0,0,0,0
"NC","NORTH CAROLINA","3700320","Deaf and Blind Schools","03235","Eastern NC School for the Deaf","370032003235","DB",0,0,1,0,0,0,1,0,0,1,0,0,0,0,3,0,2,0,1,0,0,0,0,0,0,0,2,0,0,0,0,0,0,0,1
"NC","NORTH CAROLINA","3700580","Caldwell County Schools","00231","Hibriten High","370058000231","DB",0,0,0,0,0,0,1,0,0,0,0,0,0,0,1,0,1,0,0,0,0,0,1,0,0,0,0,0,0,0,0,0,0,0,0
"NC","NORTH CAROLINA","3703000","Mitchell County Schools","01295","Gouge Elementary","370300001295","DB",0,0,0,0,0,0,0,0,0,0,0,0,0,1,1,0,0,0,1,0,0,0,0,0,0,0,0,0,0,0,1,0,0,0,0
"NC","NORTH CAROLINA","3702970","Charlotte-Mecklenburg Schools","01241","Metro School","370297001241","DB",0,0,0,0,0,0,0,0,0,0,1,0,0,0,1,0,0,1,0,0,0,0,0,0,0,0,0,0,0,0,0,0,0,0,1
"NC","NORTH CAROLINA","3702970","Charlotte-Mecklenburg Schools","03175","William Amos Hough High","370297003175","DB",0,0,0,0,0,0,0,0,0,0,0,0,0,1,1,0,0,0,1,0,0,0,0,0,0,0,0,0,0,0,1,0,0,0,0
"NC","NORTH CAROLINA","3703270","Nash County Public Schools","01345","Nash Central Middle","370327001345","DB",0,0,0,0,0,0,0,0,0,0,0,0,0,1,1,0,0,0,1,0,0,0,0,0,0,0,0,0,0,0,1,0,0,0,0
"NC","NORTH CAROLINA","3704720","Wake County Schools","01830","Athens Drive High","370472001830","DB",0,0,0,0,0,0,0,0,0,0,0,0,0,1,1,0,0,0,1,0,0,0,0,0,0,0,0,0,0,0,1,0,0,0,0
"NC","NORTH CAROLINA","3704720","Wake County Schools","01883","North Ridge Elementary","370472001883","DB",0,0,1,0,0,0,0,0,0,0,1,0,0,0,2,0,1,1,0,0,0,0,1,0,0,0,0,0,0,0,1,0,0,0,0
"NC","NORTH CAROLINA","3704720","Wake County Schools","02281","Lead Mine Elementary","370472002281","DB",0,1,0,0,0,0,0,0,0,0,0,0,0,0,1,0,1,0,0,0,0,0,0,1,0,0,0,0,0,0,0,0,0,0,0
"NC","NORTH CAROLINA","3704720","Wake County Schools","01877","Martin Middle","370472001877","DB",0,0,1,0,0,0,0,0,0,0,0,0,0,0,1,0,1,0,0,0,0,0,1,0,0,0,0,0,0,0,0,0,0,0,0
"NC","NORTH CAROLINA","3704720","Wake County Schools","03186","Walnut Creek Elementary","370472003186","DB",0,0,1,0,0,0,0,0,0,0,0,0,0,0,1,0,1,0,0,0,0,0,0,1,0,0,0,0,0,0,0,0,0,0,0
"NC","NORTH CAROLINA","3703930","Public Schools of Robeson County","02235","L Gilbert Carroll","370393002235","DB",0,0,0,0,0,0,0,1,0,0,0,0,0,0,1,0,0,0,1,0,0,0,0,0,0,0,0,0,0,0,1,0,0,0,0
"NC","NORTH CAROLINA","3700750","Chatham County Schools","00311","Jordan Matthews High","370075000311","DB",0,0,0,0,0,0,0,0,0,0,1,0,0,0,1,0,0,1,0,0,0,0,0,0,0,0,0,0,0,0,1,0,0,0,0
"NC","NORTH CAROLINA","3701260","Durham Public Schools","02442","Hope Valley Elementary","370126002442","DB",0,0,0,0,0,0,0,0,0,0,0,0,0,1,1,0,0,0,1,0,0,0,0,0,0,0,0,0,0,0,0,0,1,0,0
"NC","NORTH CAROLINA","3701260","Durham Public Schools","00530","C E Jordan High","370126000530","DB",0,0,0,0,0,0,0,0,0,1,0,0,0,0,1,0,0,0,1,0,0,0,0,0,0,0,0,0,0,0,0,1,0,0,0
"NC","NORTH CAROLINA","3701920","Guilford County Schools","00774","Grimsley High","370192000774","DB",0,0,0,0,0,0,1,0,0,0,0,0,0,0,1,0,1,0,0,0,0,0,0,0,1,0,0,0,0,0,0,0,0,0,0
"NC","NORTH CAROLINA","3701500","Winston Salem / Forsyth County Schools","00619","Lowrance Middle","370150000619","DB",0,0,0,0,0,0,0,0,0,0,1,0,0,0,1,0,0,0,1,0,0,0,0,0,0,0,0,0,0,0,1,0,0,0,0
"NC","NORTH CAROLINA","3703870","Richmond County Schools","01557","Richmond Senior High","370387001557","DB",0,0,1,0,0,0,0,0,0,0,0,0,0,0,1,0,1,0,0,0,0,0,1,0,0,0,0,0,0,0,0,0,0,0,0
"ND","NORTH DAKOTA","3812930","MILNOR 2","00426","MILNOR ELEMENTARY SCHOOL","381293000426","DB",0,0,0,0,0,0,1,0,0,0,0,0,0,0,1,0,1,0,0,0,0,0,0,0,1,0,0,0,0,0,0,0,0,0,0
"ND","NORTH DAKOTA","3819020","WAHPETON 37","00660","WAHPETON ELEMENTARY SCHOOL","381902000660","DB",0,0,0,0,1,0,0,0,0,0,0,0,0,0,1,0,1,0,0,0,0,0,1,0,0,0,0,0,0,0,0,0,0,0,0
"ND","NORTH DAKOTA","3809570","HILLSBORO 9","00301","HILLSBORO ELEMENTARY SCHOOL","380957000301","DB",0,0,0,0,0,0,0,0,0,0,0,0,0,1,1,0,0,0,1,0,0,0,0,0,0,0,0,0,0,0,0,0,1,0,0
"ND","NORTH DAKOTA","3806780","FARGO 1","00205","NORTH HIGH SCHOOL","380678000205","DB",0,0,0,0,0,0,1,0,0,0,0,0,0,0,1,0,1,0,0,0,0,0,1,0,0,0,0,0,0,0,0,0,0,0,0
"ND","NORTH DAKOTA","3800053","CARRINGTON 49","00087","CARRINGTON ELEMENTARY SCHOOL","380005300087","DB",0,0,0,0,0,0,0,0,0,0,0,0,0,1,1,0,0,0,1,0,0,0,0,0,0,0,0,0,0,0,0,0,1,0,0
"OH","OHIO","3904716","Berkshire Local","02780","Berkshire High School","390471602780","DB",0,0,0,0,0,0,1,0,0,0,0,0,0,0,1,0,1,0,0,0,0,0,0,1,0,0,0,0,0,0,0,0,0,0,0
"OH","OHIO","3904547","Marysville Exempted Village","05124","Northwood Elementary","390454705124","DB",0,0,0,0,0,0,0,0,1,0,0,0,0,0,1,0,0,0,1,0,0,0,0,0,0,0,0,0,0,0,0,1,0,0,0
"OH","OHIO","3904547","Marysville Exempted Village","02232","Raymond Elementary School","390454702232","DB",0,0,0,0,0,0,0,0,0,0,0,0,0,1,1,0,0,0,1,0,0,0,0,0,0,0,0,0,0,0,1,0,0,0,0
"OH","OHIO","3904782","Centerburg Local","03005","Centerburg Elementary School","390478203005","DB",0,0,0,0,1,0,0,0,0,0,0,0,0,0,1,0,1,0,0,0,0,0,1,0,0,0,0,0,0,0,0,0,0,0,0
"OH","OHIO","3904510","Willoughby-Eastlake City","02009","South High School","390451002009","DB",0,0,0,0,0,0,0,0,0,0,0,1,0,0,1,0,0,0,1,0,0,0,0,0,0,0,0,0,0,0,0,0,1,0,0
"OH","OHIO","3904493","Upper Arlington City","01868","Windermere Elementary School","390449301868","DB",0,0,0,0,0,0,1,0,0,0,0,0,0,0,1,0,1,0,0,0,0,0,0,0,0,0,1,0,0,0,0,0,0,0,0
"OH","OHIO","3904418","Kettering City School District","01107","Oakview Elementary School","390441801107","DB",0,0,0,0,1,0,0,0,0,0,0,0,0,0,1,0,1,0,0,0,0,0,0,0,1,0,0,0,0,0,0,0,0,0,0
"OH","OHIO","3904652","Wynford Local","02586","Wynford High School","390465202586","DB",0,0,0,0,0,0,1,0,0,0,0,0,0,0,1,0,1,0,0,0,0,0,0,0,1,0,0,0,0,0,0,0,0,0,0
"OH","OHIO","3904870","Mad River Local","03364","Stebbins High School","390487003364","DB",0,0,0,0,0,0,0,0,0,0,0,0,0,1,1,0,0,0,1,0,0,0,0,0,0,0,0,0,0,0,0,0,0,1,0
"OH","OHIO","3904380","Columbus City School District","00590","Beechcroft High School","390438000590","DB",0,0,0,0,0,0,0,0,0,0,0,0,0,1,1,0,0,0,1,0,0,0,0,0,0,0,0,0,0,0,1,0,0,0,0
"OH","OHIO","3910012","Mount Vernon City","01356","Mount Vernon High School","391001201356","DB",0,0,0,0,0,0,0,0,0,0,0,0,0,1,1,0,0,0,1,0,0,0,0,0,0,0,0,0,1,0,0,0,0,0,0
"OH","OHIO","3904380","Columbus City School District","04432","Special Education Center","390438004432","DB",0,0,0,0,0,0,1,0,0,0,0,0,0,0,1,0,1,0,0,0,0,0,0,0,0,0,1,0,0,0,0,0,0,0,0
"OH","OHIO","3904380","Columbus City School District","04236","Fort Hayes Arts and Academic HS","390438004236","DB",0,0,0,0,0,0,0,0,0,1,0,0,0,0,1,0,0,0,1,0,0,0,0,0,0,0,0,0,0,0,0,0,1,0,0
"OH","OHIO","3904380","Columbus City School District","00632","Arts Impact Middle School (Aims)","390438000632","DB",0,0,1,0,0,0,2,0,0,0,0,0,0,0,3,0,3,0,0,0,1,0,2,0,0,0,0,0,0,0,0,0,0,0,0
"OH","OHIO","3904532","Columbiana Exempted Village","02176","Joshua Dixon Elementary School","390453202176","DB",0,0,0,0,0,0,1,0,0,0,0,0,0,0,1,0,1,0,0,0,1,0,0,0,0,0,0,0,0,0,0,0,0,0,0
"OH","OHIO","3904504","Westerville City","04368","Wilder Elementary School","390450404368","DB",0,0,1,0,0,0,0,0,0,0,0,1,0,0,2,0,1,0,1,0,0,0,0,0,0,0,1,0,0,0,0,0,0,0,1
"OH","OHIO","3904353","Barberton City","00109","Barberton Middle School","390435300109","DB",0,0,0,0,0,0,0,0,0,0,0,0,0,1,1,0,0,0,1,0,0,0,0,0,0,0,0,0,0,0,0,0,1,0,0
"OH","OHIO","3904606","Western Brown Local","00427","Mt  Orab Middle School","390460600427","DB",0,0,0,0,0,0,0,0,0,0,0,0,0,1,1,0,0,0,1,0,0,0,0,0,0,0,0,0,0,0,0,0,1,0,0
"OH","OHIO","3904516","Youngstown City","05948","Kirkmere School","390451605948","DB",0,0,0,1,0,0,0,0,0,0,0,0,0,0,1,0,1,0,0,0,0,0,0,0,1,0,0,0,0,0,0,0,0,0,0
"OH","OHIO","3904460","Oregon City","01475","Clay High School","390446001475","DB",0,0,0,0,0,0,1,0,0,0,0,0,0,0,1,0,1,0,0,0,0,0,1,0,0,0,0,0,0,0,0,0,0,0,0
"OH","OHIO","3904657","Olmsted Falls City","02595","Olmsted Falls High School","390465702595","DB",0,0,0,0,0,0,0,0,0,0,0,0,0,1,1,0,0,0,1,0,0,0,0,0,0,0,0,0,0,0,0,0,1,0,0
"OH","OHIO","3904359","Bellevue City","00157","Bellevue Elementary School","390435900157","DB",0,0,0,0,0,0,1,0,0,0,0,0,0,0,1,0,1,0,0,0,0,0,1,0,0,0,0,0,0,0,0,0,0,0,0
"OH","OHIO","3904494","Urbana City","01869","Urbana Elementary School","390449401869","DB",0,0,0,0,0,0,0,0,0,0,0,0,0,2,2,0,0,0,2,0,0,0,0,0,0,0,0,0,0,0,0,0,2,0,0
"OH","OHIO","3904640","East Clinton Local","02543","East Clinton High School","390464002543","DB",0,0,0,0,0,0,0,0,0,0,0,0,0,1,1,0,0,0,1,0,0,0,0,0,0,0,0,0,0,0,1,0,0,0,0
"OH","OHIO","3905054","Dalton Local","03980","Dalton High School","390505403980","DB",0,0,0,0,0,0,1,0,0,0,0,0,0,0,1,0,1,0,0,0,0,0,0,0,0,0,1,0,0,0,0,0,0,0,0
"OH","OHIO","3904993","Plain Local","03761","GlenOak High School","390499303761","DB",0,0,0,0,0,0,0,0,0,1,0,0,0,0,1,0,0,0,1,0,0,0,0,0,0,0,0,0,0,0,0,0,0,0,1
"OH","OHIO","3904736","Northwest Local","02859","Northwest High School","390473602859","DB",0,0,0,0,0,0,0,0,0,0,0,0,0,1,1,0,0,0,1,0,0,0,0,0,0,0,0,0,0,0,0,0,0,0,1
"OH","OHIO","3904537","Georgetown Exempted Village","02194","Georgetown Elementary School","390453702194","DB",0,0,0,0,0,0,1,0,0,0,0,0,0,0,1,0,1,0,0,0,0,0,1,0,0,0,0,0,0,0,0,0,0,0,0
"OH","OHIO","3904410","Hamilton City","05959","Miami School","390441005959","DB",0,0,0,0,0,0,1,0,0,0,0,0,0,0,1,0,1,0,0,0,0,0,1,0,0,0,0,0,0,0,0,0,0,0,0
"OH","OHIO","3904736","Northwest Local","02855","Colerain High School","390473602855","DB",0,0,0,0,0,0,0,0,0,0,0,0,0,1,1,0,0,0,1,0,0,0,0,0,0,0,0,0,0,0,0,0,0,0,1
"OH","OHIO","3904422","Lima City","01162","Lima West Middle School","390442201162","DB",0,0,0,3,0,0,0,0,0,0,0,0,0,0,3,0,3,0,0,0,0,0,0,0,0,3,0,0,0,0,0,0,0,0,0
"OH","OHIO","3904610","Fairfield City","00802","Fairfield East Elementary School","390461000802","DB",0,0,0,0,0,0,1,0,0,0,0,0,0,0,1,0,1,0,0,0,0,0,1,0,0,0,0,0,0,0,0,0,0,0,0
"OH","OHIO","3904454","North Royalton City","04363","North Royalton Middle School","390445404363","DB",0,0,0,0,0,0,0,0,0,0,0,0,0,1,1,0,0,0,1,0,0,0,0,0,0,0,0,0,0,0,1,0,0,0,0
"OH","OHIO","3904702","Dublin City","04614","Dublin Jerome High School","390470204614","DB",0,0,0,0,0,0,1,0,0,0,0,0,0,0,1,0,1,0,0,0,0,0,1,0,0,0,0,0,0,0,0,0,0,0,0
"OH","OHIO","3904702","Dublin City","04365","Daniel Wright Elementary School","390470204365","DB",0,0,0,0,0,0,0,0,0,0,0,0,0,1,1,0,0,0,1,0,0,0,0,0,0,0,0,0,0,0,0,0,0,0,1
"OH","OHIO","3910001","Van Buren Local","02900","Van Buren High School","391000102900","DB",0,0,0,0,0,0,0,0,0,0,0,0,0,1,1,0,0,0,1,0,0,0,0,0,0,0,0,0,0,0,1,0,0,0,0
"OH","OHIO","3904937","Ottawa-Glandorf Local","03573","Ottawa Elementary School","390493703573","DB",0,0,0,0,0,0,1,0,0,0,0,0,0,0,1,0,1,0,0,0,1,0,0,0,0,0,0,0,0,0,0,0,0,0,0
"OH","OHIO","3904378","Cleveland Municipal","05637","Willson School","390437805637","DB",0,0,0,0,0,0,0,0,0,3,0,0,0,0,3,0,0,0,3,0,0,0,0,0,0,0,0,0,0,0,3,0,0,0,0
"OH","OHIO","3904394","Elyria City Schools","00893","Elyria High School","390439400893","DB",0,0,0,0,0,0,1,0,0,0,0,0,0,0,1,0,1,0,0,0,0,0,0,0,1,0,0,0,0,0,0,0,0,0,0
"OH","OHIO","3904384","Dayton City","00824","Stivers School For The Arts","390438400824","DB",0,0,0,0,0,0,0,0,0,0,0,0,0,1,1,0,0,0,1,0,0,0,0,0,0,0,0,0,0,0,1,0,0,0,0
"OH","OHIO","3904505","West Carrollton City","01969","West Carrollton High School","390450501969","DB",0,0,0,0,0,0,1,0,0,0,0,0,0,0,1,0,1,0,0,0,0,0,1,0,0,0,0,0,0,0,0,0,0,0,0
"OH","OHIO","3904676","Olentangy Local","00646","Alum Creek Elementary School","390467600646","DB",0,0,0,0,0,0,0,0,0,0,1,0,0,0,1,0,0,0,1,0,0,0,0,0,0,0,0,0,0,0,1,0,0,0,0
"OH","OHIO","3905043","Kings Local","03944","Kings Mills Elementary School","390504303944","DB",0,0,0,0,0,0,0,0,0,0,0,0,0,1,1,0,0,0,1,0,0,0,0,0,0,0,0,0,0,0,1,0,0,0,0
"OH","OHIO","3900094","Monroe Local","03635","Monroe Elementary School","390009403635","DB",0,0,0,0,0,0,1,0,0,0,0,0,0,0,1,0,1,0,0,0,0,0,1,0,0,0,0,0,0,0,0,0,0,0,0
"OH","OHIO","3904701","Hilliard City","04611","Hoffman Trails Elementary School","390470104611","DB",0,0,0,0,0,0,1,0,0,0,0,0,0,0,1,0,1,0,0,0,0,0,1,0,0,0,0,0,0,0,0,0,0,0,0
"OH","OHIO","3905045","Mason City","03954","William Mason High School","390504503954","DB",0,0,0,0,0,0,1,0,0,0,0,1,0,0,2,0,1,0,1,0,0,0,1,0,0,0,0,0,0,0,0,0,1,0,0
"OH","OHIO","3904428","Madeira City","01211","Madeira Elementary School","390442801211","DB",0,0,0,0,0,0,0,0,0,0,0,0,0,1,1,0,0,0,1,0,0,0,0,0,0,0,0,0,0,1,0,0,0,0,0
"OH","OHIO","3904696","Gahanna-Jefferson City","02720","Lincoln High School","390469602720","DB",0,0,0,0,0,0,0,0,0,0,0,0,0,1,1,0,0,0,1,0,0,0,0,0,0,0,0,0,0,0,0,0,0,0,1
"OH","OHIO","3904428","Madeira City","01213","Madeira Middle School","390442801213","DB",0,0,0,0,0,0,0,0,0,0,0,0,0,1,1,0,0,0,1,0,0,0,0,0,0,0,0,0,0,1,0,0,0,0,0
"OH","OHIO","3904440","Middletown City","01322","Middletown Middle School","390444001322","DB",0,0,0,0,0,0,0,0,0,0,0,0,0,1,1,0,0,0,1,0,0,0,0,0,0,0,0,0,1,0,0,0,0,0,0
"OH","OHIO","3904421","Lebanon City","04304","Donovan  Elementary School","390442104304","DB",0,0,0,0,0,0,0,0,0,0,0,0,0,1,1,0,0,0,1,0,0,0,0,0,0,0,0,0,0,0,1,0,0,0,0
"OH","OHIO","3906568","Gallia County Local","05545","South Gallia Middle School","390656805545","DB",0,0,0,0,0,0,1,0,0,0,0,0,0,0,1,0,1,0,0,0,0,0,0,0,0,1,0,0,0,0,0,0,0,0,0
"OH","OHIO","3904983","Canton Local","03700","Canton South High School","390498303700","DB",0,0,0,0,0,0,1,0,0,0,0,0,0,0,1,0,1,0,0,0,0,0,0,0,1,0,0,0,0,0,0,0,0,0,0
"OH","OHIO","3904952","Southeastern Local","03623","Southeastern High School","390495203623","DB",0,0,0,0,0,0,1,0,0,0,0,0,0,0,1,0,1,0,0,0,0,0,0,0,0,1,0,0,0,0,0,0,0,0,0
"OH","OHIO","3904888","West Muskingum Local","03443","West Muskingum High School","390488803443","DB",0,0,0,0,0,0,0,0,0,0,0,0,0,1,1,0,0,0,1,0,0,0,0,0,0,0,0,0,0,0,1,0,0,0,0
"OH","OHIO","3906568","Gallia County Local","04130","Southwestern Elementary School","390656804130","DB",0,0,0,0,0,0,1,0,0,0,0,0,0,0,1,0,1,0,0,0,0,0,0,0,0,1,0,0,0,0,0,0,0,0,0
"OH","OHIO","3904931","Columbus Grove Local","03560","Columbus Grove Middle School","390493103560","DB",0,0,0,0,0,0,0,0,0,0,0,0,0,1,1,0,0,0,1,0,0,0,0,0,0,0,0,0,0,0,0,1,0,0,0
"OH","OHIO","3906568","Gallia County Local","00725","South Gallia High School","390656800725","DB",0,0,0,0,0,0,1,0,0,0,0,0,0,0,1,0,1,0,0,0,0,0,0,0,0,1,0,0,0,0,0,0,0,0,0
"OH","OHIO","3904825","Jefferson Local","03173","West Jefferson  Middle School","390482503173","DB",0,0,0,0,0,0,0,0,0,0,0,0,0,1,1,0,0,0,1,0,0,0,0,0,0,0,0,0,0,0,0,0,0,0,1
"OH","OHIO","3904513","Worthington City","00309","Kilbourne Middle School","390451300309","DB",0,0,0,0,0,0,0,0,0,0,0,0,0,1,1,0,0,0,1,0,0,0,0,0,0,0,0,0,0,0,0,0,0,0,1
"OH","OHIO","3904700","Reynoldsburg City","05656","Reynoldsburg HS Encore: Arts, Communication & Design Academy","390470005656","DB",0,0,0,0,0,0,1,0,0,0,0,0,0,0,1,0,1,0,0,0,0,0,0,0,0,0,1,0,0,0,0,0,0,0,0
"OH","OHIO","3904513","Worthington City","02038","Wilson Hill Elementary School","390451302038","DB",0,0,1,0,0,0,0,0,0,0,0,0,0,0,1,0,1,0,0,0,0,0,0,0,1,0,0,0,0,0,0,0,0,0,0
"OH","OHIO","3904513","Worthington City","02034","Brookside Elementary School","390451302034","DB",0,0,0,0,0,0,0,0,0,1,0,0,0,0,1,0,0,0,1,0,0,0,0,0,0,0,0,0,0,0,0,0,0,0,1
"OK","OKLAHOMA","4025800","REYDON","01370","REYDON ES","402580001370","DB",0,0,0,0,0,0,0,0,0,0,0,0,0,1,1,0,0,0,1,0,0,0,0,0,0,0,0,0,0,0,0,1,0,0,0
"OK","OKLAHOMA","4033240","WYANDOTTE","02361","WYANDOTTE MS","403324002361","DB",0,1,0,0,0,0,0,0,0,0,0,0,0,0,1,0,1,0,0,0,0,0,0,0,1,0,0,0,0,0,0,0,0,0,0
"OK","OKLAHOMA","4025230","PURCELL","01327","PURCELL ES","402523001327","DB",0,0,0,0,0,0,0,0,0,0,0,0,0,1,1,0,0,0,1,0,0,0,0,0,0,0,0,0,0,0,0,0,1,0,0
"OK","OKLAHOMA","4015090","HOOKER","00706","HOOKER ES","401509000706","DB",0,0,0,0,0,0,0,0,0,0,0,0,0,1,1,0,0,0,1,0,0,0,0,0,0,0,0,0,0,0,0,1,0,0,0
"OK","OKLAHOMA","4020250","MOORE","01900","RED OAK ES","402025001900","DB",0,0,0,0,0,0,0,0,0,0,0,1,0,0,1,0,0,0,1,0,0,0,0,0,0,0,0,0,0,0,1,0,0,0,0
"OK","OKLAHOMA","4019440","MCALESTER","00922","MCALESTER HS","401944000922","DB",0,0,0,1,0,0,0,0,0,0,0,0,0,0,1,0,1,0,0,0,0,0,1,0,0,0,0,0,0,0,0,0,0,0,0
"OK","OKLAHOMA","4030240","TULSA","29778","PATRICK HENRY ES","403024029778","DB",0,0,0,1,0,0,0,0,0,0,0,0,0,0,1,0,1,0,0,0,0,0,1,0,0,0,0,0,0,0,0,0,0,0,0
"OK","OKLAHOMA","4020640","MOYERS","02091","MOYERS ES","402064002091","DB",0,0,0,0,0,0,0,0,0,0,0,0,0,1,1,0,0,0,1,0,0,0,0,0,0,0,0,0,0,0,1,0,0,0,0
"OK","OKLAHOMA","4028680","STILLWATER","29740","STILLWATER MS","402868029740","DB",0,0,0,0,0,0,0,0,0,0,0,0,0,1,1,0,0,0,1,0,0,0,0,0,0,0,0,0,0,0,0,1,0,0,0
"OK","OKLAHOMA","4015720","JENKS","00739","JENKS HS","401572000739","DB",0,1,0,0,0,0,0,0,0,0,0,0,0,0,1,1,0,0,0,0,0,0,1,0,0,0,0,0,0,0,0,0,0,0,0
"OK","OKLAHOMA","4023580","PAWHUSKA","00145","INDIAN CAMP ES","402358000145","DB",0,0,0,0,0,0,0,0,0,0,0,0,0,1,1,0,0,0,1,0,0,0,0,0,0,0,0,0,0,0,0,0,1,0,0
"OK","OKLAHOMA","4000075","OKLAHOMA SCHOOL FOR THE DEAF","02347","OKLAHOMA SCHOOL FOR THE DEAF","400007502347","DB",0,0,0,0,0,0,0,0,0,0,0,0,0,1,1,0,0,0,1,0,0,0,0,0,0,0,0,0,0,0,0,1,0,0,0
"OK","OKLAHOMA","4000075","OKLAHOMA SCHOOL FOR THE DEAF","02348","OKLAHOMA SCHOOL FOR THE DEAF","400007502348","DB",0,0,0,0,0,0,1,0,0,0,0,0,0,0,1,0,1,0,0,0,0,0,1,0,0,0,0,0,0,0,0,0,0,0,0
"OK","OKLAHOMA","4008070","CLINTON","00337","SOUTHWEST ES","400807000337","DB",0,0,0,1,0,0,0,0,0,0,0,0,0,0,1,1,0,0,0,0,0,0,0,0,1,0,0,0,0,0,0,0,0,0,0
"OK","OKLAHOMA","4025950","RIPLEY","01377","RIPLEY ES","402595001377","DB",1,0,0,0,0,0,0,0,0,0,0,0,0,0,1,0,1,0,0,0,0,0,0,0,1,0,0,0,0,0,0,0,0,0,0
"OK","OKLAHOMA","4026790","SALLISAW","01401","SALLISAW HS","402679001401","DB",0,0,0,0,0,0,1,0,0,0,0,0,0,0,1,0,1,0,0,0,0,0,0,0,1,0,0,0,0,0,0,0,0,0,0
"OK","OKLAHOMA","4005490","BROKEN ARROW","02795","BROKEN ARROW HS","400549002795","DB",0,0,0,0,0,0,0,0,0,0,0,0,0,1,1,0,0,0,1,0,0,0,0,0,0,0,0,0,0,0,1,0,0,0,0
"OK","OKLAHOMA","4022350","OAKDALE","01098","OAKDALE PUBLIC SCHOOL","402235001098","DB",0,0,0,0,0,0,0,0,0,0,0,1,0,0,1,0,0,0,1,0,0,0,0,0,0,0,0,0,0,0,1,0,0,0,0
"OK","OKLAHOMA","4023040","OOLOGAH-TALALA","01228","OOLOGAH-TALALA HS","402304001228","DB",1,0,0,0,0,0,0,0,0,0,0,0,0,0,1,0,1,0,0,0,0,0,0,1,0,0,0,0,0,0,0,0,0,0,0
"OK","OKLAHOMA","4000014","BURNS FLAT-DILL CITY","01566","WILL ROGERS ES","400001401566","DB",0,0,0,0,0,0,1,0,0,0,0,0,0,0,1,0,1,0,0,0,0,0,1,0,0,0,0,0,0,0,0,0,0,0,0
"OK","OKLAHOMA","4014790","HOLDENVILLE","00696","ETHEL REED ES","401479000696","DB",0,0,0,0,0,0,0,0,0,0,0,0,0,1,1,0,0,0,1,0,0,0,0,0,0,0,0,0,0,0,0,1,0,0,0
"OR","OREGON","4108520","Morrow SD 1","01598","Irrigon Elementary School","410852001598","DB",0,0,0,0,0,0,0,0,0,0,0,0,0,1,1,0,0,0,1,0,0,0,0,0,0,0,0,0,0,0,0,0,1,0,0
"OR","OREGON","4106900","Three Rivers/Josephine County SD","00480","Illinois Valley High School","410690000480","DB",0,0,0,0,0,0,0,0,0,0,0,0,0,1,1,0,0,0,1,0,0,0,0,0,0,0,0,0,0,0,0,0,1,0,0
"OR","OREGON","4110350","Redmond SD 2J","01645","Tom McCall Elementary School","411035001645","DB",0,0,0,0,0,0,0,0,0,0,0,0,0,1,1,0,0,0,1,0,0,0,0,0,0,0,0,0,0,0,0,0,1,0,0
"OR","OREGON","4107200","La Grande SD 1","01127","La Grande Middle School","410720001127","DB",0,0,0,0,0,0,1,0,0,0,0,0,0,0,1,0,1,0,0,0,0,0,1,0,0,0,0,0,0,0,0,0,0,0,0
"OR","OREGON","4100023","Hillsboro SD 1J","01253","South Meadows Middle School","410002301253","DB",0,0,0,0,0,0,0,0,0,0,1,0,0,0,1,0,0,1,0,0,0,0,0,0,0,0,0,0,0,0,0,0,1,0,0
"OR","OREGON","4100023","Hillsboro SD 1J","01499","Orenco Elementary School","410002301499","DB",0,0,0,0,0,0,1,0,0,0,0,0,0,0,1,0,1,0,0,0,0,0,0,0,1,0,0,0,0,0,0,0,0,0,0
"OR","OREGON","4103480","Corvallis SD 509J","00048","Crescent Valley High School","410348000048","DB",0,0,0,0,0,0,1,0,0,0,0,0,0,0,1,0,1,0,0,0,0,0,1,0,0,0,0,0,0,0,0,0,0,0,0
"OR","OREGON","4110820","Salem-Keizer SD 24J","04194","Forest Ridge Elementary School","411082004194","DB",0,0,0,0,0,0,1,0,0,0,0,0,0,0,1,1,0,0,0,0,0,0,1,0,0,0,0,0,0,0,0,0,0,0,0
"OR","OREGON","4110820","Salem-Keizer SD 24J","00786","Grant Community School","411082000786","DB",0,0,0,0,0,1,0,0,0,0,0,0,0,0,1,1,0,0,0,0,0,0,1,0,0,0,0,0,0,0,0,0,0,0,0
"OR","OREGON","4109270","Ontario SD 8C","00746","Ontario High School","410927000746","DB",0,0,0,0,0,0,0,0,0,0,0,0,0,1,1,0,0,0,1,0,0,0,0,0,0,0,0,0,0,0,1,0,0,0,0
"OR","OREGON","4105160","Forest Grove SD 15","01187","Joseph Gale Elementary School","410516001187","DB",0,0,0,0,0,0,0,0,0,0,0,0,0,1,1,0,0,0,1,0,0,0,0,0,0,0,0,0,0,0,1,0,0,0,0
"OR","OREGON","4109330","Oregon City SD 62","00112","Beavercreek Elementary School","410933000112","DB",0,0,0,0,0,0,1,0,0,0,0,0,0,0,1,0,1,0,0,0,0,0,0,0,1,0,0,0,0,0,0,0,0,0,0
"OR","OREGON","4106300","Hermiston SD 8","00677","Sandstone Middle School","410630000677","DB",0,0,0,0,0,0,1,0,0,0,0,0,0,0,1,0,1,0,0,0,0,0,1,0,0,0,0,0,0,0,0,0,0,0,0
"OR","OREGON","4102940","Central Point SD 6","00405","Richardson Elementary School","410294000405","DB",0,0,0,0,0,0,1,0,0,0,0,0,0,0,1,0,1,0,0,0,0,0,0,0,1,0,0,0,0,0,0,0,0,0,0
"OR","OREGON","4101920","Beaverton SD 48J","01240","Beaverton High School","410192001240","DB",0,0,0,0,0,0,0,0,0,0,0,0,0,1,1,0,0,0,1,0,0,0,0,0,0,0,0,0,0,0,0,0,1,0,0
"OR","OREGON","4101920","Beaverton SD 48J","01235","Meadow Park Middle School","410192001235","DB",0,0,0,1,0,0,0,0,0,0,0,0,0,0,1,0,1,0,0,0,0,0,1,0,0,0,0,0,0,0,0,0,0,0,0
"OR","OREGON","4109630","Phoenix-Talent SD 4","00391","Phoenix Elementary School","410963000391","DB",0,0,0,0,0,0,1,0,0,0,0,0,0,0,1,0,1,0,0,0,0,0,1,0,0,0,0,0,0,0,0,0,0,0,0
"OR","OREGON","4102800","Centennial SD 28J","01020","Centennial High School","410280001020","DB",0,0,0,1,0,0,0,0,0,0,0,0,0,0,1,0,1,0,0,0,0,0,0,1,0,0,0,0,0,0,0,0,0,0,0
"OR","OREGON","4100009","Oregon Department of Education","00062","Oregon School for the Deaf","410000900062","DB",0,0,0,0,0,0,0,0,0,0,0,0,0,1,1,0,0,0,1,0,0,0,0,0,0,0,0,0,0,0,0,0,0,0,1
"PA","PENNSYLVANIA","4211340","Hamburg Area SD","00808","Hamburg Area HS","421134000808","DB",0,0,0,0,0,0,1,0,0,0,0,0,0,0,1,0,1,0,0,0,0,0,1,0,0,0,0,0,0,0,0,0,0,0,0
"PA","PENNSYLVANIA","4220100","Red Lion Area SD","04598","Red Lion Area SHS","422010004598","DB",0,0,0,0,0,0,1,0,0,0,0,0,0,1,2,0,1,0,1,0,0,0,1,0,0,0,0,0,0,0,0,1,0,0,0
"PA","PENNSYLVANIA","4214580","Manheim Township SD","00097","Reidenbaugh El Sch","421458000097","DB",0,0,0,0,0,0,1,0,0,0,0,0,0,0,1,0,1,0,0,0,0,0,1,0,0,0,0,0,0,0,0,0,0,0,0
"PA","PENNSYLVANIA","4222410","Southmoreland SD","06932","Southmoreland El Sch","422241006932","DB",0,0,0,0,0,0,0,0,0,0,0,0,0,1,1,0,0,0,1,0,0,0,0,0,0,0,0,0,0,0,0,0,1,0,0
"PA","PENNSYLVANIA","4207110","Cumberland Valley SD","04849","Mountain View MS","420711004849","DB",0,0,0,0,0,0,0,0,0,0,0,0,0,1,1,0,0,0,1,0,0,0,0,0,0,0,0,0,0,0,0,0,1,0,0
"PA","PENNSYLVANIA","4203570","Bethlehem Area SD","03465","Liberty HS","420357003465","DB",0,0,1,0,0,0,0,0,0,0,0,0,0,0,1,0,1,0,0,0,0,0,0,0,1,0,0,0,0,0,0,0,0,0,0
"PA","PENNSYLVANIA","4203210","Belle Vernon Area SD","04328","Marion El Sch","420321004328","DB",0,0,0,0,0,0,1,0,0,0,0,0,0,0,1,0,1,0,0,0,0,0,0,0,1,0,0,0,0,0,0,0,0,0,0
"PA","PENNSYLVANIA","4207230","Dallastown Area SD","07355","Dallastown Area Intermediate Sch","420723007355","DB",0,0,0,0,0,0,0,0,0,0,0,1,0,0,1,0,0,0,1,0,0,0,0,0,0,0,0,0,0,0,1,0,0,0,0
"PA","PENNSYLVANIA","4200127","Pennsylvania Leadership CS","00837","Pennsylvania Leadership CS","420012700837","DB",0,0,0,0,0,0,0,0,0,0,0,0,0,1,1,0,0,0,1,0,0,0,0,0,0,0,0,0,0,0,0,1,0,0,0
"PA","PENNSYLVANIA","4220040","Reading SD","00845","Riverside El Sch","422004000845","DB",0,0,0,1,0,0,0,0,0,0,0,0,0,0,1,0,1,0,0,0,0,0,0,1,0,0,0,0,0,0,0,0,0,0,0
"PA","PENNSYLVANIA","4203180","Bedford Area SD","00347","Bedford El Sch","420318000347","DB",0,0,0,0,0,0,1,0,0,0,0,0,0,0,1,0,1,0,0,0,0,0,0,0,1,0,0,0,0,0,0,0,0,0,0
"PA","PENNSYLVANIA","4209780","Fleetwood Area SD","05023","Fleetwood SHS","420978005023","DB",0,0,0,0,0,0,0,0,0,0,0,0,0,1,1,0,0,0,1,0,0,0,0,0,0,0,0,0,0,0,1,0,0,0,0
"PA","PENNSYLVANIA","4209780","Fleetwood Area SD","06311","Fleetwood MS","420978006311","DB",0,0,0,0,0,0,1,0,0,0,0,0,0,0,1,0,1,0,0,0,0,0,1,0,0,0,0,0,0,0,0,0,0,0,0
"PA","PENNSYLVANIA","4213770","Penn Cambria SD","07172","Penn Cambria Intrmd Sch","421377007172","DB",0,0,0,0,0,0,1,0,0,0,0,0,0,0,1,0,1,0,0,0,0,0,1,0,0,0,0,0,0,0,0,0,0,0,0
"PA","PENNSYLVANIA","4207650","Donegal SD","02539","Donegal HS","420765002539","DB",0,0,0,0,0,0,0,0,0,1,0,0,0,0,1,0,0,1,0,0,0,0,0,0,0,0,0,0,0,0,0,0,1,0,0
"PA","PENNSYLVANIA","4217280","North Penn SD","06907","General Nash El Sch","421728006907","DB",0,0,0,0,0,0,0,0,0,0,0,0,0,1,1,0,0,0,1,0,0,0,0,0,0,0,0,0,0,0,0,0,1,0,0
"PA","PENNSYLVANIA","4224960","Warwick SD","02661","John Beck El Sch","422496002661","DB",0,0,0,0,0,0,1,0,0,0,0,0,0,0,1,0,1,0,0,0,0,0,1,0,0,0,0,0,0,0,0,0,0,0,0
"PA","PENNSYLVANIA","4202970","Baldwin-Whitehall SD","00050","Baldwin SHS","420297000050","DB",0,0,0,0,0,0,0,0,0,0,0,0,0,1,1,0,0,0,1,0,0,0,0,0,0,0,0,0,0,0,0,1,0,0,0
"PA","PENNSYLVANIA","4203510","Bethel Park SD","00062","Bethel Park HS","420351000062","DB",0,0,0,0,0,0,1,0,0,0,0,0,0,0,1,0,1,0,0,0,0,0,0,0,1,0,0,0,0,0,0,0,0,0,0
"PA","PENNSYLVANIA","4204590","Butler Area SD","07555","Butler MS","420459007555","DB",0,0,0,0,0,0,0,0,0,0,0,0,0,1,1,0,0,0,1,0,0,0,0,0,0,0,0,0,0,0,0,0,1,0,0
"PA","PENNSYLVANIA","4203360","Bentworth SD","00242","Bentworth El Ctr","420336000242","DB",0,0,0,0,0,0,0,0,0,0,0,0,0,1,1,0,0,0,1,0,0,0,0,0,0,0,0,0,0,0,1,0,0,0,0
"PA","PENNSYLVANIA","4211190","Greenwood SD","06341","Greenwood HS","421119006341","DB",0,0,0,0,0,0,1,0,0,0,0,0,0,0,1,0,1,0,0,0,0,0,1,0,0,0,0,0,0,0,0,0,0,0,0
"PR","PUERTO RICO","7200030","PUERTO RICO DEPARTMENT OF EDUCATION","00243","JOSE MERCADO (ESPECIALIZADA)","720003000243","DB",0,0,0,0,0,0,0,0,0,0,1,0,0,0,1,0,0,0,1,0,0,0,0,0,0,0,0,0,0,0,1,0,0,0,0
"PR","PUERTO RICO","7200030","PUERTO RICO DEPARTMENT OF EDUCATION","01842","JOSE FELIPE ZAYAS","720003001842","DB",0,0,0,1,0,0,0,0,0,0,0,0,0,0,1,0,1,0,0,0,0,0,1,0,0,0,0,0,0,0,0,0,0,0,0
"PR","PUERTO RICO","7200030","PUERTO RICO DEPARTMENT OF EDUCATION","01611","DOMINGO APONTE COLLAZO","720003001611","DB",0,0,0,1,0,0,0,0,0,0,0,0,0,0,1,0,1,0,0,0,0,0,1,0,0,0,0,0,0,0,0,0,0,0,0
"PR","PUERTO RICO","7200030","PUERTO RICO DEPARTMENT OF EDUCATION","01566","LUDOVICO COSTOSO","720003001566","DB",0,0,0,1,0,0,0,0,0,0,0,0,0,0,1,0,1,0,0,0,0,0,0,0,0,0,1,0,0,0,0,0,0,0,0
"PR","PUERTO RICO","7200030","PUERTO RICO DEPARTMENT OF EDUCATION","01962","COLEEN VAZQUEZ URRUTIA","720003001962","DB",0,0,0,1,0,0,0,0,0,0,0,0,0,0,1,0,1,0,0,0,0,0,0,0,1,0,0,0,0,0,0,0,0,0,0
"PR","PUERTO RICO","7200030","PUERTO RICO DEPARTMENT OF EDUCATION","00092","SU RAFAEL ZAMOT CRUZ","720003000092","DB",0,0,0,0,0,0,0,0,0,0,1,0,0,0,1,0,0,0,1,0,0,0,0,0,0,0,0,0,0,0,0,0,1,0,0
"PR","PUERTO RICO","7200030","PUERTO RICO DEPARTMENT OF EDUCATION","00714","SUPERIOR URBANA","720003000714","DB",0,0,0,0,0,0,0,0,0,0,1,0,0,0,1,0,0,0,1,0,0,0,0,0,0,0,0,0,0,0,0,0,1,0,0
"PR","PUERTO RICO","7200030","PUERTO RICO DEPARTMENT OF EDUCATION","00631","TOMAS VERA AYALA","720003000631","DB",0,0,0,1,0,0,0,0,0,0,0,0,0,0,1,0,1,0,0,0,0,0,0,0,1,0,0,0,0,0,0,0,0,0,0
"PR","PUERTO RICO","7200030","PUERTO RICO DEPARTMENT OF EDUCATION","01102","BERNARDINO CORDERO BERNARD","720003001102","DB",0,0,0,1,0,0,0,0,0,0,0,0,0,0,1,0,1,0,0,0,0,0,0,0,1,0,0,0,0,0,0,0,0,0,0
"PR","PUERTO RICO","7200030","PUERTO RICO DEPARTMENT OF EDUCATION","00242","INSTITUTO LOAIZA CORDERO","720003000242","DB",0,0,0,0,0,0,0,0,0,0,1,0,0,0,1,0,0,0,1,0,0,0,0,0,0,0,0,0,0,0,0,1,0,0,0
"PR","PUERTO RICO","7200030","PUERTO RICO DEPARTMENT OF EDUCATION","01871","ELOISA PASCUAL","720003001871","DB",0,0,0,2,0,0,0,0,0,0,0,0,0,0,2,0,2,0,0,0,0,0,2,0,0,0,0,0,0,0,0,0,0,0,0
"RI","RHODE ISLAND","4401110","Warwick","00299","Oakland Beach School","440111000299","DB",0,0,0,1,0,0,0,0,0,0,0,0,0,0,1,0,1,0,0,0,0,0,0,0,1,0,0,0,0,0,0,0,0,0,0
"RI","RHODE ISLAND","4400023","West Bay Collaborative","00503","West Bay Collaborative","440002300503","DB",0,0,0,0,0,0,0,0,0,1,0,0,0,0,1,0,0,0,1,0,0,0,0,0,0,0,0,0,0,0,0,1,0,0,0
"RI","RHODE ISLAND","4400001","R.I. Sch for the Deaf","00380","R.I. School for the Deaf","440000100380","DB",0,0,0,0,0,0,0,0,0,1,0,0,0,0,1,0,0,0,1,0,0,0,0,0,0,0,0,0,0,0,0,0,0,0,1
"RI","RHODE ISLAND","4400028","SouthSide Charter School","00490","SouthSide Elementary Charter","440002800490","DB",0,0,0,0,0,0,1,0,0,0,0,0,0,0,1,1,0,0,0,0,0,0,0,0,1,0,0,0,0,0,0,0,0,0,0
"SC","SOUTH CAROLINA","4501080","Barnwell 45","00130","Barnwell Primary","450108000130","DB",0,0,1,0,0,0,0,0,0,0,0,0,0,0,1,0,1,0,0,0,0,0,1,0,0,0,0,0,0,0,0,0,0,0,0
"SC","SOUTH CAROLINA","4503900","York 04","01564","Banks Trail Middle","450390001564","DB",0,0,0,0,0,0,0,0,0,0,0,0,0,1,1,0,0,0,1,0,0,0,0,0,0,0,0,0,0,0,0,0,1,0,0
"SC","SOUTH CAROLINA","4502010","Dorchester 02","01508","Ashley Ridge High","450201001508","DB",0,0,0,0,0,0,1,0,0,0,0,0,0,0,1,0,1,0,0,0,0,0,1,0,0,0,0,0,0,0,0,0,0,0,0
"SC","SOUTH CAROLINA","4503840","York 02","01129","Clover High","450384001129","DB",0,0,0,0,0,0,0,0,0,1,0,0,0,0,1,0,0,0,1,0,0,0,0,0,0,0,0,0,0,0,1,0,0,0,0
"SC","SOUTH CAROLINA","4501830","Colleton 01","00337","Forest Hills Elementary","450183000337","DB",0,0,0,0,0,0,1,0,0,0,0,0,0,0,1,0,1,0,0,0,0,0,1,0,0,0,0,0,0,0,0,0,0,0,0
"SC","SOUTH CAROLINA","4503780","Williamsburg 01","01111","Kingstree Senior High","450378001111","DB",0,0,0,0,0,0,1,0,0,0,0,0,0,0,1,0,1,0,0,0,0,0,1,0,0,0,0,0,0,0,0,0,0,0,0
"SC","SOUTH CAROLINA","4503390","Richland 02","01507","Bridge Creek Elementary","450339001507","DB",0,0,1,0,0,0,0,0,0,0,0,0,0,0,1,0,1,0,0,0,0,0,0,1,0,0,0,0,0,0,0,0,0,0,0
"SC","SOUTH CAROLINA","4502490","Horry 01","00900","St. James High","450249000900","DB",0,0,0,0,0,0,1,0,0,0,0,0,0,0,1,0,1,0,0,0,0,0,1,0,0,0,0,0,0,0,0,0,0,0,0
"SC","SOUTH CAROLINA","4503910","Orangeburg","00862","Edisto High","450391000862","DB",0,0,0,0,0,0,0,0,0,0,0,0,0,1,1,0,0,0,1,0,0,0,0,0,0,0,0,0,0,0,0,1,0,0,0
"SC","SOUTH CAROLINA","4500004","Deaf & Blind School","01402","Cedar Springs Academy","450000401402","DB",0,0,0,0,0,0,1,0,0,0,0,0,0,0,1,0,1,0,0,0,0,0,0,0,0,0,1,0,0,0,0,0,0,0,0
"SC","SOUTH CAROLINA","4500004","Deaf & Blind School","01226","SC School for the Blind High","450000401226","DB",0,0,1,0,0,0,0,0,0,0,0,0,0,0,1,0,1,0,0,0,0,0,0,0,0,1,0,0,0,0,0,0,0,0,0
"SC","SOUTH CAROLINA","4503810","York 01","00366","Cotton Belt Elementary","450381000366","DB",0,0,1,0,0,0,0,0,0,0,0,0,0,0,1,0,1,0,0,0,0,0,0,0,1,0,0,0,0,0,0,0,0,0,0
"SC","SOUTH CAROLINA","4500004","Deaf & Blind School","01227","SC School for the Deaf High","450000401227","DB",0,0,0,1,0,0,0,0,0,0,0,0,0,0,1,0,1,0,0,0,0,0,0,0,0,1,0,0,0,0,0,0,0,0,0
"SC","SOUTH CAROLINA","4502130","Florence 01","01235","Theodore Lester Elementary","450213001235","DB",0,0,0,0,0,0,0,0,0,0,0,0,0,1,1,0,0,0,1,0,0,0,0,0,0,0,0,0,0,0,1,0,0,0,0
"SC","SOUTH CAROLINA","4501440","Charleston 01","00261","Wando High","450144000261","DB",0,0,0,0,0,0,0,0,0,0,0,0,0,1,1,0,0,0,1,0,0,0,0,0,0,0,0,0,0,0,0,1,0,0,0
"SC","SOUTH CAROLINA","4501440","Charleston 01","00083","Charleston School of the Arts","450144000083","DB",0,0,0,0,0,0,1,0,0,0,0,0,0,0,1,0,1,0,0,0,0,0,0,0,1,0,0,0,0,0,0,0,0,0,0
"SC","SOUTH CAROLINA","4503870","York 03","01143","York Road Elementary","450387001143","DB",0,0,0,0,0,0,0,0,0,1,0,0,0,0,1,0,0,0,1,0,0,0,0,0,0,0,0,0,0,0,1,0,0,0,0
"SC","SOUTH CAROLINA","4503750","Union 01","01086","Jonesville Elementary Middle","450375001086","DB",0,0,0,0,0,0,0,0,0,0,0,0,0,1,1,0,0,0,1,0,0,0,0,0,0,0,0,0,0,0,0,0,1,0,0
"SC","SOUTH CAROLINA","4503909","Charter Institute at Erskine","01520","SC Connections Academy","450390901520","DB",0,0,0,0,0,0,0,0,0,0,0,0,0,1,1,0,0,0,1,0,0,0,0,0,0,0,0,0,0,0,0,0,1,0,0
"SC","SOUTH CAROLINA","4503630","Spartanburg 06","00029","Roebuck Elementary","450363000029","DB",0,0,0,0,0,0,1,0,0,0,0,0,0,0,1,0,1,0,0,0,0,0,0,0,1,0,0,0,0,0,0,0,0,0,0
"SC","SOUTH CAROLINA","4502310","Greenville 01","00501","Sara Collins Elementary","450231000501","DB",0,0,0,0,0,0,1,0,0,0,0,0,0,0,1,0,1,0,0,0,0,0,0,1,0,0,0,0,0,0,0,0,0,0,0
"SC","SOUTH CAROLINA","4503460","Saluda 01","00936","Saluda Primary","450346000936","DB",0,0,0,0,0,0,1,0,0,0,0,0,0,0,1,0,1,0,0,0,0,0,1,0,0,0,0,0,0,0,0,0,0,0,0
"SC","SOUTH CAROLINA","4503901","SC Public Charter School District","01544","York Preparatory Academy","450390101544","DB",0,0,0,0,0,0,0,0,0,0,0,0,0,1,1,0,0,0,1,0,0,0,0,0,0,0,0,0,0,0,0,1,0,0,0
"SD","SOUTH DAKOTA","4676680","Waubay School District 18-3","00720","Waubay High School - 01","467668000720","DB",1,0,0,0,0,0,0,0,0,0,0,0,0,0,1,0,1,0,0,0,0,0,0,0,1,0,0,0,0,0,0,0,0,0,0
"SD","SOUTH DAKOTA","4659820","Rapid City Area School District 51-4","00457","Southwest Middle School - 38","465982000457","DB",0,0,0,0,0,0,1,0,0,0,0,0,0,0,1,0,1,0,0,0,0,0,0,1,0,0,0,0,0,0,0,0,0,0,0
"TN","TENNESSEE","4701590","Hamilton County","00495","Central High School","470159000495","DB",0,0,1,0,0,0,0,0,0,0,0,0,0,0,1,0,1,0,0,0,0,0,0,1,0,0,0,0,0,0,0,0,0,0,0
"TN","TENNESSEE","4700145","Tennessee School for Blind","02138","Tenn School For Blind","470014502138","DB",0,0,0,0,0,0,1,0,0,0,0,0,0,1,2,0,1,0,1,0,0,0,0,0,0,1,0,0,0,0,0,0,0,1,0
"TN","TENNESSEE","4703690","Rutherford County","02480","Rocky Fork Middle School","470369002480","DB",0,1,0,0,0,0,0,0,0,0,0,0,0,0,1,0,1,0,0,0,0,0,1,0,0,0,0,0,0,0,0,0,0,0,0
"TN","TENNESSEE","4700360","Bristol","00116","Tennessee High School","470036000116","DB",0,0,0,0,0,0,0,0,0,0,0,0,0,1,1,0,0,0,1,0,0,0,0,0,0,0,0,0,1,0,0,0,0,0,0
"TN","TENNESSEE","4700148","Shelby County","01166","Trezevant High","470014801166","DB",0,0,0,0,0,0,0,0,0,1,0,0,0,0,1,0,0,0,1,0,0,0,0,0,0,0,0,0,0,0,0,0,1,0,0
"TN","TENNESSEE","4700148","Shelby County","01178","White Station High","470014801178","DB",0,0,0,0,0,0,0,0,0,1,0,0,0,0,1,0,0,0,1,0,0,0,0,0,0,0,0,0,0,0,1,0,0,0,0
"TN","TENNESSEE","4703780","Sevier County","00968","Northview Intermediate School","470378000968","DB",0,0,0,0,0,0,1,0,0,0,0,0,0,0,1,0,1,0,0,0,0,0,0,0,1,0,0,0,0,0,0,0,0,0,0
"TN","TENNESSEE","4704530","Williamson County","01946","Ravenwood High School","470453001946","DB",0,0,0,0,0,0,0,0,0,0,0,0,0,1,1,0,0,0,1,0,0,0,0,0,0,0,0,0,0,0,1,0,0,0,0
"TN","TENNESSEE","4700146","Tennessee School for the Deaf","02124","Tennessee School For Deaf Elementary School","470014602124","DB",0,0,0,0,0,0,1,0,0,0,1,0,0,1,3,0,1,0,2,0,0,0,0,0,0,1,0,0,0,0,0,0,0,1,1
"TN","TENNESSEE","4700146","Tennessee School for the Deaf","02140","Tennessee School for the Deaf Upper School","470014602140","DB",0,0,1,0,0,0,0,0,0,0,0,0,0,1,2,0,1,0,1,0,0,0,0,0,0,1,0,0,0,0,0,0,0,0,1
"TN","TENNESSEE","4704020","Sumner County","00408","Robert E Ellis Middle","470402000408","DB",0,0,0,0,0,0,1,0,0,0,0,0,0,0,1,0,1,0,0,0,0,0,1,0,0,0,0,0,0,0,0,0,0,0,0
"TN","TENNESSEE","4702220","Knox County","02328","Northshore Elementary School","470222002328","DB",0,0,1,0,0,0,0,0,0,0,0,0,0,0,1,0,1,0,0,0,1,0,0,0,0,0,0,0,0,0,0,0,0,0,0
"TX","TEXAS","4810230","BIRDVILLE ISD","00505","WATAUGA MIDDLE","481023000505","DB",0,0,0,2,0,0,0,0,0,0,0,0,0,0,2,1,1,0,0,0,0,0,0,1,1,0,0,0,0,0,0,0,0,0,0
"TX","TEXAS","4810230","BIRDVILLE ISD","00499","SNOW HEIGHTS EL","481023000499","DB",0,0,0,0,0,0,1,0,0,0,0,0,0,0,1,0,1,0,0,0,0,0,0,0,1,0,0,0,0,0,0,0,0,0,0
"TX","TEXAS","4810230","BIRDVILLE ISD","00496","RICHLAND MIDDLE","481023000496","DB",0,0,0,0,0,0,0,0,0,0,1,0,0,0,1,0,0,1,0,0,0,0,0,0,0,0,0,0,0,0,0,1,0,0,0
"TX","TEXAS","4840550","SMITHVILLE ISD","04591","SMITHVILLE J H","484055004591","DB",0,0,0,0,0,0,0,0,0,0,1,0,0,0,1,0,0,0,1,0,0,0,0,0,0,0,0,0,0,0,0,0,1,0,0
"TX","TEXAS","4808090","ALVIN ISD","00138","MARK TWAIN EL","480809000138","DB",0,0,0,0,0,0,0,0,0,0,1,0,0,0,1,0,0,0,1,0,0,0,0,0,0,0,0,0,0,0,1,0,0,0,0
"TX","TEXAS","4810230","BIRDVILLE ISD","00506","WEST BIRDVILLE EL","481023000506","DB",0,0,0,0,0,0,0,0,0,0,0,0,0,1,1,0,0,1,0,0,0,0,0,0,0,0,0,0,0,0,0,0,1,0,0
"TX","TEXAS","4810230","BIRDVILLE ISD","00502","W A PORTER EL","481023000502","DB",0,2,2,4,1,0,3,0,1,3,5,3,0,3,27,0,12,0,15,0,0,0,10,1,1,0,0,0,0,0,10,2,3,0,0
"TX","TEXAS","4810230","BIRDVILLE ISD","00498","SMITHFIELD MIDDLE","481023000498","DB",0,1,0,2,0,0,2,0,1,1,4,1,0,5,17,2,3,1,11,0,0,0,2,2,1,0,0,0,0,0,7,1,4,0,0
"TX","TEXAS","4839630","SEALY ISD","04502","SEALY H S","483963004502","DB",0,0,0,0,0,0,1,0,0,0,0,0,0,0,1,0,1,0,0,0,0,0,1,0,0,0,0,0,0,0,0,0,0,0,0
"TX","TEXAS","4846530","WYLIE ISD","10518","DAVIS INT","484653010518","DB",0,0,0,0,0,0,1,0,0,0,0,0,0,0,1,0,1,0,0,0,0,0,0,0,1,0,0,0,0,0,0,0,0,0,0
"TX","TEXAS","4844280","WACO ISD","05035","LAKE AIR MONTESSORI SCHOOL","484428005035","DB",0,0,0,0,0,0,0,0,0,0,0,0,0,1,1,0,0,0,1,0,0,0,0,0,0,0,0,0,0,0,1,0,0,0,0
"TX","TEXAS","4810230","BIRDVILLE ISD","08368","BIRDVILLE H S","481023008368","DB",0,1,0,2,0,0,2,0,3,2,4,0,0,3,17,0,5,0,12,0,0,0,1,1,3,0,0,0,0,0,2,2,8,0,0
"TX","TEXAS","4827390","LIBERTY-EYLAU ISD","03078","LIBERTY-EYLAU EARLY CHILDHOOD CENTER","482739003078","DB",0,0,1,0,0,0,0,0,0,0,0,0,0,0,1,0,1,0,0,0,0,0,0,0,1,0,0,0,0,0,0,0,0,0,0
"TX","TEXAS","4810230","BIRDVILLE ISD","06513","NORTH RIDGE EL","481023006513","DB",0,0,0,0,0,0,0,0,0,1,0,0,0,0,1,0,0,0,1,0,0,0,0,0,0,0,0,0,0,0,0,0,1,0,0
"TX","TEXAS","4810230","BIRDVILLE ISD","00489","HALTOM H S","481023000489","DB",0,0,0,2,0,0,1,0,0,0,1,0,0,0,4,1,2,1,0,0,0,0,0,0,3,0,0,0,0,0,0,0,1,0,0
"TX","TEXAS","4820340","GARLAND ISD","02022","ETHRIDGE EL","482034002022","DB",0,0,1,0,0,0,0,0,0,0,0,0,0,0,1,0,1,0,0,0,0,0,1,0,0,0,0,0,0,0,0,0,0,0,0
"TX","TEXAS","4826130","LA JOYA ISD","07655","NARCISO CAVAZOS","482613007655","DB",0,0,0,1,0,0,0,0,0,0,0,0,0,0,1,1,0,0,0,0,0,0,0,0,1,0,0,0,0,0,0,0,0,0,0
"TX","TEXAS","4810230","BIRDVILLE ISD","00488","GRACE E HARDEMAN EL","481023000488","DB",0,1,0,0,0,0,0,0,0,0,0,0,0,0,1,0,1,0,0,0,0,0,1,0,0,0,0,0,0,0,0,0,0,0,0
"TX","TEXAS","4830060","MEDINA VALLEY ISD","03373","MEDINA VALLEY H S","483006003373","DB",0,0,0,0,0,0,0,0,0,0,1,0,0,0,1,0,0,0,1,0,0,0,0,0,0,0,0,0,0,0,0,0,1,0,0
"TX","TEXAS","4808340","ANNA ISD","06502","ANNA MIDDLE","480834006502","DB",0,0,0,0,0,0,1,0,0,0,0,0,0,0,1,0,1,0,0,0,0,0,0,0,1,0,0,0,0,0,0,0,0,0,0
"TX","TEXAS","4820340","GARLAND ISD","02042","S GARLAND H S","482034002042","DB",0,0,1,0,0,0,0,0,0,0,0,0,0,0,1,0,1,0,0,0,0,0,1,0,0,0,0,0,0,0,0,0,0,0,0
"TX","TEXAS","4817040","DIBOLL ISD","01476","DIBOLL J H","481704001476","DB",0,0,0,0,0,0,1,0,0,0,0,0,0,0,1,0,1,0,0,0,0,0,1,0,0,0,0,0,0,0,0,0,0,0,0
"TX","TEXAS","4820340","GARLAND ISD","11551","LIBERTY GROVE EL","482034011551","DB",0,0,0,0,0,0,0,0,0,1,0,0,0,0,1,0,0,1,0,0,0,0,0,0,0,0,0,0,0,0,0,0,1,0,0
"TX","TEXAS","4826130","LA JOYA ISD","08294","ANN RICHARDS MIDDLE","482613008294","DB",0,0,0,0,0,0,0,0,0,0,1,0,0,0,1,0,0,1,0,0,0,0,0,0,0,0,0,0,0,0,1,0,0,0,0
"TX","TEXAS","4839750","SEMINOLE ISD","04517","SEMINOLE PRI","483975004517","DB",0,0,0,0,0,0,0,0,0,0,1,0,0,0,1,0,0,0,1,0,0,0,0,0,0,0,0,0,0,0,0,0,1,0,0
"TX","TEXAS","4800264","KIPP TEXAS PUBLIC SCHOOLS","12516","KIPP LEGACY PREPARATORY","480026412516","DB",0,0,0,0,0,0,0,0,0,0,1,0,0,0,1,0,0,1,0,0,0,0,0,0,0,0,0,0,0,0,1,0,0,0,0
"TX","TEXAS","4810230","BIRDVILLE ISD","00486","ACADEMY AT CARRIE F THOMAS","481023000486","DB",0,0,0,0,0,0,1,0,0,0,1,0,0,1,3,0,1,0,2,0,0,0,0,0,1,0,0,0,0,0,2,0,0,0,0
"TX","TEXAS","4823820","HUFFMAN ISD","02635","HUFFMAN MIDDLE","482382002635","DB",0,0,0,0,0,0,1,0,0,0,0,0,0,1,2,0,1,0,1,0,0,0,0,0,1,0,0,0,0,0,0,0,1,0,0
"TX","TEXAS","4818300","EL PASO ISD","01712","ROSS MIDDLE","481830001712","DB",0,0,0,2,0,0,0,0,0,0,1,0,0,0,3,0,2,0,1,0,0,0,2,0,0,0,0,0,0,0,1,0,0,0,0
"TX","TEXAS","4845840","WILDORADO ISD","05225","WILDORADO SCHOOL","484584005225","DB",0,0,0,0,0,0,0,0,0,0,0,0,0,1,1,0,0,0,1,0,0,0,0,0,0,0,0,0,0,0,0,0,1,0,0
"TX","TEXAS","4800253","TEXAS SCH FOR THE DEAF","09537","TEXAS SCHOOL FOR THE DEAF","480025309537","DB",0,0,0,2,0,0,0,0,0,0,2,0,0,2,6,0,2,0,4,0,0,0,0,0,0,0,2,0,0,0,0,0,0,0,4
"TX","TEXAS","4816110","CYPRESS-FAIRBANKS ISD","12222","SWENKE EL","481611012222","DB",0,0,0,0,0,0,0,0,0,0,0,0,0,1,1,0,0,0,1,0,0,0,0,0,0,0,0,0,0,0,0,0,1,0,0
"TX","TEXAS","4816110","CYPRESS-FAIRBANKS ISD","10729","SPILLANE MIDDLE","481611010729","DB",0,0,0,0,0,0,1,0,0,0,0,0,0,0,1,0,1,0,0,0,0,0,1,0,0,0,0,0,0,0,0,0,0,0,0
"TX","TEXAS","4816110","CYPRESS-FAIRBANKS ISD","01180","BLEYL MIDDLE","481611001180","DB",0,0,0,1,0,0,0,0,0,0,0,0,0,0,1,0,1,0,0,0,0,0,1,0,0,0,0,0,0,0,0,0,0,0,0
"TX","TEXAS","4816110","CYPRESS-FAIRBANKS ISD","01189","MATZKE EL","481611001189","DB",0,0,0,0,0,0,1,0,0,0,0,0,0,1,2,0,1,0,1,0,0,0,0,1,0,0,0,0,0,0,0,1,0,0,0
"TX","TEXAS","4819830","FRENSHIP ISD","11299","BENNETT EL","481983011299","DB",0,0,0,1,0,0,0,0,0,0,0,0,0,0,1,0,1,0,0,0,0,0,1,0,0,0,0,0,0,0,0,0,0,0,0
"TX","TEXAS","4816110","CYPRESS-FAIRBANKS ISD","09619","BIRKES EL","481611009619","DB",0,0,0,0,0,0,0,0,0,0,1,0,0,0,1,0,0,0,1,0,0,0,0,0,0,0,0,0,0,0,1,0,0,0,0
"TX","TEXAS","4816110","CYPRESS-FAIRBANKS ISD","09266","CYPRESS RIDGE H S","481611009266","DB",0,0,1,1,0,0,0,0,0,0,0,0,0,0,2,0,2,0,0,0,0,0,0,1,0,0,1,0,0,0,0,0,0,0,0
"TX","TEXAS","4812120","BURKBURNETT ISD","00711","JOHN G TOWER EL","481212000711","DB",0,0,0,0,0,0,1,0,0,0,0,0,0,0,1,0,1,0,0,0,0,0,0,0,1,0,0,0,0,0,0,0,0,0,0
"TX","TEXAS","4808700","ARLINGTON ISD","05643","MARTIN H S","480870005643","DB",0,0,0,0,0,0,0,0,0,0,0,1,0,0,1,0,0,0,1,0,0,0,0,0,0,0,0,0,0,0,1,0,0,0,0
"TX","TEXAS","4808700","ARLINGTON ISD","07433","ASHWORTH EL","480870007433","DB",0,0,0,0,0,0,0,0,0,0,0,0,0,1,1,0,0,0,1,0,0,0,0,0,0,0,0,0,0,0,0,0,1,0,0
"TX","TEXAS","4829910","MCLEOD ISD","03366","MCLEOD H S","482991003366","DB",0,0,0,0,0,0,1,0,0,0,0,0,0,0,1,0,1,0,0,0,0,0,0,0,1,0,0,0,0,0,0,0,0,0,0
"TX","TEXAS","4830950","MINERAL WELLS ISD","03489","MINERAL WELLS EL","483095003489","DB",0,0,0,0,0,0,1,0,0,0,0,0,0,0,1,0,1,0,0,0,0,0,0,0,1,0,0,0,0,0,0,0,0,0,0
"TX","TEXAS","4823100","HIDALGO ISD","02346","HIDALGO EL","482310002346","DB",0,0,0,1,0,0,0,0,0,0,0,0,0,0,1,0,1,0,0,0,0,0,1,0,0,0,0,0,0,0,0,0,0,0,0
"TX","TEXAS","4826310","LA VERNIA ISD","12080","LA VERNIA INT","482631012080","DB",0,0,0,0,0,0,0,0,0,0,0,0,0,1,1,0,0,0,1,0,0,0,0,0,0,0,0,0,0,0,1,0,0,0,0
"TX","TEXAS","4807830","ALIEF ISD","08598","TAYLOR H S","480783008598","DB",0,0,1,0,0,0,0,0,0,0,0,0,0,0,1,0,1,0,0,0,0,0,1,0,0,0,0,0,0,0,0,0,0,0,0
"TX","TEXAS","4822980","HENRIETTA ISD","02332","HENRIETTA MIDDLE","482298002332","DB",0,0,0,0,0,0,1,0,0,0,0,0,0,0,1,0,1,0,0,0,0,0,0,0,1,0,0,0,0,0,0,0,0,0,0
"TX","TEXAS","4842900","TOLAR ISD","11962","TOLAR J H","484290011962","DB",0,0,0,0,0,0,0,0,0,0,0,0,0,1,1,0,0,0,1,0,0,0,0,0,0,0,0,0,0,0,0,0,1,0,0
"TX","TEXAS","4829670","MCALLEN ISD","05548","MEMORIAL H S","482967005548","DB",0,0,0,1,0,0,0,0,0,0,0,0,0,0,1,0,1,0,0,0,0,0,0,0,1,0,0,0,0,0,0,0,0,0,0
"TX","TEXAS","4827300","LEWISVILLE ISD","06291","THE COLONY H S","482730006291","DB",0,0,0,0,0,0,0,0,1,0,0,0,0,0,1,0,0,0,1,0,0,0,0,0,0,0,0,0,0,0,0,0,1,0,0
"TX","TEXAS","4818000","ECTOR COUNTY ISD","01593","SAM HOUSTON EL","481800001593","DB",0,0,0,1,0,0,0,0,0,0,0,0,0,0,1,0,1,0,0,0,0,0,1,0,0,0,0,0,0,0,0,0,0,0,0
"TX","TEXAS","4826790","LAREDO ISD","03020","LAMAR MIDDLE","482679003020","DB",0,0,0,0,0,0,0,0,0,0,1,0,0,0,1,0,0,0,1,0,0,0,0,0,0,0,0,0,0,0,0,1,0,0,0
"TX","TEXAS","4818000","ECTOR COUNTY ISD","01570","BOWIE MIDDLE","481800001570","DB",0,0,0,0,0,0,0,0,0,0,2,0,0,0,2,0,0,0,2,0,0,0,0,0,0,0,0,0,0,0,1,1,0,0,0
"TX","TEXAS","4829670","MCALLEN ISD","03331","BROWN MIDDLE","482967003331","DB",0,0,0,2,0,0,0,0,0,0,0,0,0,0,2,0,2,0,0,0,0,0,1,0,1,0,0,0,0,0,0,0,0,0,0
"TX","TEXAS","4827300","LEWISVILLE ISD","05770","MARCUS H S","482730005770","DB",0,0,0,0,0,0,0,0,0,0,0,0,0,1,1,0,0,0,1,0,0,0,0,0,0,0,0,0,0,0,1,0,0,0,0
"TX","TEXAS","4827300","LEWISVILLE ISD","08533","CREEK VALLEY MIDDLE","482730008533","DB",0,0,0,0,0,0,0,0,0,0,1,0,0,0,1,0,0,0,1,0,0,0,0,0,0,0,0,0,0,0,1,0,0,0,0
"TX","TEXAS","4818000","ECTOR COUNTY ISD","01571","BURLESON EL","481800001571","DB",0,0,0,1,0,0,0,0,0,0,0,0,0,0,1,0,1,0,0,0,0,0,1,0,0,0,0,0,0,0,0,0,0,0,0
"TX","TEXAS","4815000","CONROE ISD","12065","IRONS J H","481500012065","DB",0,0,0,1,0,0,0,0,0,0,0,0,0,0,1,1,0,0,0,0,0,0,1,0,0,0,0,0,0,0,0,0,0,0,0
"TX","TEXAS","4839360","SANTA ROSA ISD","06324","JO NELSON MIDDLE","483936006324","DB",0,0,0,1,0,0,0,0,0,0,0,0,0,0,1,1,0,0,0,0,0,0,0,1,0,0,0,0,0,0,0,0,0,0,0
"TX","TEXAS","4809670","BEAUMONT ISD","07365","PIETZSCH/MAC ARTHUR EL","480967007365","DB",0,0,1,0,0,0,0,0,0,0,0,0,0,0,1,0,1,0,0,0,0,0,1,0,0,0,0,0,0,0,0,0,0,0,0
"TX","TEXAS","4809670","BEAUMONT ISD","05958","GUESS EL","480967005958","DB",0,0,0,0,0,0,0,0,0,0,0,0,0,1,1,0,0,0,1,0,0,0,0,0,0,0,0,0,0,0,1,0,0,0,0
"TX","TEXAS","4815000","CONROE ISD","05679","OAK RIDGE H S","481500005679","DB",0,0,0,1,0,0,0,0,0,0,0,0,0,0,1,0,1,0,0,0,0,0,1,0,0,0,0,0,0,0,0,0,0,0,0
"TX","TEXAS","4843650","UNITED ISD","21066","UNITED SOUTH MIDDLE","484365021066","DB",0,0,0,0,0,0,0,0,0,0,1,0,0,0,1,0,0,0,1,0,0,0,0,0,0,0,0,0,0,0,0,0,1,0,0
"TX","TEXAS","4809670","BEAUMONT ISD","05953","MARSHALL MIDDLE","480967005953","DB",0,0,0,0,0,0,1,0,0,0,0,0,0,0,1,0,1,0,0,0,0,0,0,1,0,0,0,0,0,0,0,0,0,0,0
"TX","TEXAS","4835070","PLAINVIEW ISD","06775","LA MESA EL","483507006775","DB",0,0,0,0,0,0,0,0,0,0,1,0,0,0,1,0,0,0,1,0,0,0,0,0,0,0,0,0,0,0,1,0,0,0,0
"TX","TEXAS","4807710","ALDINE ISD","00057","ALDINE H S","480771000057","DB",0,0,0,1,0,0,0,0,0,0,0,0,0,0,1,0,1,0,0,0,0,0,1,0,0,0,0,0,0,0,0,0,0,0,0
"TX","TEXAS","4844800","WEATHERFORD ISD","05098","WRIGHT EL","484480005098","DB",0,0,0,0,0,0,0,0,0,0,0,0,0,1,1,0,0,0,1,0,0,0,0,0,0,0,0,0,0,0,0,0,1,0,0
"TX","TEXAS","4846650","YORKTOWN ISD","05303","YORKTOWN H S","484665005303","DB",0,0,0,0,0,0,1,0,0,0,0,0,0,0,1,0,1,0,0,0,0,0,1,0,0,0,0,0,0,0,0,0,0,0,0
"TX","TEXAS","4844800","WEATHERFORD ISD","05101","HALL MIDDLE","484480005101","DB",0,0,0,0,0,0,0,0,0,0,0,0,0,1,1,0,0,0,1,0,0,0,0,0,0,0,0,0,0,0,1,0,0,0,0
"TX","TEXAS","4844800","WEATHERFORD ISD","05100","WEATHERFORD H S","484480005100","DB",0,0,0,1,0,0,0,0,0,0,0,0,0,0,1,0,1,0,0,0,0,0,0,0,1,0,0,0,0,0,0,0,0,0,0
"TX","TEXAS","4833030","NORTH ZULCH ISD","03670","NORTH ZULCH ELEMENTARY/SECONDARY","483303003670","DB",0,0,0,0,0,0,1,0,0,0,0,0,0,0,1,0,1,0,0,0,0,0,0,1,0,0,0,0,0,0,0,0,0,0,0
"TX","TEXAS","4826580","LAMAR CISD","02989","LAMAR J H","482658002989","DB",0,0,0,0,0,0,0,0,0,0,1,0,0,0,1,0,0,0,1,0,0,0,0,0,0,0,0,0,0,0,0,1,0,0,0
"TX","TEXAS","4838080","ROUND ROCK ISD","06470","LIVE OAK EL","483808006470","DB",0,0,0,0,0,0,0,0,0,0,0,0,0,1,1,0,0,0,1,0,0,0,0,0,0,0,0,0,0,0,0,1,0,0,0
"TX","TEXAS","4838080","ROUND ROCK ISD","04254","ROUND ROCK H S","483808004254","DB",0,0,0,0,0,0,1,0,0,0,0,0,0,1,2,0,1,0,1,0,0,0,0,0,1,0,0,0,0,0,1,0,0,0,0
"TX","TEXAS","4829850","MCKINNEY ISD","07833","C T EDDINS EL","482985007833","DB",0,0,0,0,0,0,0,0,0,0,0,1,0,0,1,0,0,0,1,0,0,0,0,0,0,0,0,0,0,0,1,0,0,0,0
"TX","TEXAS","4829850","MCKINNEY ISD","08731","MCKINNEY NORTH H S","482985008731","DB",0,0,0,0,0,0,1,0,0,0,0,0,0,0,1,0,1,0,0,0,0,0,1,0,0,0,0,0,0,0,0,0,0,0,0
"TX","TEXAS","4816230","DALLAS ISD","01352","SEAGOVILLE H S","481623001352","DB",0,0,0,0,0,0,0,0,0,1,0,0,0,0,1,0,0,0,1,0,0,0,0,0,0,0,0,0,0,0,1,0,0,0,0
"TX","TEXAS","4808670","ARGYLE ISD","08200","ARGYLE MIDDLE","480867008200","DB",0,0,0,0,0,0,1,0,0,0,0,0,0,0,1,0,1,0,0,0,0,0,0,1,0,0,0,0,0,0,0,0,0,0,0
"TX","TEXAS","4816740","DENTON ISD","11881","HARPOOL MIDDLE","481674011881","DB",0,0,0,0,0,0,1,0,0,0,0,0,0,0,1,0,1,0,0,0,0,0,1,0,0,0,0,0,0,0,0,0,0,0,0
"TX","TEXAS","4842510","TEXAS CITY ISD","06177","FRY INT","484251006177","DB",0,0,1,0,0,0,0,0,0,0,0,0,0,0,1,0,1,0,0,0,0,0,1,0,0,0,0,0,0,0,0,0,0,0,0
"TX","TEXAS","4816740","DENTON ISD","01452","NEWTON RAYZOR EL","481674001452","DB",0,0,0,0,0,0,0,0,0,0,1,0,0,0,1,0,0,1,0,0,0,0,0,0,0,0,0,0,0,0,0,0,1,0,0
"TX","TEXAS","4816230","DALLAS ISD","01296","KLEBERG EL","481623001296","DB",0,0,0,0,0,0,0,0,0,0,1,0,0,0,1,0,0,1,0,0,0,0,0,0,0,0,0,0,0,0,1,0,0,0,0
"TX","TEXAS","4816230","DALLAS ISD","01365","MOCKINGBIRD EL","481623001365","DB",0,0,0,1,0,0,0,0,0,0,0,0,0,0,1,0,1,0,0,0,0,0,1,0,0,0,0,0,0,0,0,0,0,0,0
"TX","TEXAS","4816740","DENTON ISD","06395","MCNAIR EL","481674006395","DB",0,0,0,0,0,0,0,0,0,0,0,0,0,1,1,0,0,0,1,0,0,0,0,0,0,0,0,0,0,0,0,0,1,0,0
"TX","TEXAS","4816230","DALLAS ISD","10560","EMMETT J CONRAD H S","481623010560","DB",0,0,0,0,0,0,1,0,0,0,0,0,0,0,1,0,1,0,0,0,0,0,0,0,0,1,0,0,0,0,0,0,0,0,0
"TX","TEXAS","4814280","CLEAR CREEK ISD","00903","CLEAR CREEK H S","481428000903","DB",0,0,1,0,0,0,0,0,0,0,0,0,0,0,1,0,1,0,0,0,0,0,1,0,0,0,0,0,0,0,0,0,0,0,0
"TX","TEXAS","4820010","FRISCO ISD","13005","INDEPENDENCE H S","482001013005","DB",0,0,0,0,0,0,1,0,0,0,0,0,0,0,1,0,1,0,0,0,0,0,1,0,0,0,0,0,0,0,0,0,0,0,0
"TX","TEXAS","4820010","FRISCO ISD","01956","FRISCO H S","482001001956","DB",0,1,0,0,0,0,0,0,0,0,0,0,0,0,1,0,1,0,0,0,0,0,0,0,1,0,0,0,0,0,0,0,0,0,0
"TX","TEXAS","4814280","CLEAR CREEK ISD","11984","CLEAR SPRINGS H S","481428011984","DB",0,0,0,0,0,0,0,0,0,0,1,0,0,0,1,0,0,0,1,0,0,0,0,0,0,0,0,0,0,0,1,0,0,0,0
"TX","TEXAS","4841100","SPRING BRANCH ISD","04681","MEMORIAL MIDDLE","484110004681","DB",0,0,0,0,0,0,1,0,0,0,0,0,0,0,1,0,1,0,0,0,0,0,1,0,0,0,0,0,0,0,0,0,0,0,0
"TX","TEXAS","4834320","PASADENA ISD","03821","DOBIE H S","483432003821","DB",0,0,0,0,0,0,0,0,0,0,1,0,0,0,1,0,0,0,1,0,0,0,0,0,0,0,0,0,0,0,0,0,1,0,0
"TX","TEXAS","4841100","SPRING BRANCH ISD","04698","STRATFORD H S","484110004698","DB",0,0,0,0,0,0,0,0,0,0,0,0,0,1,1,0,0,0,1,0,0,0,0,0,0,0,0,0,0,0,0,1,0,0,0
"TX","TEXAS","4834320","PASADENA ISD","03838","PARKS EL","483432003838","DB",0,0,0,1,0,0,0,0,0,0,0,0,0,0,1,1,0,0,0,0,0,0,0,1,0,0,0,0,0,0,0,0,0,0,0
"TX","TEXAS","4836240","QUINLAN ISD","04076","C B THOMPSON MIDDLE","483624004076","DB",0,0,0,0,0,0,1,0,0,0,0,0,0,0,1,0,1,0,0,0,0,0,0,1,0,0,0,0,0,0,0,0,0,0,0
"TX","TEXAS","4815210","COPPELL ISD","21215","MOCKINGBIRD EL","481521021215","DB",0,0,0,0,0,0,0,0,0,0,0,0,0,1,1,0,0,0,1,0,0,0,0,0,0,0,0,0,0,0,0,0,1,0,0
"TX","TEXAS","4836000","PROSPER ISD","13796","ROCK HILL H S","483600013796","DB",0,0,0,1,0,0,0,0,0,0,0,0,0,0,1,0,1,0,0,0,0,0,1,0,0,0,0,0,0,0,0,0,0,0,0
"TX","TEXAS","4838790","SAN BENITO CISD","21156","MILLER JORDAN MIDDLE","483879021156","DB",0,0,0,1,0,0,0,0,0,0,0,0,0,0,1,0,1,0,0,0,0,0,1,0,0,0,0,0,0,0,0,0,0,0,0
"TX","TEXAS","4836000","PROSPER ISD","12465","REYNOLDS MIDDLE","483600012465","DB",0,0,0,0,0,0,0,0,0,0,0,0,0,1,1,0,0,0,1,0,0,0,0,0,0,0,0,0,0,0,0,0,1,0,0
"TX","TEXAS","4820500","GATESVILLE ISD","02059","GATESVILLE EL","482050002059","DB",0,0,0,0,0,0,0,0,0,0,0,0,0,1,1,0,0,0,1,0,0,0,0,0,0,0,0,0,0,0,1,0,0,0,0
"TX","TEXAS","4811790","BRYAN ISD","11154","JAMES EARL RUDDER H S","481179011154","DB",0,0,0,1,0,0,0,0,0,0,0,0,0,0,1,1,0,0,0,0,0,0,0,1,0,0,0,0,0,0,0,0,0,0,0
"TX","TEXAS","4840920","SOUTHSIDE ISD","13586","COLONEL MENCHACA EARLY CHILDHOOD CENTER","484092013586","DB",0,0,0,1,0,0,0,0,0,0,0,0,0,0,1,0,1,0,0,0,0,0,0,1,0,0,0,0,0,0,0,0,0,0,0
"TX","TEXAS","4809150","AXTELL ISD","00379","AXTELL EL","480915000379","DB",0,0,0,1,0,0,0,0,0,0,0,0,0,0,1,0,1,0,0,0,0,0,0,1,0,0,0,0,0,0,0,0,0,0,0
"TX","TEXAS","4817700","EAGLE MT-SAGINAW ISD","01534","SAGINAW EL","481770001534","DB",0,0,0,0,0,0,0,0,0,0,0,0,0,1,1,0,0,0,1,0,0,0,0,0,0,0,0,0,0,0,0,0,1,0,0
"TX","TEXAS","4816710","DENISON ISD","01436","HENRY SCOTT MIDDLE","481671001436","DB",0,0,0,0,0,0,1,0,0,0,0,0,0,0,1,0,1,0,0,0,0,0,1,0,0,0,0,0,0,0,0,0,0,0,0
"TX","TEXAS","4845780","WICHITA FALLS ISD","05220","RIDER H S","484578005220","DB",0,0,0,0,0,0,0,0,0,0,0,0,0,1,1,0,0,0,1,0,0,0,0,0,0,0,0,0,0,0,0,0,1,0,0
"TX","TEXAS","4835100","PLANO ISD","03534","ROBINSON MIDDLE","483510003534","DB",0,0,0,0,0,0,1,0,0,0,0,0,0,0,1,0,1,0,0,0,0,0,1,0,0,0,0,0,0,0,0,0,0,0,0
"TX","TEXAS","4835100","PLANO ISD","03977","WILLIAMS H S","483510003977","DB",0,0,0,0,0,0,0,0,0,0,1,0,0,0,1,0,0,0,1,0,0,0,0,0,0,0,0,0,0,0,1,0,0,0,0
"TX","TEXAS","4821390","GRANBURY ISD","02139","ACTON EL","482139002139","DB",0,0,0,0,0,0,0,0,0,0,0,0,0,1,1,0,0,0,1,0,0,0,0,0,0,0,0,0,0,0,0,0,1,0,0
"TX","TEXAS","4835100","PLANO ISD","03974","VINES H S","483510003974","DB",0,0,0,0,0,0,1,0,0,0,0,0,0,1,2,0,1,0,1,0,0,0,0,0,1,0,0,0,0,0,1,0,0,0,0
"TX","TEXAS","4835100","PLANO ISD","03962","HAGGARD MIDDLE","483510003962","DB",0,0,0,0,0,0,0,0,0,0,1,0,0,0,1,0,0,0,1,0,0,0,0,0,0,0,0,0,0,0,1,0,0,0,0
"TX","TEXAS","4835100","PLANO ISD","03960","DAVIS EL","483510003960","DB",0,0,0,0,0,0,0,0,1,0,0,0,0,0,1,0,0,0,1,0,0,0,0,0,0,0,0,0,0,0,0,1,0,0,0
"TX","TEXAS","4835100","PLANO ISD","07223","SKAGGS EL","483510007223","DB",0,1,0,0,0,0,0,0,0,0,0,0,0,0,1,0,1,0,0,0,0,0,1,0,0,0,0,0,0,0,0,0,0,0,0
"TX","TEXAS","4826190","LA PORTE ISD","21038","LA PORTE H S","482619021038","DB",0,0,0,1,0,0,0,0,0,0,0,0,0,0,1,0,1,0,0,0,0,0,1,0,0,0,0,0,0,0,0,0,0,0,0
"TX","TEXAS","4837140","RIO GRANDE CITY CISD","04180","ROQUE GUERRA JR EL","483714004180","DB",0,0,0,1,0,0,0,0,0,0,0,0,0,0,1,0,1,0,0,0,0,0,1,0,0,0,0,0,0,0,0,0,0,0,0
"TX","TEXAS","4830600","MIDLOTHIAN ISD","07590","MT PEAK EL","483060007590","DB",0,0,0,1,0,0,0,0,0,0,0,0,0,0,1,0,1,0,0,0,0,0,1,0,0,0,0,0,0,0,0,0,0,0,0
"TX","TEXAS","4807890","ALLEN ISD","00117","ALLEN H S","480789000117","DB",0,0,0,0,1,0,0,0,0,0,0,0,0,0,1,0,1,0,0,0,0,0,0,1,0,0,0,0,0,0,0,0,0,0,0
"TX","TEXAS","4838580","SALADO ISD","04288","SALADO H S","483858004288","DB",0,0,0,0,0,0,1,0,0,0,0,0,0,0,1,0,1,0,0,0,0,0,0,1,0,0,0,0,0,0,0,0,0,0,0
"TX","TEXAS","4839540","SCHULENBURG ISD","04493","SCHULENBURG EL","483954004493","DB",0,0,0,0,0,0,1,0,0,0,0,0,0,0,1,0,1,0,0,0,0,0,1,0,0,0,0,0,0,0,0,0,0,0,0
"TX","TEXAS","4842480","TEXARKANA ISD","13901","ESCHOOL PREP","484248013901","DB",0,0,0,0,0,0,0,0,0,0,1,0,0,0,1,0,0,0,1,0,0,0,0,0,0,0,0,0,0,0,0,0,1,0,0
"TX","TEXAS","4816410","DAYTON ISD","05692","RICHTER EL","481641005692","DB",0,0,0,1,0,0,0,0,0,0,0,0,0,0,1,1,0,0,0,0,0,0,1,0,0,0,0,0,0,0,0,0,0,0,0
"TX","TEXAS","4814730","COMAL ISD","11442","FREIHEIT EL","481473011442","DB",0,0,0,1,0,0,0,0,0,0,0,0,0,0,1,0,1,0,0,0,0,0,0,0,1,0,0,0,0,0,0,0,0,0,0
"TX","TEXAS","4817640","DUNCANVILLE ISD","01524","DUNCANVILLE H S","481764001524","DB",0,0,0,2,0,0,0,0,0,0,0,0,0,0,2,0,2,0,0,0,0,0,0,1,1,0,0,0,0,0,0,0,0,0,0
"TX","TEXAS","4837020","RICHARDSON ISD","04154","RICHARDSON NORTH J H","483702004154","DB",0,0,0,0,0,0,0,0,0,0,0,1,0,0,1,0,0,0,1,0,0,0,0,0,0,0,0,0,0,0,1,0,0,0,0
"TX","TEXAS","4837020","RICHARDSON ISD","04139","LAKE HIGHLANDS J H","483702004139","DB",0,0,0,0,0,0,1,0,0,0,0,0,0,0,1,0,1,0,0,0,0,0,0,0,1,0,0,0,0,0,0,0,0,0,0
"TX","TEXAS","4814730","COMAL ISD","00967","CANYON H S","481473000967","DB",0,0,1,0,0,0,0,0,0,0,0,0,0,1,2,0,1,0,1,0,0,0,0,0,1,0,0,0,0,0,0,0,1,0,0
"TX","TEXAS","4819700","FORT WORTH ISD","01926","WAVERLY PARK EL","481970001926","DB",0,0,0,0,1,0,0,0,0,0,0,0,0,0,1,0,1,0,0,0,0,0,0,0,1,0,0,0,0,0,0,0,0,0,0
"TX","TEXAS","4841220","SPRING ISD","12227","RALPH EICKENROHT EL","484122012227","DB",0,0,0,0,0,0,0,0,0,1,0,0,0,0,1,0,0,0,1,0,0,0,0,0,0,0,0,0,0,0,0,0,1,0,0
"TX","TEXAS","4837020","RICHARDSON ISD","04124","BERKNER H S","483702004124","DB",0,0,0,2,0,0,0,0,0,0,0,0,0,0,2,0,2,0,0,0,0,0,1,0,1,0,0,0,0,0,0,0,0,0,0
"TX","TEXAS","4837020","RICHARDSON ISD","04138","LAKE HIGHLANDS H S","483702004138","DB",0,0,1,0,0,0,0,0,0,0,0,0,0,0,1,1,0,0,0,0,0,0,1,0,0,0,0,0,0,0,0,0,0,0,0
"TX","TEXAS","4822470","HARLANDALE ISD","02260","HARLANDALE H S","482247002260","DB",0,0,0,0,0,0,0,0,0,0,1,0,0,0,1,0,0,0,1,0,0,0,0,0,0,0,0,0,0,0,0,0,1,0,0
"TX","TEXAS","4846680","YSLETA ISD","05321","HACIENDA HEIGHTS INTERNATIONAL SCHOOL","484668005321","DB",0,0,0,0,0,0,0,0,0,0,1,0,0,0,1,0,0,1,0,0,0,0,0,0,0,0,0,0,0,0,0,0,1,0,0
"TX","TEXAS","4846680","YSLETA ISD","05338","RIVERSIDE MIDDLE","484668005338","DB",0,0,0,1,0,0,0,0,0,0,0,0,0,0,1,0,1,0,0,0,0,0,0,1,0,0,0,0,0,0,0,0,0,0,0
"TX","TEXAS","4819650","FORT BEND ISD","10671","BILLY BAINES MIDDLE","481965010671","DB",0,0,0,0,0,0,0,0,0,1,0,0,0,0,1,0,0,0,1,0,0,0,0,0,0,0,0,0,0,0,1,0,0,0,0
"TX","TEXAS","4819650","FORT BEND ISD","06105","FIRST COLONY MIDDLE","481965006105","DB",0,0,0,1,0,0,0,0,0,0,0,0,0,0,1,1,0,0,0,0,0,0,1,0,0,0,0,0,0,0,0,0,0,0,0
"TX","TEXAS","4819650","FORT BEND ISD","12240","RIDGE POINT H S","481965012240","DB",0,0,0,1,0,0,0,0,0,0,0,0,0,0,1,1,0,0,0,0,0,0,0,0,1,0,0,0,0,0,0,0,0,0,0
"TX","TEXAS","4819650","FORT BEND ISD","05988","SETTLERS WAY EL","481965005988","DB",0,0,0,0,0,0,0,0,0,0,1,0,0,0,1,0,0,1,0,0,0,0,0,0,0,0,0,0,0,0,0,1,0,0,0
"TX","TEXAS","4800252","TEXAS SCH FOR THE BLIND & VISUALLY IMPAIRED","09536","TEXAS SCHOOL FOR THE BLIND AND VISUALLY IMPAIRED","480025209536","DB",0,0,0,2,0,0,3,0,0,1,1,0,0,3,10,0,5,0,5,0,0,0,0,0,0,0,5,0,0,0,0,0,0,0,5
"TX","TEXAS","4828550","LUFKIN ISD","07763","LUFKIN MIDDLE","482855007763","DB",0,0,0,0,0,0,1,0,0,0,0,0,0,0,1,0,1,0,0,0,0,0,0,1,0,0,0,0,0,0,0,0,0,0,0
"TX","TEXAS","4837440","ROBSTOWN ISD","04204","ROBSTOWN EARLY COLLEGE H S","483744004204","DB",0,0,0,1,0,0,0,0,0,0,0,0,0,0,1,0,1,0,0,0,0,0,0,0,1,0,0,0,0,0,0,0,0,0,0
"TX","TEXAS","4837440","ROBSTOWN ISD","04207","SEALE J H","483744004207","DB",0,0,0,1,0,0,0,0,0,0,0,0,0,0,1,0,1,0,0,0,0,0,0,0,1,0,0,0,0,0,0,0,0,0,0
"TX","TEXAS","4837320","RIVIERA ISD","04193","KAUFER H S","483732004193","DB",0,0,0,1,0,0,0,0,0,0,0,0,0,0,1,0,1,0,0,0,0,0,0,0,1,0,0,0,0,0,0,0,0,0,0
"TX","TEXAS","4823640","HOUSTON ISD","02400","BLACK MIDDLE","482364002400","DB",0,0,0,0,0,0,1,0,0,0,0,0,0,0,1,0,1,0,0,0,0,0,1,0,0,0,0,0,0,0,0,0,0,0,0
"TX","TEXAS","4823640","HOUSTON ISD","02536","MILBY H S","482364002536","DB",0,0,0,0,0,0,1,0,0,0,1,0,0,1,3,0,1,0,2,0,0,0,1,0,0,0,0,0,0,0,0,0,2,0,0
"TX","TEXAS","4823640","HOUSTON ISD","02564","REYNOLDS EL","482364002564","DB",0,0,1,0,0,0,0,0,0,0,0,0,0,0,1,0,1,0,0,0,0,0,1,0,0,0,0,0,0,0,0,0,0,0,0
"TX","TEXAS","4843470","TYLER ISD","04927","BELL EL","484347004927","DB",0,0,0,1,0,0,0,0,0,0,0,0,0,0,1,0,1,0,0,0,0,0,0,0,1,0,0,0,0,0,0,0,0,0,0
"TX","TEXAS","4823640","HOUSTON ISD","06272","T H ROGERS SCHOOL","482364006272","DB",0,0,0,0,0,0,0,0,0,1,0,0,0,0,1,0,0,0,1,0,0,0,0,0,0,0,0,0,0,0,1,0,0,0,0
"TX","TEXAS","4823640","HOUSTON ISD","02516","LAW EL","482364002516","DB",0,0,1,0,0,0,0,0,0,0,0,0,0,0,1,0,1,0,0,0,0,0,1,0,0,0,0,0,0,0,0,0,0,0,0
"TX","TEXAS","4823640","HOUSTON ISD","02413","BURBANK MIDDLE","482364002413","DB",0,0,0,1,0,0,0,0,0,0,0,0,0,0,1,0,1,0,0,0,0,0,1,0,0,0,0,0,0,0,0,0,0,0,0
"TX","TEXAS","4843470","TYLER ISD","04941","TYLER LEGACY H S","484347004941","DB",0,0,0,0,0,0,0,0,0,1,0,0,0,0,1,0,0,0,1,0,0,0,0,0,0,0,0,0,0,0,0,1,0,0,0
"TX","TEXAS","4823910","HUMBLE ISD","12850","RIDGE CREEK EL","482391012850","DB",0,0,0,0,0,0,1,0,0,0,0,0,0,0,1,0,1,0,0,0,0,0,1,0,0,0,0,0,0,0,0,0,0,0,0
"TX","TEXAS","4836750","REDWATER ISD","04109","REDWATER H S","483675004109","DB",0,0,0,0,0,0,0,0,0,0,0,0,0,1,1,0,0,0,1,0,0,0,0,0,0,0,0,0,0,0,0,0,1,0,0
"TX","TEXAS","4830390","MESQUITE ISD","03422","WEST MESQUITE H S","483039003422","DB",0,0,0,0,0,0,0,0,0,0,0,0,0,1,1,0,0,0,1,0,0,0,0,0,0,0,0,0,0,0,0,0,1,0,0
"TX","TEXAS","4839480","SCHERTZ-CIBOLO-U CITY ISD","07898","DOBIE J H","483948007898","DB",0,0,0,0,0,0,0,0,0,0,0,0,0,1,1,0,0,0,1,0,0,0,0,0,0,0,0,0,0,0,0,0,1,0,0
"TX","TEXAS","4817880","EAST CHAMBERS ISD","01562","EAST CHAMBERS J H","481788001562","DB",0,0,0,1,0,0,0,0,0,0,0,0,0,0,1,1,0,0,0,0,0,0,0,0,1,0,0,0,0,0,0,0,0,0,0
"TX","TEXAS","4836750","REDWATER ISD","04108","REDWATER EL","483675004108","DB",0,0,0,0,0,0,1,0,0,0,0,0,0,0,1,0,1,0,0,0,0,0,0,1,0,0,0,0,0,0,0,0,0,0,0
"TX","TEXAS","4825170","KATY ISD","02813","WEST MEMORIAL J H","482517002813","DB",0,1,0,0,0,0,0,0,0,0,0,0,0,0,1,0,1,0,0,0,0,0,0,0,1,0,0,0,0,0,0,0,0,0,0
"TX","TEXAS","4842060","TAFT ISD","04789","WOODROE PETTY EL","484206004789","DB",0,0,0,1,0,0,0,0,0,0,0,0,0,0,1,0,1,0,0,0,0,0,1,0,0,0,0,0,0,0,0,0,0,0,0
"TX","TEXAS","4824530","JACKSBORO ISD","02746","JACKSBORO H S","482453002746","DB",0,0,0,0,0,0,1,0,0,0,0,0,0,0,1,0,1,0,0,0,0,0,0,0,1,0,0,0,0,0,0,0,0,0,0
"TX","TEXAS","4825260","KELLER ISD","11330","TRINITY SPRINGS MIDDLE","482526011330","DB",0,0,0,0,0,0,1,0,0,0,0,0,0,0,1,0,1,0,0,0,0,0,0,0,1,0,0,0,0,0,0,0,0,0,0
"TX","TEXAS","4819560","FORNEY ISD","01810","FORNEY H S","481956001810","DB",0,0,0,0,0,0,1,0,0,0,0,0,0,0,1,0,1,0,0,0,0,0,1,0,0,0,0,0,0,0,0,0,0,0,0
"TX","TEXAS","4833180","NORTHWEST ISD","06156","ROANOKE EL","483318006156","DB",0,0,0,0,0,0,0,0,0,0,1,0,0,0,1,0,0,1,0,0,0,0,0,0,0,0,0,0,0,0,0,0,1,0,0
"TX","TEXAS","4833180","NORTHWEST ISD","05904","LAKEVIEW EL","483318005904","DB",0,0,0,0,0,0,0,0,0,0,0,0,0,1,1,0,0,0,1,0,0,0,0,0,0,0,0,0,0,0,0,0,1,0,0
"TX","TEXAS","4833180","NORTHWEST ISD","11208","J LYNDAL HUGHES EL","483318011208","DB",0,0,1,0,0,0,0,0,0,0,1,0,0,0,2,0,1,0,1,0,0,0,1,0,0,0,0,0,0,0,1,0,0,0,0
"TX","TEXAS","4825590","KERRVILLE ISD","02853","TIVY H S","482559002853","DB",0,0,0,1,0,0,0,0,0,0,0,0,0,0,1,0,1,0,0,0,0,0,1,0,0,0,0,0,0,0,0,0,0,0,0
"TX","TEXAS","4833180","NORTHWEST ISD","07872","MEDLIN MIDDLE","483318007872","DB",0,1,0,0,0,0,0,0,1,0,0,0,0,0,2,1,0,1,0,0,0,0,0,0,1,0,0,0,0,0,0,0,1,0,0
"UT","UTAH","4900510","Logan City District","00350","Hillcrest School","490051000350","DB",0,0,0,0,0,0,0,0,0,0,0,0,0,1,1,0,0,0,1,0,0,0,0,0,0,0,0,0,0,0,0,0,1,0,0
"UT","UTAH","4900042","Spectrum Academy","01137","Spectrum Academy - NSL","490004201137","DB",0,0,0,0,0,0,0,0,0,0,0,0,0,1,1,0,0,0,1,0,0,0,0,0,0,0,0,0,0,0,0,0,1,0,0
"UT","UTAH","4900390","Iron District","00281","Cedar North School","490039000281","DB",0,0,0,0,0,0,0,0,0,0,1,0,0,0,1,0,0,0,1,0,0,0,0,0,0,0,0,0,0,0,0,1,0,0,0
"UT","UTAH","4900390","Iron District","00794","Fiddlers Canyon School","490039000794","DB",0,0,0,1,0,0,0,0,0,0,0,0,0,0,1,0,1,0,0,0,0,0,0,0,1,0,0,0,0,0,0,0,0,0,0
"UT","UTAH","4901200","Weber District","00634","Roy High","490120000634","DB",0,0,0,0,0,0,0,0,0,0,0,0,0,1,1,0,0,0,1,0,0,0,0,0,0,0,0,0,0,0,1,0,0,0,0
"UT","UTAH","4901200","Weber District","00645","Weber High","490120000645","DB",0,0,0,0,0,0,1,0,0,0,0,0,0,0,1,0,1,0,0,0,0,0,0,0,1,0,0,0,0,0,0,0,0,0,0
"UT","UTAH","4900210","Davis District","00169","Fairfield Jr High","490021000169","DB",0,0,0,0,0,0,0,0,0,0,0,1,0,0,1,0,0,0,1,0,0,0,0,0,0,0,0,0,0,0,0,0,1,0,0
"UT","UTAH","4900210","Davis District","00749","Farmington Jr High","490021000749","DB",0,0,0,0,0,0,1,0,0,0,0,0,0,0,1,0,1,0,0,0,0,0,1,0,0,0,0,0,0,0,0,0,0,0,0
"UT","UTAH","4900210","Davis District","00748","Columbia School","490021000748","DB",0,0,0,0,0,0,1,0,0,0,0,0,0,0,1,0,1,0,0,0,0,0,1,0,0,0,0,0,0,0,0,0,0,0,0
"UT","UTAH","4900360","Granite District","00852","Silver Hills School","490036000852","DB",0,0,0,0,0,0,0,0,0,0,0,0,1,0,1,0,0,0,1,0,0,0,0,0,0,0,0,0,0,0,0,1,0,0,0
"UT","UTAH","4900360","Granite District","00218","Granger High","490036000218","DB",0,0,0,0,0,0,1,0,0,0,0,0,0,0,1,0,1,0,0,0,0,0,1,0,0,0,0,0,0,0,0,0,0,0,0
"UT","UTAH","4900360","Granite District","00656","Harry S. Truman School","490036000656","DB",0,0,0,0,0,0,0,0,0,0,0,0,0,1,1,0,0,0,1,0,0,0,0,0,0,0,0,0,0,0,0,0,1,0,0
"UT","UTAH","4900069","Utah Schools for Deaf & Blind","01377","Jean Massieu School for the Deaf","490006901377","DB",0,0,0,1,0,0,0,0,0,0,1,0,0,1,3,0,1,0,2,0,0,0,0,0,0,0,1,0,0,0,0,0,0,0,2
"UT","UTAH","4900630","Nebo District","01160","Salem Hills High","490063001160","DB",0,0,0,0,0,0,1,0,0,0,0,0,0,0,1,0,1,0,0,0,0,0,0,0,1,0,0,0,0,0,0,0,0,0,0
"UT","UTAH","4900159","Pacific Heritage Academy","01406","Pacific Heritage Academy","490015901406","DB",0,0,0,0,0,0,0,0,0,0,0,1,0,0,1,0,0,0,1,0,0,0,0,0,0,0,0,0,0,0,0,0,1,0,0
"UT","UTAH","4900120","Cache District","00792","Mountain Crest High","490012000792","DB",0,0,0,1,0,0,1,0,0,0,0,0,0,0,2,0,2,0,0,0,0,0,0,1,1,0,0,0,0,0,0,0,0,0,0
"VT","VERMONT","5000444","Enosburgh-Richford Unified Union School District #88","00255","Richford Elementary School","500044400255","DB",0,0,0,0,0,0,1,0,0,0,0,0,0,0,1,0,1,0,0,0,0,0,0,0,1,0,0,0,0,0,0,0,0,0,0
"VT","VERMONT","5006030","Newport Town School District","00218","Newport Town School","500603000218","DB",0,0,0,0,0,0,0,0,0,0,0,0,0,1,1,0,0,0,1,0,0,0,0,0,0,0,0,0,0,0,0,1,0,0,0
"VT","VERMONT","5000429","First Branch Unified School District","00330","Tunbridge Central School","500042900330","DB",0,0,0,0,0,0,1,0,0,0,0,0,0,0,1,0,1,0,0,0,0,0,0,0,1,0,0,0,0,0,0,0,0,0,0
"VT","VERMONT","5000400","Orange Southwest Unified School District","00042","Randolph Union High School","500040000042","DB",0,0,1,0,0,0,0,0,0,0,0,0,0,0,1,0,1,0,0,0,0,0,0,0,1,0,0,0,0,0,0,0,0,0,0
"VA","VIRGINIA","5104080","WISE CO PBLC SCHS","01789","CENTRAL HIGH","510408001789","DB",0,0,0,0,0,0,0,0,0,0,0,0,0,1,1,0,0,0,1,0,0,0,0,0,0,0,0,0,0,0,1,0,0,0,0
"VA","VIRGINIA","5101260","FAIRFAX CO PBLC SCHS","00600","WOODSON HIGH","510126000600","DB",0,0,0,1,0,0,0,0,0,0,0,0,0,0,1,1,0,0,0,0,0,0,1,0,0,0,0,0,0,0,0,0,0,0,0
"VA","VIRGINIA","5104080","WISE CO PBLC SCHS","01790","J.W. ADAMS COMBINED","510408001790","DB",0,0,0,0,0,0,0,0,0,0,0,0,0,1,1,0,0,0,1,0,0,0,0,0,0,0,0,0,0,0,0,0,1,0,0
"VA","VIRGINIA","5101800","HAMPTON CITY PBLC SCHS","00731","BETHEL HIGH","510180000731","DB",0,0,1,0,0,0,0,0,0,0,0,0,0,0,1,0,1,0,0,0,0,0,0,0,1,0,0,0,0,0,0,0,0,0,0
"VA","VIRGINIA","5101800","HAMPTON CITY PBLC SCHS","00755","PHOEBUS HIGH","510180000755","DB",0,0,0,0,0,0,0,0,0,0,0,1,0,0,1,0,0,0,1,0,0,0,0,0,0,0,0,0,0,0,0,0,1,0,0
"VA","VIRGINIA","5104110","WYTHE CO PBLC SCHS","01804","RURAL RETREAT ELEM","510411001804","DB",0,0,0,0,0,0,1,0,0,0,0,0,0,0,1,0,1,0,0,0,0,0,0,0,1,0,0,0,0,0,0,0,0,0,0
"VA","VIRGINIA","5100060","ACCOMACK CO PBLC SCHS","00009","KEGOTANK ELEM","510006000009","DB",0,0,0,0,0,0,1,0,0,0,0,0,0,0,1,0,1,0,0,0,0,0,0,0,1,0,0,0,0,0,0,0,0,0,0
"VA","VIRGINIA","5100780","CHARLOTTESVILLE CTY PBLC SCHS","00276","JACKSON-VIA ELEM","510078000276","DB",0,0,1,0,0,0,0,0,0,0,0,0,0,0,1,0,1,0,0,0,0,0,0,0,1,0,0,0,0,0,0,0,0,0,0
"VA","VIRGINIA","5100058","VSDB-STAUNTON","03050","VSDB HIGH","510005803050","DB",0,0,1,0,0,0,1,0,0,0,0,0,0,1,3,0,2,0,1,0,0,0,0,0,0,2,0,0,0,0,0,0,0,1,0
"VA","VIRGINIA","5100540","BUCKINGHAM CO PBLC SCHS","00210","BUCKINGHAM COUNTY HIGH","510054000210","DB",0,0,0,0,1,0,0,0,0,0,0,0,0,0,1,0,1,0,0,0,0,0,1,0,0,0,0,0,0,0,0,0,0,0,0
"VA","VIRGINIA","5104050","WINCHESTER CITY PBLC SCHS","01780","JOHN HANDLEY HIGH","510405001780","DB",0,0,0,1,0,0,0,0,0,0,0,0,0,0,1,0,1,0,0,0,0,0,0,0,1,0,0,0,0,0,0,0,0,0,0
"VA","VIRGINIA","5100270","ARLINGTON CO PBLC SCHS","00082","ASHLAWN ELEM","510027000082","DB",0,1,0,0,0,0,0,0,0,0,0,0,0,0,1,0,1,0,0,0,0,0,1,0,0,0,0,0,0,0,0,0,0,0,0
"VA","VIRGINIA","5103640","SPOTSYLVANIA CO PBLC SCHS","01585","BATTLEFIELD MIDDLE","510364001585","DB",0,0,1,0,0,0,0,0,0,0,0,0,0,0,1,0,1,0,0,0,0,0,0,1,0,0,0,0,0,0,0,0,0,0,0
"VA","VIRGINIA","5103640","SPOTSYLVANIA CO PBLC SCHS","01881","MASSAPONAX HIGH","510364001881","DB",0,0,0,0,0,0,1,0,0,0,0,0,0,0,1,0,1,0,0,0,0,0,0,1,0,0,0,0,0,0,0,0,0,0,0
"VA","VIRGINIA","5102190","LEE CO PBLC SCHS","02152","LEE HIGH","510219002152","DB",0,0,0,0,0,0,1,0,0,0,0,0,0,0,1,0,1,0,0,0,0,0,0,0,1,0,0,0,0,0,0,0,0,0,0
"VA","VIRGINIA","5104020","WILLIAMSBURG-JAMES CITY PBLC SCHS","01665","JAMESTOWN HIGH","510402001665","DB",0,0,0,0,0,0,1,0,0,0,0,0,0,0,1,0,1,0,0,0,0,0,0,0,1,0,0,0,0,0,0,0,0,0,0
"VA","VIRGINIA","5103150","PULASKI CO PBLC SCHS","01332","DUBLIN ELEM","510315001332","DB",0,0,0,0,0,0,1,0,0,0,0,0,0,0,1,0,1,0,0,0,0,0,0,0,1,0,0,0,0,0,0,0,0,0,0
"VA","VIRGINIA","5100180","AMELIA CO PBLC SCHS","00062","AMELIA COUNTY ELEM","510018000062","DB",0,0,0,0,0,0,1,0,0,0,0,0,0,0,1,0,1,0,0,0,0,0,0,0,1,0,0,0,0,0,0,0,0,0,0
"VA","VIRGINIA","5103810","TAZEWELL CO PBLC SCHS","01661","RICHLANDS HIGH","510381001661","DB",0,0,0,0,0,0,1,0,0,0,0,0,0,0,1,0,1,0,0,0,0,0,0,0,0,1,0,0,0,0,0,0,0,0,0
"VA","VIRGINIA","5100600","CAMPBELL CO PBLC SCHS","02771","RUSTBURG MIDDLE","510060002771","DB",0,0,0,0,0,0,0,0,0,0,0,0,0,1,1,0,0,0,1,0,0,0,0,0,0,0,0,0,0,0,1,0,0,0,0
"WA","WASHINGTON","5300318","Office of the Governor (Sch for Blind)","02385","Washington State School for the Blind","530031802385","DB",0,0,0,0,0,0,0,0,0,0,0,0,0,1,1,0,0,0,1,0,0,0,0,0,0,0,0,0,0,0,0,0,0,0,1
"WA","WASHINGTON","5300343","Summit Public School: Atlas","03611","Summit Public School: Atlas","530034303611","DB",0,0,0,0,0,0,1,0,0,0,0,0,0,0,1,0,1,0,0,0,0,0,0,0,1,0,0,0,0,0,0,0,0,0,0
"WA","WASHINGTON","5302700","Evergreen School District (Clark)","00428","Wyeast Middle School","530270000428","DB",0,0,0,0,0,0,1,0,0,0,0,0,0,0,1,0,1,0,0,0,0,0,1,0,0,0,0,0,0,0,0,0,0,0,0
"WA","WASHINGTON","5310110","Yakima School District","01690","Eisenhower High School","531011001690","DB",0,0,0,1,0,0,0,0,0,0,0,0,0,0,1,1,0,0,0,0,0,0,0,0,1,0,0,0,0,0,0,0,0,0,0
"WA","WASHINGTON","5303540","Highline School District","00524","Chinook Middle School","530354000524","DB",0,0,0,0,0,1,0,0,0,0,0,0,0,0,1,1,0,0,0,0,0,0,1,0,0,0,0,0,0,0,0,0,0,0,0
"WA","WASHINGTON","5303540","Highline School District","00538","Mount Rainier High School","530354000538","DB",0,0,0,1,0,0,0,0,0,0,0,0,0,0,1,1,0,0,0,0,0,0,0,1,0,0,0,0,0,0,0,0,0,0,0
"WA","WASHINGTON","5306960","Puyallup School District","02530","Edward Zeiger Elem","530696002530","DB",0,0,0,0,1,0,0,0,0,0,0,0,0,0,1,0,1,0,0,0,0,0,0,0,1,0,0,0,0,0,0,0,0,0,0
"WA","WASHINGTON","5305850","North Thurston Public Schools","00862","Chinook Middle School","530585000862","DB",0,0,1,0,0,0,0,0,0,0,0,0,0,0,1,0,1,0,0,0,0,0,0,1,0,0,0,0,0,0,0,0,0,0,0
"WA","WASHINGTON","5304920","Mead School District","03767","Highland Middle School","530492003767","DB",0,0,0,0,0,0,1,0,0,0,0,0,0,0,1,0,1,0,0,0,0,0,1,0,0,0,0,0,0,0,0,0,0,0,0
"WA","WASHINGTON","5300330","Bainbridge Island School District","00043","Bainbridge High School","530033000043","DB",0,1,0,0,0,0,0,0,0,0,0,0,0,0,1,0,1,0,0,0,0,0,0,1,0,0,0,0,0,0,0,0,0,0,0
"WA","WASHINGTON","5300330","Bainbridge Island School District","02452","Woodward Middle School","530033002452","DB",0,0,0,0,0,0,1,0,0,0,0,0,0,0,1,0,1,0,0,0,0,0,0,0,1,0,0,0,0,0,0,0,0,0,0
"WA","WASHINGTON","5301110","Central Valley School District","03706","Selkirk Middle School","530111003706","DB",0,0,0,0,0,0,0,0,1,0,0,0,0,0,1,0,0,0,1,0,0,0,0,0,0,0,0,0,0,0,0,0,1,0,0
"WA","WASHINGTON","5300015","Washington Center for Deaf and Hard of Hearing Youth","01016","Washington State School for the Deaf","530001501016","DB",0,0,0,0,0,0,1,0,0,0,0,0,0,0,1,0,1,0,0,0,0,0,0,0,0,1,0,0,0,0,0,0,0,0,0
"WA","WASHINGTON","5302820","Federal Way School District","03154","Todd Beamer High School","530282003154","DB",0,0,0,0,0,0,0,1,0,0,0,0,0,0,1,0,0,0,1,0,0,0,0,0,0,0,0,0,0,0,1,0,0,0,0
"WA","WASHINGTON","5309660","Wenatchee School District","01639","Wenatchee High School","530966001639","DB",0,0,0,0,0,0,0,0,0,0,0,0,0,1,1,0,0,0,1,0,0,0,0,0,0,0,0,0,0,0,0,1,0,0,0
"WA","WASHINGTON","5302400","Edmonds School District","00348","Madrona K-8 School","530240000348","DB",0,1,0,0,0,0,0,0,0,0,1,0,0,0,2,0,1,0,1,0,0,0,1,0,0,0,0,0,0,0,1,0,0,0,0
"WA","WASHINGTON","5302400","Edmonds School District","02673","Edmonds Woodway High School","530240002673","DB",0,0,0,0,0,0,0,0,0,0,1,0,0,0,1,0,0,0,1,0,0,0,0,0,0,0,0,0,0,0,1,0,0,0,0
"WA","WASHINGTON","5308700","Tacoma School District","01488","Mt Tahoma","530870001488","DB",0,0,0,0,0,0,0,0,0,0,0,0,0,1,1,0,0,0,1,0,0,0,0,0,0,0,0,0,0,0,0,0,1,0,0
"WV","WEST VIRGINIA","5401621","WV SCHOOLS FOR THE DEAF AND THE BLIND","01204","WEST VIRGINIA SCHOOL FOR THE BLIND","540162101204","DB",0,0,0,0,0,0,1,0,0,0,0,0,0,0,1,0,1,0,0,0,0,0,0,0,0,1,0,0,0,0,0,0,0,0,0
"WV","WEST VIRGINIA","5401621","WV SCHOOLS FOR THE DEAF AND THE BLIND","01200","WEST VIRGINIA SCHOOL FOR THE DEAF","540162101200","DB",0,0,0,0,0,0,2,0,0,0,0,0,0,2,4,0,2,0,2,0,1,0,0,0,0,1,0,0,1,0,0,0,0,0,1
"WV","WEST VIRGINIA","5400390","GREENBRIER COUNTY SCHOOLS","00242","WHITE SULPHUR ELEMENTARY","540039000242","DB",0,0,0,0,0,0,1,0,0,0,0,0,0,0,1,0,1,0,0,0,0,0,1,0,0,0,0,0,0,0,0,0,0,0,0
"WV","WEST VIRGINIA","5400390","GREENBRIER COUNTY SCHOOLS","00050","EASTERN GREENBRIER MIDDLE SCHOOL","540039000050","DB",0,0,0,0,0,0,0,0,0,0,0,0,0,1,1,0,0,0,1,0,0,0,0,0,0,0,0,0,0,0,0,1,0,0,0
"WV","WEST VIRGINIA","5400930","MONONGALIA COUNTY SCHOOLS","00078","MOUNTAINVIEW ELEMENTARY SCHOOL","540093000078","DB",0,0,0,0,0,0,1,0,0,0,0,0,0,0,1,0,1,0,0,0,0,0,0,1,0,0,0,0,0,0,0,0,0,0,0
"WV","WEST VIRGINIA","5400840","MERCER COUNTY SCHOOLS","00698","OAKVALE SCHOOL","540084000698","DB",0,0,0,0,0,0,1,0,0,0,0,0,0,1,2,0,1,0,1,0,0,0,0,0,1,0,0,0,0,0,0,0,1,0,0
"WV","WEST VIRGINIA","5401500","WAYNE COUNTY SCHOOLS","01435","TOLSIA HIGH SCHOOL","540150001435","DB",0,0,0,0,0,0,1,0,0,0,0,0,0,0,1,0,1,0,0,0,0,0,0,0,1,0,0,0,0,0,0,0,0,0,0
"WV","WEST VIRGINIA","5401230","RALEIGH COUNTY SCHOOLS","00991","WOODROW WILSON HIGH SCHOOL","540123000991","DB",0,0,0,0,0,0,1,0,0,0,0,0,0,0,1,0,1,0,0,0,0,0,1,0,0,0,0,0,0,0,0,0,0,0,0
"WV","WEST VIRGINIA","5401230","RALEIGH COUNTY SCHOOLS","00972","PARK MIDDLE SCHOOL","540123000972","DB",0,0,0,0,0,0,1,0,0,0,0,0,0,0,1,0,1,0,0,0,0,0,1,0,0,0,0,0,0,0,0,0,0,0,0
"WV","WEST VIRGINIA","5400510","HARRISON COUNTY SCHOOLS","00284","BRIDGEPORT HIGH SCHOOL","540051000284","DB",0,0,0,0,0,0,1,0,0,0,0,0,0,0,1,0,1,0,0,0,0,0,0,0,1,0,0,0,0,0,0,0,0,0,0
"WV","WEST VIRGINIA","5400780","MASON COUNTY SCHOOLS","00625","POINT PLEASANT JUNIOR/SENIOR HIGH SCHOOL","540078000625","DB",0,0,0,0,0,0,1,0,0,0,0,0,0,0,1,0,1,0,0,0,0,0,1,0,0,0,0,0,0,0,0,0,0,0,0
"WV","WEST VIRGINIA","5400600","KANAWHA COUNTY SCHOOLS","00382","DUNBAR MIDDLE SCHOOL","540060000382","DB",0,0,0,0,0,0,0,0,0,0,0,0,0,1,1,0,0,0,1,0,0,0,0,0,0,0,0,0,1,0,0,0,0,0,0
"WV","WEST VIRGINIA","5400180","CABELL COUNTY SCHOOLS","00860","HUNTINGTON HIGH SCHOOL","540018000860","DB",0,0,0,0,0,0,1,0,0,0,0,0,0,0,1,0,1,0,0,0,0,0,1,0,0,0,0,0,0,0,0,0,0,0,0
"WV","WEST VIRGINIA","5400180","CABELL COUNTY SCHOOLS","01483","HUNTINGTON EAST MIDDLE SCHOOL","540018001483","DB",0,0,0,0,0,0,1,0,0,0,0,0,0,0,1,0,1,0,0,0,0,0,0,1,0,0,0,0,0,0,0,0,0,0,0
"WV","WEST VIRGINIA","5400300","FAYETTE COUNTY SCHOOLS","01597","NEW RIVER INTERMEDIATE","540030001597","DB",0,0,0,0,0,0,1,0,0,0,0,0,0,0,1,0,1,0,0,0,1,0,0,0,0,0,0,0,0,0,0,0,0,0,0
"WV","WEST VIRGINIA","5400300","FAYETTE COUNTY SCHOOLS","01596","VALLEY PK-8","540030001596","DB",0,0,0,0,0,0,1,0,0,0,0,0,0,0,1,0,1,0,0,0,0,0,1,0,0,0,0,0,0,0,0,0,0,0,0
"WI","WISCONSIN","5514610","Sturgeon Bay School District","01894","Sturgeon Bay High","551461001894","DB",0,0,0,1,0,0,0,0,0,0,0,0,0,0,1,1,0,0,0,0,0,0,1,0,0,0,0,0,0,0,0,0,0,0,0
"WI","WISCONSIN","5513800","Shorewood School District","01810","Lake Bluff Elementary","551380001810","DB",0,0,0,0,0,0,1,0,0,0,0,0,0,0,1,0,1,0,0,0,0,0,0,1,0,0,0,0,0,0,0,0,0,0,0
"WI","WISCONSIN","5504680","Fond du Lac School District","00505","Theisen Middle","550468000505","DB",0,0,0,0,0,0,1,0,0,0,0,0,0,0,1,0,1,0,0,0,0,0,1,0,0,0,0,0,0,0,0,0,0,0,0
"WI","WISCONSIN","5503750","Dover #1 School District","00394","Kansasville Elementary","550375000394","DB",0,0,0,0,0,0,1,0,0,0,0,0,0,0,1,0,1,0,0,0,0,0,0,0,1,0,0,0,0,0,0,0,0,0,0
"WI","WISCONSIN","5501170","Birchwood School District","00169","Birchwood High","550117000169","DB",0,0,0,0,0,0,1,0,0,0,0,0,0,0,1,0,1,0,0,0,0,0,1,0,0,0,0,0,0,0,0,0,0,0,0
