LEA_STATE,LEA_STATE_NAME,LEAID,LEA_NAME,SCHID,SCHOOL_NAME,NCESSCH,DISABILITY_CATEGORY,AM_M_7,AS_M_7,BL_M_7,HI_M_7,MU_M_7,PI_M_7,WH_M_7,AM_F_7,AS_F_7,BL_F_7,HI_F_7,MU_F_7,PI_F_7,WH_F_7,TOTAL_STUDENTS_REPORTED,LEP_M,NLEP_M,LEP_F,NLEP_F,CF_M,HH_M,PPPS_M,RC39_M,RC79TO40_M,RC80_M,RF_M,SS_M,CF_F,HH_F,PPPS_F,RC39_F,RC79TO40_F,RC80_F,RF_F,SS_F
"IA","IOWA","1930750","West Branch Comm School District","01774","West Branch High School","193075001774","MISSING",0,0,1,0,1,0,15,0,0,0,1,0,0,8,26,0,17,0,9,0,0,0,0,5,12,0,0,0,0,0,0,4,5,0,0
"IA","IOWA","1914700","Iowa City Comm School District","00901","Southeast Junior High School","191470000901","MISSING",0,0,19,14,6,0,20,0,0,10,12,3,0,11,95,13,46,8,28,0,0,0,6,8,45,0,0,0,0,0,0,5,31,0,0
"IA","IOWA","1915450","Johnston Comm School District","00478","Beaver Creek Elementary School","191545000478","MISSING",0,0,9,1,6,0,24,0,1,8,3,1,0,6,59,1,39,5,14,0,0,1,3,10,26,0,0,0,0,0,1,2,16,0,0
"IA","IOWA","1900028","Prairie Valley Comm School District","01382","Southeast Valley High School","190002801382","MISSING",0,0,2,1,1,0,13,0,0,0,1,0,0,8,26,0,17,0,9,0,0,0,1,2,13,1,0,0,0,0,1,2,6,0,0
"IA","IOWA","1914160","Hinton Comm School District","00845","Hinton Intermediate School","191416000845","MISSING",0,0,0,0,0,0,11,0,0,0,0,0,0,9,20,0,11,0,9,0,0,0,0,3,8,0,0,0,0,0,0,2,7,0,0
"IA","IOWA","1925410","Schleswig Comm School District","01452","Schleswig Elementary School","192541001452","MISSING",0,0,0,0,0,0,6,0,0,0,0,0,0,3,9,0,6,0,3,0,0,0,0,0,6,0,0,0,0,0,0,0,3,0,0
"IA","IOWA","1909480","Dubuque Comm School District","00607","Fulton Elementary School","190948000607","MISSING",0,0,16,0,7,1,24,0,0,6,1,3,1,7,66,1,47,1,17,0,0,0,1,8,39,0,0,0,0,0,0,2,16,0,0
"IA","IOWA","1900009","Colfax-Mingo Comm School District","00385","Colfax-Mingo Elementary School","190000900385","MISSING",0,0,0,1,1,0,22,0,0,0,2,1,0,10,37,0,24,1,12,0,0,0,1,4,19,0,0,0,0,0,0,1,12,0,0
"IA","IOWA","1914700","Iowa City Comm School District","00887","Helen Lemme Elementary School","191470000887","MISSING",0,0,3,5,0,0,15,0,0,2,1,3,0,8,37,3,20,2,12,0,0,1,2,0,20,0,0,0,0,0,1,2,11,0,0
"IA","IOWA","1928230","Underwood Comm School District","01892","Underwood Middle School","192823001892","MISSING",0,0,0,1,0,0,13,0,0,0,1,0,0,6,21,0,14,1,6,0,0,0,1,3,10,0,0,0,0,0,0,2,5,0,0
"IA","IOWA","1904830","Benton Comm School District","02230","Norway Elementary School","190483002230","MISSING",0,0,0,0,1,0,22,0,0,1,0,0,0,15,39,0,23,0,16,0,0,0,0,5,18,0,0,0,0,0,0,2,14,0,0
"IA","IOWA","1912510","Gilbert Comm School District","00759","Gilbert Elementary School","191251000759","MISSING",0,3,0,1,0,0,9,0,0,0,0,0,0,6,19,3,10,0,6,0,0,0,0,0,13,0,0,0,0,0,0,1,5,0,0
"IA","IOWA","1914700","Iowa City Comm School District","02241","Liberty High School","191470002241","MISSING",0,1,16,4,3,0,34,0,0,5,3,4,0,28,98,5,53,2,38,0,0,0,4,17,36,0,1,0,0,0,5,11,24,0,0
"IA","IOWA","1907920","Colo-NESCO Comm School District","02204","Colo-Nesco Elementary School","190792002204","MISSING",0,0,0,0,0,0,20,0,0,0,1,0,0,4,25,0,20,0,5,0,0,0,1,1,18,0,0,0,0,0,0,0,5,0,0
"IA","IOWA","1914700","Iowa City Comm School District","00304","Weber Elementary","191470000304","MISSING",0,0,17,3,2,0,8,0,1,4,0,1,0,5,41,8,22,4,7,0,0,0,0,5,25,0,0,0,0,0,0,2,9,0,0
"IA","IOWA","1925050","Ruthven-Ayrshire Comm School District","01967","Ruthven-Ayrshire High School","192505001967","MISSING",0,0,0,1,2,0,3,0,0,0,0,0,0,0,6,0,6,0,0,0,0,0,0,0,6,0,0,0,0,0,0,0,0,0,0
"IA","IOWA","1927600","Sumner-Fredericksburg Comm School District","01609","Durant Elementary School","192760001609","MISSING",0,0,0,0,1,0,15,0,0,0,0,0,0,8,24,0,16,0,8,0,0,0,0,1,15,0,0,0,0,0,0,0,8,0,0
"IA","IOWA","1910110","East Buchanan Comm School District","00644","East Buchanan Middle School","191011000644","MISSING",0,0,1,0,0,0,11,0,0,0,0,0,0,3,15,0,12,0,3,0,0,0,0,4,7,0,1,0,0,0,0,1,2,0,0
"IA","IOWA","1914700","Iowa City Comm School District","02224","Alexander Elementary","191470002224","MISSING",0,2,17,0,2,0,5,0,0,7,1,0,0,8,42,8,18,2,14,0,0,1,0,7,18,0,0,0,0,0,1,0,15,0,0
"IA","IOWA","1904830","Benton Comm School District","01987","Benton Community Middle School","190483001987","MISSING",0,0,0,1,0,0,12,0,0,0,0,0,0,5,18,0,13,0,5,0,0,0,1,1,11,0,0,0,0,0,1,0,4,0,0
"IA","IOWA","1912510","Gilbert Comm School District","01471","Gilbert Middle School","191251001471","MISSING",1,0,0,2,0,0,18,1,0,1,1,1,0,9,34,0,21,1,12,0,0,0,0,4,17,0,0,0,0,0,0,1,12,0,0
"IA","IOWA","1927960","Treynor Comm School District","01626","Treynor Elementary School","192796001626","MISSING",0,0,0,1,0,0,12,0,1,0,1,0,0,12,27,0,13,1,13,0,0,0,1,0,11,0,1,0,0,0,0,0,14,0,0
"IA","IOWA","1909480","Dubuque Comm School District","00619","Table Mound Elementary School","190948000619","MISSING",0,0,3,1,1,0,40,0,0,1,0,1,0,22,69,0,45,0,24,0,0,0,2,7,36,0,0,0,0,1,0,3,20,0,0
"IA","IOWA","1930560","Wayne Comm School District","01754","Wayne Elementary School","193056001754","MISSING",0,1,0,2,0,0,19,0,1,1,0,0,0,22,46,1,21,0,24,0,0,0,0,2,20,0,0,0,0,0,0,5,19,0,0
"IA","IOWA","1921240","Norwalk Comm School District","01274","Norwalk Middle School","192124001274","MISSING",0,0,1,6,5,0,46,0,1,1,3,1,0,25,89,2,56,1,30,0,0,0,5,8,45,0,0,0,0,0,3,1,27,0,0
"IA","IOWA","1916420","Laurens-Marathon Comm School District","00977","Laurens-Marathon Elementary School","191642000977","MISSING",0,0,0,1,0,0,9,0,0,0,2,0,0,8,20,0,10,2,8,0,0,0,0,3,7,0,0,0,0,0,0,0,10,0,0
"IA","IOWA","1917100","North Cedar Comm School District","01000","North Cedar Mechanicsville Elem Ctr","191710001000","MISSING",1,0,0,3,2,0,17,0,0,2,1,0,0,9,35,0,23,0,12,0,0,0,1,8,14,0,0,0,0,0,0,1,11,0,0
"IA","IOWA","1910110","East Buchanan Comm School District","00643","East Buchanan High School","191011000643","MISSING",0,0,0,1,0,0,18,0,0,0,0,0,0,6,25,0,19,0,6,0,0,0,1,12,6,0,0,0,0,0,1,2,3,0,0
"IA","IOWA","1916110","Lake Mills Comm School District","00963","Lake Mills Elementary School","191611000963","MISSING",0,0,2,2,0,0,17,0,0,1,2,1,0,4,29,0,21,1,7,0,0,0,2,1,18,0,0,0,0,0,0,1,7,0,0
"IA","IOWA","1931950","Woodbury Central Comm School District","01864","Woodbury Central Middle School","193195001864","MISSING",0,0,0,0,0,0,9,0,0,0,0,0,0,5,14,0,9,0,5,0,0,0,0,3,6,0,0,0,0,0,1,2,2,0,0
"IA","IOWA","1929760","Wapsie Valley Comm School District","01695","Rural Elementary School #1","192976001695","MISSING",0,0,0,0,0,0,1,0,0,0,0,0,0,0,1,1,0,0,0,0,0,0,0,0,1,0,0,0,0,0,0,0,0,0,0
"IA","IOWA","1914160","Hinton Comm School District","00844","Hinton High School","191416000844","MISSING",0,0,0,0,1,0,25,0,0,0,0,0,0,9,35,0,26,0,9,0,0,0,2,5,18,1,0,0,0,0,1,1,7,0,0
"IA","IOWA","1912690","Glenwood Comm School District","00770","West Elementary School","191269000770","MISSING",0,0,0,4,1,0,31,1,0,1,1,0,0,19,58,0,36,0,22,0,0,0,2,2,32,0,0,0,0,0,0,4,18,0,0
"IA","IOWA","1914700","Iowa City Comm School District","00893","Kirkwood Elementary School","191470000893","MISSING",0,0,14,1,0,0,8,0,0,8,2,1,0,0,34,3,20,2,9,0,0,0,0,2,21,0,0,0,0,0,0,2,9,0,0
"IA","IOWA","1930990","West Liberty Comm School District","01408","Early Childhood Center","193099001408","MISSING",0,0,0,5,0,0,1,0,0,0,2,0,0,0,8,4,2,2,0,0,0,0,0,0,6,0,0,0,0,0,0,1,1,0,0
"IA","IOWA","1900026","South O'Brien Comm School District","00618","South O'Brien Elem Sch Primghar Center","190002600618","MISSING",0,0,0,2,5,0,25,0,0,0,0,1,0,12,45,0,32,0,13,0,0,0,2,4,26,0,0,0,0,0,0,1,12,0,0
"IA","IOWA","1929580","East Sac County Comm School District","01687","East Sac County High School","192958001687","MISSING",1,0,0,1,0,0,14,0,0,0,2,1,0,10,29,0,16,1,12,0,0,0,0,0,16,0,0,0,0,0,0,2,11,0,0
"IA","IOWA","1909480","Dubuque Comm School District","00614","Lincoln Elementary School","190948000614","MISSING",0,0,15,0,3,0,15,0,0,7,1,3,0,5,49,0,33,0,16,0,0,0,3,5,25,0,0,0,0,0,1,2,13,0,0
"IA","IOWA","1927390","Storm Lake Comm School District","01597","East Early Childhood Ctr","192739001597","MISSING",0,1,1,1,0,0,0,0,1,0,1,0,0,1,6,3,0,1,2,0,0,0,0,0,3,0,0,0,0,0,0,0,3,0,0
"IA","IOWA","1921240","Norwalk Comm School District","01273","Lakewood Elementary School","192124001273","MISSING",0,1,0,4,3,0,43,0,0,0,0,1,0,21,73,3,48,0,22,0,0,0,2,3,46,0,0,0,0,0,0,1,21,0,0
"IA","IOWA","1914700","Iowa City Comm School District","00896","Mark Twain Elementary","191470000896","MISSING",0,0,2,3,7,0,7,0,0,0,4,1,0,3,27,3,16,2,6,0,0,0,0,7,12,0,0,0,0,0,0,1,7,0,0
"IA","IOWA","1904680","Belmond-Klemme Comm School District","02090","Richard O. Jacobson Elementary School","190468002090","MISSING",0,0,0,5,0,0,29,0,0,0,6,1,0,6,47,3,31,3,10,0,0,0,0,4,30,0,0,0,0,0,0,2,11,0,0
"IA","IOWA","1929580","East Sac County Comm School District","01438","East Sac County Elementary Sac Building","192958001438","MISSING",1,0,0,0,1,0,27,0,0,0,1,0,0,12,42,0,29,1,12,0,0,0,1,0,28,0,0,0,0,0,0,0,13,0,0
"IA","IOWA","1914730","Iowa Falls Comm School District","00908","Pineview Elementary","191473000908","MISSING",0,0,0,1,1,0,13,0,0,0,0,0,0,4,19,0,15,0,4,0,0,0,0,2,12,0,1,0,0,0,0,0,4,0,0
"IA","IOWA","1924660","Rock Valley Comm School District","01414","Rock Valley Elementary School","192466001414","MISSING",0,0,0,11,1,0,18,0,2,0,6,0,0,9,47,8,22,6,11,0,0,0,1,6,23,0,0,0,0,0,0,4,13,0,0
"IA","IOWA","1909480","Dubuque Comm School District","00620","George Washington Middle School","190948000620","MISSING",0,1,20,8,3,5,31,0,0,11,7,3,0,47,136,6,62,3,65,0,0,1,3,15,49,0,0,0,0,0,1,14,53,0,0
"IA","IOWA","1914700","Iowa City Comm School District","00885","Ernest Horn Elementary School","191470000885","MISSING",0,0,9,3,3,0,16,0,0,5,1,2,0,9,48,6,25,2,15,0,0,0,1,1,29,0,0,0,0,0,0,2,15,0,0
"IA","IOWA","1925320","Saydel Comm School District","01447","Saydel High School","192532001447","MISSING",1,0,1,6,3,0,33,0,0,1,7,0,0,13,65,3,41,3,18,0,0,0,6,6,32,0,0,0,0,0,0,3,18,0,0
"IA","IOWA","1907050","Chariton Comm School District","00314","Chariton Middle School","190705000314","MISSING",0,0,0,4,1,0,24,0,0,0,0,0,0,16,45,2,27,0,16,0,0,0,0,3,26,0,0,0,0,0,0,0,16,0,0
"IA","IOWA","1921240","Norwalk Comm School District","01276","Oviatt Elementary School","192124001276","MISSING",0,0,1,3,1,0,28,0,0,0,0,0,0,16,49,0,33,0,16,0,0,0,2,0,31,0,0,0,0,0,0,1,15,0,0
"IA","IOWA","1909480","Dubuque Comm School District","00604","Dubuque Senior High School","190948000604","MISSING",0,0,30,3,7,1,94,0,0,15,5,5,5,48,213,2,133,6,72,0,1,33,5,30,66,0,0,0,0,7,9,22,40,0,0
"IA","IOWA","1915450","Johnston Comm School District","00653","Horizon Elementary","191545000653","MISSING",1,2,12,9,1,0,28,0,1,5,3,2,0,11,75,14,39,6,16,0,0,0,1,12,40,0,0,0,0,0,1,5,16,0,0
"IA","IOWA","1914700","Iowa City Comm School District","01030","Elizabeth Tate Alt. High School","191470001030","MISSING",0,0,7,3,1,0,5,0,0,1,2,0,0,4,23,4,12,2,5,0,0,0,2,5,9,0,0,0,0,0,0,0,7,0,0
"IA","IOWA","1915450","Johnston Comm School District","00749","Summit Middle School","191545000749","MISSING",0,2,15,6,7,0,44,0,2,5,4,1,0,19,105,13,61,6,25,3,1,0,8,14,48,0,0,0,0,0,6,4,21,0,0
"IA","IOWA","1915450","Johnston Comm School District","01412","Timber Ridge Elementary","191545001412","MISSING",0,6,9,3,2,0,36,0,5,1,2,2,0,13,79,13,43,7,16,0,1,0,1,6,48,0,0,0,0,1,1,0,21,0,0
"IA","IOWA","1914700","Iowa City Comm School District","02250","Christine Grant Elementary","191470002250","MISSING",0,0,10,3,1,0,18,0,0,6,1,2,0,9,50,3,29,0,18,0,0,0,3,1,28,0,0,0,0,0,0,2,16,0,0
"IA","IOWA","1915210","Greene County Comm School District","00919","Greene County Middle School","191521000919","MISSING",0,0,0,3,1,0,31,0,0,1,0,0,0,12,48,1,34,0,13,0,1,0,2,6,26,0,0,0,0,0,0,3,10,0,0
"IA","IOWA","1909480","Dubuque Comm School District","00602","Audubon Elementary School","190948000602","MISSING",0,0,4,2,4,0,16,0,0,4,1,1,0,6,38,0,26,0,12,0,0,0,1,5,20,0,0,0,0,0,0,0,12,0,0
"IA","IOWA","1924660","Rock Valley Comm School District","01415","Rock Valley High School","192466001415","MISSING",0,0,0,6,0,0,7,0,0,0,4,0,0,3,20,5,8,1,6,0,0,0,2,9,2,0,0,0,0,0,0,4,3,0,0
"IA","IOWA","1914700","Iowa City Comm School District","00883","Central Elementary School","191470000883","MISSING",1,3,13,1,5,0,16,0,0,9,4,3,0,7,62,6,33,3,20,0,0,0,0,2,37,0,0,0,0,0,0,2,21,0,0
"IA","IOWA","1921720","Olin Consolidated School District","01296","Olin Elementary School","192172001296","MISSING",0,0,1,0,0,0,3,0,0,0,0,0,0,3,7,0,4,0,3,0,0,0,0,0,4,0,0,0,0,0,0,0,3,0,0
"IA","IOWA","1904830","Benton Comm School District","00136","Atkins Elementary School","190483000136","MISSING",0,0,0,0,2,0,23,0,0,0,0,0,0,11,36,0,25,0,11,0,0,1,0,6,18,0,0,0,0,1,0,1,9,0,0
"IA","IOWA","1916110","Lake Mills Comm School District","00965","Lake Mills Senior High School","191611000965","MISSING",0,0,2,0,0,0,10,0,0,0,0,0,0,6,18,0,12,0,6,0,0,0,0,1,11,0,0,0,0,0,0,0,6,0,0
"IA","IOWA","1930990","West Liberty Comm School District","02109","West Liberty Elementary School","193099002109","MISSING",0,2,0,19,2,0,17,0,0,0,10,1,0,1,52,16,24,9,3,0,0,0,0,9,31,0,0,0,0,0,0,4,8,0,0
"IA","IOWA","1928230","Underwood Comm School District","01647","Underwood High School","192823001647","MISSING",0,0,0,1,3,0,12,0,0,0,1,0,0,6,23,0,16,0,7,0,0,0,2,11,2,0,1,0,0,0,1,4,2,0,0
"IA","IOWA","1914700","Iowa City Comm School District","02133","Buford Garner Elementary","191470002133","MISSING",0,0,5,2,9,0,25,0,0,0,2,5,1,19,68,2,39,2,25,0,0,0,0,1,40,0,0,0,0,0,0,1,26,0,0
"IA","IOWA","1914700","Iowa City Comm School District","01034","James Van Allen Elementary School","191470001034","MISSING",0,0,6,3,2,0,16,0,0,3,1,2,0,11,44,2,25,0,17,0,0,0,0,0,27,0,0,0,0,0,0,2,15,0,0
"IA","IOWA","1914700","Iowa City Comm School District","02266","Herbert Hoover Elementary School","191470002266","MISSING",0,0,2,7,2,0,9,0,0,4,8,3,0,7,42,9,11,9,13,0,0,0,2,1,17,0,0,0,0,0,3,3,16,0,0
"IA","IOWA","1919800","Moulton-Udell Comm School District","01164","Moulton-Udell High School","191980001164","MISSING",0,0,0,0,0,0,8,0,0,0,1,0,0,7,16,0,8,0,8,0,0,0,0,1,7,0,0,0,0,0,0,1,7,0,0
"IA","IOWA","1909480","Dubuque Comm School District","01532","Carver Elementary School","190948001532","MISSING",0,1,6,0,3,1,26,0,0,2,1,0,0,18,58,2,35,0,21,0,0,0,0,5,32,0,0,0,0,0,0,4,17,0,0
"IA","IOWA","1915450","Johnston Comm School District","00926","Johnston Middle School","191545000926","MISSING",0,1,15,12,6,0,38,0,2,8,4,4,0,16,106,12,60,5,29,7,0,0,6,15,44,0,0,0,0,0,1,8,24,1,0
"IA","IOWA","1929760","Wapsie Valley Comm School District","01700","Wapsie Valley High School","192976001700","MISSING",0,0,0,1,0,0,21,0,0,0,0,0,0,9,31,1,21,0,9,0,0,0,0,3,17,0,2,0,0,0,0,1,8,0,0
"IA","IOWA","1914700","Iowa City Comm School District","00898","Penn Elementary School","191470000898","MISSING",0,1,4,5,1,0,21,0,0,2,2,1,0,13,50,0,32,0,18,0,0,1,0,4,27,0,0,0,0,0,0,2,16,0,0
"IA","IOWA","1919650","Monticello Comm School District","02000","Monticello Middle School","191965002000","MISSING",0,1,0,1,1,0,27,0,0,0,2,0,0,12,44,0,30,0,14,0,0,0,1,3,26,0,0,0,0,0,1,5,8,0,0
"IA","IOWA","1907470","Clay Central-Everly Comm School District","02027","Clay Central-Everly Elementary","190747002027","MISSING",0,0,0,0,0,0,8,0,0,0,0,0,0,4,12,0,8,0,4,0,0,0,0,1,7,0,0,0,0,0,0,0,4,0,0
"IA","IOWA","1920340","New Hampton Comm School District","01205","New Hampton Elementary School","192034001205","MISSING",1,0,1,4,0,0,21,0,0,0,4,1,0,10,42,0,27,3,12,0,0,1,1,2,23,0,0,0,0,0,0,1,14,0,0
"IA","IOWA","1929760","Wapsie Valley Comm School District","01693","Fairbank Elementary School","192976001693","MISSING",0,0,0,0,0,0,16,0,0,0,0,1,0,8,25,0,16,0,9,0,0,0,0,3,13,0,0,0,0,0,1,0,8,0,0
"IA","IOWA","1921240","Norwalk Comm School District","02279","Orchard Hills Elementary","192124002279","MISSING",1,0,1,3,2,0,25,0,0,1,1,0,0,14,48,2,30,1,15,0,0,0,1,4,27,0,0,0,0,0,0,2,14,0,0
"IA","IOWA","1907050","Chariton Comm School District","00317","Van Allen Elementary School","190705000317","MISSING",0,0,0,2,0,0,26,0,0,1,1,0,0,16,46,3,25,1,17,0,0,0,0,2,26,0,0,0,0,0,0,2,16,0,0
"IA","IOWA","1909480","Dubuque Comm School District","00615","Marshall Elementary School","190948000615","MISSING",0,0,2,4,3,0,26,0,0,4,1,1,0,16,57,0,35,0,22,0,0,0,0,3,32,0,0,0,0,0,0,3,19,0,0
"IA","IOWA","1918180","Madrid Comm School District","01040","Madrid High School","191818001040","MISSING",0,0,0,0,0,0,16,0,0,0,1,1,0,9,27,0,16,0,11,0,0,0,1,1,13,1,0,0,0,0,0,3,8,0,0
"IA","IOWA","1925320","Saydel Comm School District","01448","Woodside Middle School","192532001448","MISSING",0,0,0,10,4,0,29,0,0,0,4,3,0,16,66,10,33,1,22,0,0,0,1,10,32,0,0,0,0,0,1,4,18,0,0
"IA","IOWA","1912690","Glenwood Comm School District","00768","Northeast Elementary School","191269000768","MISSING",0,1,1,0,0,0,38,0,0,0,0,0,0,8,48,0,40,0,8,0,0,0,2,1,37,0,0,0,0,0,0,0,8,0,0
"IA","IOWA","1927600","Sumner-Fredericksburg Comm School District","00742","Sumner-Fredericksburg Middle School","192760000742","MISSING",0,0,0,5,0,0,21,0,0,0,1,0,0,17,44,0,26,0,18,0,0,0,0,4,22,0,0,0,0,0,0,4,14,0,0
"IA","IOWA","1927960","Treynor Comm School District","02175","Treynor Middle School","192796002175","MISSING",0,0,0,0,0,0,9,0,0,0,0,0,0,6,15,0,9,0,6,0,0,0,0,0,9,0,0,0,0,0,0,0,6,0,0
"IA","IOWA","1931950","Woodbury Central Comm School District","01863","Moville Elementary School","193195001863","MISSING",0,0,0,1,1,0,23,0,0,0,0,0,0,11,36,0,25,0,11,0,0,0,0,11,14,0,0,0,0,0,0,2,9,0,0
"IA","IOWA","1930990","West Liberty Comm School District","01805","West Liberty High School","193099001805","MISSING",0,1,2,16,1,0,12,0,0,0,11,1,0,3,47,15,17,8,7,0,0,0,1,5,26,0,0,0,0,0,0,1,14,0,0
"IA","IOWA","1919650","Monticello Comm School District","01153","Monticello High School","191965001153","MISSING",0,0,0,1,1,0,21,0,0,0,1,0,0,14,38,0,23,1,14,0,0,0,3,4,16,0,0,0,0,0,0,0,15,0,0
"IA","IOWA","1914700","Iowa City Comm School District","00897","Northwest Junior High School","191470000897","MISSING",0,6,27,3,2,0,14,0,3,10,8,2,0,6,81,9,43,7,22,0,0,0,1,8,43,0,0,0,0,0,0,4,25,0,0
"IA","IOWA","1931950","Woodbury Central Comm School District","01865","Woodbury Central High School","193195001865","MISSING",0,1,0,0,0,0,14,0,0,0,0,0,0,5,20,1,14,0,5,0,0,0,3,6,6,0,0,0,0,0,0,3,2,0,0
"IA","IOWA","1904680","Belmond-Klemme Comm School District","00130","Belmond-Klemme Community Jr-Sr High School","190468000130","MISSING",0,0,1,6,0,0,21,0,0,0,3,0,0,10,41,5,23,2,11,0,0,0,1,8,19,0,0,0,0,0,1,4,8,0,0
"IA","IOWA","1909480","Dubuque Comm School District","00605","Eisenhower Elementary School","190948000605","MISSING",0,0,2,2,4,0,55,0,0,2,0,1,0,20,86,0,63,0,23,0,1,0,2,15,45,0,0,0,1,0,0,8,14,0,0
"IA","IOWA","1907440","Clarksville Comm School District","00354","Clarksville Elementary School","190744000354","MISSING",0,0,0,0,0,0,12,0,0,0,1,0,0,4,17,0,12,0,5,0,0,0,0,4,8,0,0,0,0,0,0,0,5,0,0
"IA","IOWA","1918180","Madrid Comm School District","01039","Madrid Elementary School","191818001039","MISSING",0,0,0,0,1,0,30,0,0,0,1,0,0,19,51,0,31,0,20,0,0,0,0,5,25,0,1,0,0,0,1,2,17,0,0
"IA","IOWA","1914700","Iowa City Comm School District","00902","West Senior High School","191470000902","MISSING",0,1,24,10,2,0,23,0,0,15,8,2,0,8,93,12,48,3,30,0,0,0,1,20,37,0,2,0,0,0,1,7,24,0,1
"IA","IOWA","1909480","Dubuque Comm School District","01456","Prescott Elementary School","190948001456","MISSING",0,0,21,2,9,3,13,0,0,10,4,5,1,8,76,3,45,1,27,0,0,0,5,6,37,0,0,0,0,0,1,2,25,0,0
"IA","IOWA","1917100","North Cedar Comm School District","01947","North Cedar Lowden Elementary Center","191710001947","MISSING",0,0,0,0,0,0,15,0,0,0,0,0,0,9,24,0,15,0,9,0,0,0,0,0,15,0,0,0,0,0,0,0,9,0,0
"IA","IOWA","1914730","Iowa Falls Comm School District","00904","Iowa Falls - Alden High School","191473000904","MISSING",0,0,0,4,0,0,21,0,0,1,6,0,0,8,40,2,23,3,12,1,0,0,0,2,22,0,0,0,0,0,0,4,11,0,0
"IA","IOWA","1927390","Storm Lake Comm School District","02107","Storm Lake Elementary","192739002107","MISSING",0,15,4,48,4,5,12,2,5,1,27,1,3,10,137,53,35,27,22,0,0,0,8,9,71,0,0,0,0,1,3,5,39,0,1
"IA","IOWA","1910350","East Union Comm School District","00661","East Union Middle-High School","191035000661","MISSING",0,0,0,0,0,0,16,0,0,0,0,0,0,12,28,0,16,0,12,0,0,0,0,2,14,0,0,0,0,0,0,0,12,0,0
"IA","IOWA","1925320","Saydel Comm School District","01445","Cornell Elementary School","192532001445","MISSING",0,0,1,5,1,0,30,1,0,0,7,1,0,6,52,3,34,2,13,0,0,0,1,3,33,0,0,0,0,0,0,7,8,0,0
"IA","IOWA","1915450","Johnston Comm School District","02018","Henry A Wallace Elementary School","191545002018","MISSING",1,5,2,1,3,0,46,0,0,1,1,0,0,12,72,4,54,0,14,0,0,0,4,25,29,0,0,0,1,0,1,3,9,0,0
"IA","IOWA","1920340","New Hampton Comm School District","01922","New Hampton Middle School","192034001922","MISSING",0,0,0,5,0,0,13,0,0,0,0,0,0,6,24,3,15,0,6,0,0,0,1,3,13,0,1,0,0,0,0,0,6,0,0
"IA","IOWA","1914700","Iowa City Comm School District","00894","Lincoln Elementary School","191470000894","MISSING",0,1,2,1,2,0,5,0,0,0,0,0,0,3,14,0,11,0,3,0,0,0,0,1,10,0,0,0,0,0,0,0,3,0,0
"IA","IOWA","1917100","North Cedar Comm School District","01001","North Cedar Jr/Sr High School","191710001001","MISSING",0,0,2,0,0,0,32,0,0,0,1,1,0,16,52,0,34,0,18,0,0,0,3,4,27,0,0,0,0,0,0,3,15,0,0
"IA","IOWA","1904830","Benton Comm School District","02227","Keystone Elementary School","190483002227","MISSING",0,0,0,0,0,0,11,0,0,0,0,0,0,8,19,0,11,0,8,0,0,0,0,0,11,0,0,0,0,0,0,0,8,0,0
"IA","IOWA","1919800","Moulton-Udell Comm School District","01163","Moulton Elementary School","191980001163","MISSING",0,0,0,0,1,0,8,0,0,0,0,0,0,6,15,0,9,0,6,0,0,0,0,0,9,0,0,0,0,0,0,0,6,0,0
"IA","IOWA","1912660","Gladbrook-Reinbeck Comm School District","01402","Gladbrook-Reinbeck Jr. High & High School","191266001402","MISSING",0,0,0,1,2,0,18,0,0,0,0,0,0,18,39,0,21,0,18,0,0,0,0,5,15,0,1,0,0,0,0,4,13,0,1
"IA","IOWA","1923340","Postville Comm School District","01378","John R Mott Jr/Hi School","192334001378","MISSING",0,0,3,12,0,0,9,0,0,2,12,0,0,5,43,13,11,8,11,0,1,0,1,0,22,0,0,0,0,0,0,2,17,0,0
"IA","IOWA","1924660","Rock Valley Comm School District","02262","Rock Valley Middle School","192466002262","MISSING",0,0,0,8,0,0,8,0,0,0,2,0,0,1,19,7,9,2,1,0,0,0,0,8,8,0,0,0,0,0,1,1,1,0,0
"IA","IOWA","1914700","Iowa City Comm School District","00895","Longfellow Elementary School","191470000895","MISSING",0,0,10,7,2,0,13,0,0,1,1,0,0,3,37,8,24,1,4,0,0,0,1,5,26,0,0,0,0,0,0,0,5,0,0
"IA","IOWA","1930750","West Branch Comm School District","01771","Hoover Elementary School","193075001771","MISSING",0,0,1,2,2,0,20,0,0,1,2,0,0,6,34,0,25,0,9,0,0,0,0,0,25,0,0,0,0,0,0,0,9,0,0
"IA","IOWA","1914700","Iowa City Comm School District","00891","Horace Mann Elementary School","191470000891","MISSING",0,0,2,2,2,0,7,0,0,0,3,0,0,3,19,2,11,3,3,0,0,0,0,1,12,0,0,0,0,0,0,0,6,0,0
"IA","IOWA","1909480","Dubuque Comm School District","00617","Sageville Elementary School","190948000617","MISSING",0,0,0,0,0,0,23,0,0,0,1,0,0,13,37,0,23,0,14,0,0,0,1,5,17,0,0,0,0,0,0,0,14,0,0
"IA","IOWA","1907440","Clarksville Comm School District","00355","Clarksville High School","190744000355","MISSING",0,0,0,0,0,0,5,0,0,0,0,0,0,5,10,0,5,0,5,0,0,0,0,0,5,0,0,0,0,0,0,2,3,0,0
"IA","IOWA","1912660","Gladbrook-Reinbeck Comm School District","00764","Gladbrook-Reinbeck Elementary School","191266000764","MISSING",0,0,1,0,3,0,14,0,0,0,2,2,0,18,40,0,18,0,22,0,0,0,0,1,15,0,2,0,0,0,0,0,22,0,0
"IA","IOWA","1915450","Johnston Comm School District","00927","Johnston Senior High School","191545000927","MISSING",0,5,22,7,4,0,73,0,1,9,6,2,0,29,158,14,97,9,38,12,0,0,18,23,55,3,0,0,0,0,13,16,17,1,0
"IA","IOWA","1907050","Chariton Comm School District","00313","Chariton High School","190705000313","MISSING",0,0,0,2,0,0,26,0,0,0,0,0,0,14,42,0,28,0,14,0,0,0,1,3,24,0,0,0,0,0,0,1,13,0,0
"IA","IOWA","1929760","Wapsie Valley Comm School District","01694","Readlyn Elementary School","192976001694","MISSING",0,0,0,0,0,0,6,0,0,0,1,0,0,2,9,0,6,0,3,0,0,0,0,0,6,0,0,0,0,0,0,0,3,0,0
"IA","IOWA","1914700","Iowa City Comm School District","00886","Grant Wood Elementary School","191470000886","MISSING",0,0,10,7,0,1,7,0,0,3,2,0,0,6,36,8,17,2,9,0,0,0,1,2,22,0,0,0,0,0,0,1,10,0,0
"IA","IOWA","1909480","Dubuque Comm School District","00609","Hoover Elementary School","190948000609","MISSING",0,1,2,0,0,1,15,0,0,0,2,0,1,8,30,2,17,2,9,0,0,0,0,1,18,0,0,0,0,0,0,0,11,0,0
"IA","IOWA","1907050","Chariton Comm School District","00315","Columbus Elementary School","190705000315","MISSING",0,0,0,0,0,0,24,0,0,0,0,0,0,9,33,0,24,1,8,0,0,0,0,1,23,0,0,0,0,0,0,0,9,0,0
"IA","IOWA","1925410","Schleswig Comm School District","01451","Schleswig Middle School","192541001451","MISSING",0,0,0,0,0,0,3,0,0,0,0,0,0,5,8,0,3,0,5,0,0,0,0,0,3,0,0,0,0,0,0,0,5,0,0
"IA","IOWA","1908070","Coon Rapids-Bayard Comm School District","00402","Coon Rapids-Bayard 6-12 Attendance Center","190807000402","MISSING",0,0,3,3,0,0,14,0,0,0,0,0,0,18,38,0,20,0,18,0,0,0,1,6,13,0,0,0,0,0,0,1,17,0,0
"IA","IOWA","1928230","Underwood Comm School District","01646","Underwood Elementary School","192823001646","MISSING",0,0,0,1,1,0,21,0,0,0,0,1,0,15,39,0,23,0,16,0,0,0,0,12,11,0,0,0,0,1,2,4,9,0,0
"IA","IOWA","1910350","East Union Comm School District","00659","East Union Elementary","191035000659","MISSING",0,0,0,1,0,0,17,0,0,0,0,0,0,8,26,0,18,0,8,0,0,0,1,3,14,0,0,0,0,0,1,2,5,0,0
"IA","IOWA","1925050","Ruthven-Ayrshire Comm School District","01966","Ruthven-Ayrshire Elementary School","192505001966","MISSING",0,0,0,2,0,0,12,0,0,0,0,0,0,4,18,0,14,0,4,0,0,0,1,3,10,0,0,0,0,0,0,0,4,0,0
"IA","IOWA","1914700","Iowa City Comm School District","00892","Iowa City High School","191470000892","MISSING",1,0,39,21,5,1,44,0,0,20,11,2,1,25,170,16,95,7,52,0,0,0,4,21,81,0,5,0,0,0,2,13,42,0,2
"IA","IOWA","1914700","Iowa City Comm School District","00899","Robert Lucas Elementary School","191470000899","MISSING",0,1,16,0,1,0,10,0,0,6,0,0,0,6,40,2,26,0,12,0,0,0,3,5,20,0,0,0,0,0,0,3,9,0,0
"IA","IOWA","1909480","Dubuque Comm School District","00603","Bryant Elementary School","190948000603","MISSING",0,0,0,1,2,0,24,0,0,2,2,0,0,10,41,1,26,0,14,0,0,0,0,4,23,0,0,0,0,0,0,0,14,0,0
"IA","IOWA","1930750","West Branch Comm School District","01773","West Branch Middle School","193075001773","MISSING",0,0,1,3,0,0,22,0,0,0,1,2,1,12,42,1,25,0,16,0,0,0,1,6,19,0,0,0,0,0,0,2,14,0,0
"IA","IOWA","1918180","Madrid Comm School District","01041","Madrid Junior High School","191818001041","MISSING",0,0,0,0,2,0,18,0,0,0,0,0,0,6,26,0,20,0,6,0,0,0,1,4,14,0,1,0,0,0,0,0,6,0,0
"IA","IOWA","1912600","Gilmore City-Bradgate Comm School District","00762","Gilmore City Elementary School","191260000762","MISSING",0,0,2,0,1,0,9,0,0,0,0,0,0,9,21,0,12,0,9,0,0,1,0,2,9,0,0,0,0,0,0,0,9,0,0
"IA","IOWA","1921240","Norwalk Comm School District","01275","Norwalk Senior High School","192124001275","MISSING",0,0,3,3,1,0,55,0,0,1,2,0,0,25,90,1,61,0,28,1,0,0,4,8,49,0,0,0,0,0,0,4,24,0,0
"IA","IOWA","1909480","Dubuque Comm School District","00608","Hempstead High School","190948000608","MISSING",0,2,30,3,9,9,113,0,0,15,7,6,2,58,254,11,155,2,86,2,0,29,24,46,65,0,0,0,0,13,8,16,50,1,0
"IA","IOWA","1903850","North Union Comm School District","01458","North Union Elementary","190385001458","MISSING",0,0,0,0,0,0,10,0,0,1,0,0,0,9,20,0,10,0,10,0,0,0,0,0,10,0,0,0,0,0,0,0,10,0,0
"IA","IOWA","1927600","Sumner-Fredericksburg Comm School District","00741","Fredericksburg Elem School","192760000741","MISSING",0,0,0,1,0,0,9,0,0,0,1,0,0,5,16,1,9,1,5,0,0,0,0,1,9,0,0,0,0,0,0,0,6,0,0
"IA","IOWA","1930990","West Liberty Comm School District","01804","West Liberty Middle School","193099001804","MISSING",0,0,2,11,0,0,3,0,0,0,9,0,0,2,27,10,6,4,7,0,0,0,0,10,6,0,0,0,0,0,0,5,6,0,0
"IA","IOWA","1905970","CAL Comm School District","00203","CAL Elementary School","190597000203","MISSING",0,0,0,6,0,0,5,0,0,0,4,0,0,6,21,2,9,2,8,0,0,0,0,0,11,0,0,0,0,0,0,1,9,0,0
"IA","IOWA","1919650","Monticello Comm School District","01155","Shannon Elementary School","191965001155","MISSING",0,0,1,1,0,0,12,0,0,0,0,0,0,6,20,0,14,0,6,0,0,0,0,0,14,0,0,0,0,0,0,0,6,0,0
"IA","IOWA","1909480","Dubuque Comm School District","00612","Thomas Jefferson Middle School","190948000612","MISSING",0,0,24,3,11,3,51,0,0,13,4,9,1,24,143,4,88,2,49,0,0,2,3,16,71,0,0,0,0,3,1,1,46,0,0
"IA","IOWA","1904830","Benton Comm School District","00137","Benton Community Senior High School","190483000137","MISSING",0,0,0,3,0,0,29,0,0,0,0,1,0,18,51,1,31,0,19,0,0,0,3,11,18,0,0,0,0,0,0,3,16,0,0
"IA","IOWA","1914700","Iowa City Comm School District","00890","Hills Elementary School","191470000890","MISSING",0,0,1,7,3,0,3,0,0,1,4,0,0,3,22,6,8,5,3,0,0,0,0,0,14,0,0,0,0,0,0,0,8,0,0
"IA","IOWA","1912510","Gilbert Comm School District","02192","Gilbert Intermediate School","191251002192","MISSING",0,0,0,2,1,0,21,0,1,2,3,0,0,18,48,2,22,1,23,0,0,0,0,7,17,0,0,0,0,0,0,8,16,0,0
"IA","IOWA","1900026","South O'Brien Comm School District","01341","South O'Brien Secondary School","190002601341","MISSING",0,0,0,5,1,0,25,0,0,0,0,2,0,16,49,2,29,0,18,0,0,0,0,4,27,0,0,0,0,0,0,1,16,1,0
"IA","IOWA","1920340","New Hampton Comm School District","01206","New Hampton High School","192034001206","MISSING",0,0,1,5,0,0,20,0,0,1,3,0,0,8,38,5,21,3,9,0,0,0,0,7,19,0,0,0,0,0,0,1,11,0,0
"IA","IOWA","1908070","Coon Rapids-Bayard Comm School District","00401","CR-B Elementary School","190807000401","MISSING",0,0,0,0,0,0,15,0,0,0,1,0,0,12,28,0,15,0,13,0,0,0,0,1,14,0,0,0,0,0,0,0,13,0,0
"IA","IOWA","1919650","Monticello Comm School District","01152","Carpenter Elementary School","191965001152","MISSING",0,1,0,2,3,0,15,0,0,0,0,0,0,18,39,2,19,0,18,0,0,0,0,1,20,0,0,0,0,0,0,0,18,0,0
"IA","IOWA","1914700","Iowa City Comm School District","00436","Wickham Elementary","191470000436","MISSING",0,0,1,4,3,0,12,0,1,1,1,0,0,6,29,2,18,1,8,0,0,0,1,0,19,0,0,0,0,0,1,0,8,0,0
"IA","IOWA","1903850","North Union Comm School District","01899","North Union High School","190385001899","MISSING",0,0,0,0,0,1,14,0,0,0,1,1,0,6,23,0,15,0,8,0,0,0,0,4,11,0,0,0,0,0,0,0,8,0,0
"IA","IOWA","1914730","Iowa Falls Comm School District","00905","Riverbend Middle School","191473000905","MISSING",0,0,0,4,0,0,21,0,0,0,2,4,0,8,39,1,24,1,13,0,0,0,2,2,20,0,1,0,0,0,1,0,13,0,0
"IA","IOWA","1927600","Sumner-Fredericksburg Comm School District","01610","Sumner-Fredericksburg HS","192760001610","MISSING",0,0,0,1,1,0,12,0,0,1,1,0,0,8,24,0,14,0,10,0,0,0,0,0,14,0,0,0,0,0,0,0,10,0,0
"IA","IOWA","1911070","Estherville Lincoln Central Com Sch Dist","00684","Demoney Elementary","191107000684","MISSING",0,0,0,11,1,0,29,0,0,0,7,0,0,27,75,8,33,3,31,0,0,0,1,4,36,0,0,0,0,0,0,6,28,0,0
"IA","IOWA","1912690","Glenwood Comm School District","00766","Glenwood Middle School","191269000766","MISSING",1,1,0,0,1,0,28,0,0,0,0,2,0,19,52,0,31,0,21,0,0,0,2,3,26,0,0,0,0,0,0,4,17,0,0
"IA","IOWA","1911070","Estherville Lincoln Central Com Sch Dist","00685","Estherville Lincoln Central High School","191107000685","MISSING",0,0,1,8,1,0,19,0,0,1,9,0,0,11,50,2,27,2,19,0,0,0,0,7,22,0,0,0,0,0,0,4,17,0,0
"IA","IOWA","1911070","Estherville Lincoln Central Com Sch Dist","00686","Estherville Lincoln Central Middle School","191107000686","MISSING",0,0,3,10,0,0,22,0,0,2,2,1,0,10,50,7,28,2,13,0,0,0,0,9,26,0,0,0,0,0,0,2,13,0,0
"IA","IOWA","1914700","Iowa City Comm School District","02168","Norman Borlaug Elementary School","191470002168","MISSING",0,1,15,1,0,0,9,0,2,7,1,1,0,7,44,6,20,4,14,0,0,0,0,3,23,0,0,0,0,1,0,6,11,0,0
"IA","IOWA","1912510","Gilbert Comm School District","00760","Gilbert High School","191251000760","MISSING",1,0,0,1,0,0,27,0,0,0,1,0,0,10,40,1,28,1,10,0,0,0,0,5,24,0,0,0,0,0,1,1,9,0,0
"IA","IOWA","1914700","Iowa City Comm School District","01392","North Central Junior High School","191470001392","MISSING",0,0,8,4,3,0,34,0,0,4,2,2,0,9,66,1,48,1,16,0,0,0,0,12,37,0,0,0,0,0,0,2,15,0,0
"IA","IOWA","1915450","Johnston Comm School District","00532","Lawson Elementary School","191545000532","MISSING",0,1,2,2,7,0,33,0,2,3,2,3,0,11,66,3,42,3,18,0,0,0,2,6,34,3,0,0,0,0,2,2,14,3,0
"IA","IOWA","1915210","Greene County Comm School District","00918","Greene County High School","191521000918","MISSING",0,1,0,2,2,0,21,0,0,1,1,0,0,13,41,2,24,0,15,0,0,0,1,2,23,0,0,0,0,0,1,1,13,0,0
"IA","IOWA","1909480","Dubuque Comm School District","00610","Irving Elementary School","190948000610","MISSING",0,0,4,6,3,0,36,0,0,3,1,0,0,20,73,1,48,0,24,0,0,0,5,8,36,0,0,0,0,0,0,6,18,0,0
"IA","IOWA","1916110","Lake Mills Comm School District","00964","Lake Mills Middle School","191611000964","MISSING",0,0,0,1,0,0,7,0,0,0,1,0,0,4,13,1,7,0,5,0,0,0,0,1,7,0,0,0,0,0,0,0,5,0,0
"IA","IOWA","1927390","Storm Lake Comm School District","01601","Storm Lake High School","192739001601","MISSING",0,8,4,31,2,1,16,0,5,6,11,2,1,9,96,30,32,16,18,1,0,0,7,13,41,0,0,0,0,0,5,11,18,0,0
"IA","IOWA","1900028","Prairie Valley Comm School District","01381","Prairie Valley Elementary School","190002801381","MISSING",0,0,0,0,2,0,20,0,0,0,0,1,0,11,34,0,22,0,12,0,0,0,3,0,19,0,0,0,0,0,0,1,11,0,0
"IA","IOWA","1923340","Postville Comm School District","01377","Cora B Darling Elementary","192334001377","MISSING",0,0,2,15,2,0,6,0,0,0,13,0,0,5,43,11,14,8,10,0,0,0,0,1,23,0,1,0,0,0,0,0,18,0,0
"IA","IOWA","1900009","Colfax-Mingo Comm School District","00386","Colfax-Mingo High School","190000900386","MISSING",0,0,2,2,0,0,25,0,0,1,0,1,0,17,48,0,29,0,19,0,0,0,1,0,27,0,1,0,0,0,1,2,16,0,0
"IA","IOWA","1914730","Iowa Falls Comm School District","00907","Rock Run Elementary","191473000907","MISSING",0,0,0,5,0,0,19,0,0,0,1,0,0,8,33,4,20,0,9,0,0,0,0,6,18,0,0,0,0,0,0,1,8,0,0
"IA","IOWA","1927960","Treynor Comm School District","01627","Treynor High School","192796001627","MISSING",0,0,0,0,0,0,6,0,0,0,1,0,0,7,14,0,6,0,8,0,0,0,0,0,6,0,0,0,0,0,0,1,7,0,0
"IA","IOWA","1907920","Colo-NESCO Comm School District","00395","Colo-NESCO  Middle/High School","190792000395","MISSING",0,0,0,1,0,0,14,0,0,0,0,0,0,6,21,0,15,0,6,0,0,0,0,2,13,0,0,0,0,0,0,0,6,0,0
"IA","IOWA","1912690","Glenwood Comm School District","00767","Glenwood Senior High School","191269000767","MISSING",0,0,0,1,3,0,29,0,0,0,0,1,0,9,43,0,33,0,10,0,0,0,5,4,24,0,0,0,0,0,2,3,5,0,0
"IA","IOWA","1914700","Iowa City Comm School District","00881","Bohumil Shimek Elementary School","191470000881","MISSING",0,0,1,0,0,0,12,0,0,1,0,0,0,7,21,1,12,0,8,0,0,1,0,0,12,0,0,0,0,1,0,0,7,0,0
"IA","IOWA","1914160","Hinton Comm School District","00843","Hinton Elementary School","191416000843","MISSING",0,0,0,2,1,0,15,0,0,0,0,0,0,6,24,1,17,0,6,0,0,0,0,2,16,0,0,0,0,0,0,0,6,0,0
"IA","IOWA","1909480","Dubuque Comm School District","00976","Eleanor Roosevelt Middle School","190948000976","MISSING",0,0,9,7,4,2,93,0,1,6,5,3,0,47,177,3,112,1,61,0,1,1,7,19,87,0,0,0,2,0,2,17,41,0,0
"IA","IOWA","1915210","Greene County Comm School District","00076","Greene County Elementary","191521000076","MISSING",0,0,0,2,1,0,33,0,0,0,0,1,0,18,55,0,36,0,19,0,0,0,6,14,16,0,0,0,0,0,0,6,13,0,0
"IA","IOWA","1927390","Storm Lake Comm School District","01600","Storm Lake Middle School","192739001600","MISSING",1,7,4,31,1,2,19,0,5,3,16,1,2,7,99,30,35,17,17,0,0,0,9,18,37,0,1,0,0,0,3,4,27,0,0
"IA","IOWA","1930560","Wayne Comm School District","01755","Wayne Community Jr-Sr High School","193056001755","MISSING",0,0,1,1,0,0,20,0,0,0,0,0,0,15,37,0,22,0,15,0,0,0,1,11,10,0,0,0,0,0,0,4,11,0,0
"IA","IOWA","1910110","East Buchanan Comm School District","00642","East Buchanan Elementary School","191011000642","MISSING",0,0,0,0,0,0,16,0,0,0,0,0,0,9,25,0,16,0,9,0,0,0,0,1,15,0,0,0,0,0,0,0,9,0,0
"IA","IOWA","1909480","Dubuque Comm School District","00613","John Kennedy Elementary School","190948000613","MISSING",0,0,6,4,1,0,41,0,0,2,1,0,0,21,76,1,51,1,23,0,0,0,3,14,35,0,0,0,0,0,0,1,23,0,0
"IA","IOWA","1929580","East Sac County Comm School District","01511","East Sac County Middle School","192958001511","MISSING",0,0,0,2,0,0,22,0,0,0,1,0,0,17,42,0,24,0,18,0,0,0,1,3,20,0,0,0,0,0,0,1,17,0,0
"IA","IOWA","1930720","West Bend-Mallard Comm School District","01042","West Bend-Mallard Elementary School","193072001042","MISSING",0,0,0,1,0,0,6,0,0,0,0,0,0,3,10,0,7,0,3,0,0,0,0,0,7,0,0,0,0,0,0,0,3,0,0
"IA","IOWA","1914580","Independence Comm School District","00869","West Elementary School","191458000869","MISSING",0,0,0,3,2,0,27,0,0,0,0,2,0,17,51,0,32,0,19,0,0,0,1,6,24,0,1,0,0,0,0,4,15,0,0
"IA","IOWA","1908580","Davenport Comm School District","00486","Washington Elementary School","190858000486","MISSING",0,0,9,3,5,0,7,0,0,6,2,6,0,10,48,0,24,0,24,0,0,0,5,4,15,0,0,0,0,1,1,4,18,0,0
"IA","IOWA","1908580","Davenport Comm School District","00473","Jackson Elementary School","190858000473","MISSING",0,0,14,2,5,0,28,0,1,5,4,3,0,10,72,0,49,0,23,0,0,0,8,10,31,0,0,0,0,0,3,6,14,0,0
"IA","IOWA","1914580","Independence Comm School District","00866","Independence Junior Senior High School","191458000866","MISSING",0,0,0,2,2,0,55,0,1,1,1,2,0,31,95,0,59,0,36,1,0,0,4,26,25,1,2,0,0,0,2,10,23,0,1
"IA","IOWA","1929310","Vinton-Shellsburg Comm School District","01680","Vinton-Shellsburg Middle School","192931001680","MISSING",1,0,0,3,1,0,26,0,0,2,0,1,0,15,49,0,31,0,18,0,0,0,2,4,25,0,0,0,0,0,1,4,13,0,0
"IA","IOWA","1926670","South Page Comm School District","01552","South Page Senior High School","192667001552","MISSING",0,0,0,0,0,0,6,0,0,0,1,0,0,4,11,0,6,0,5,0,0,0,0,0,6,0,0,0,0,0,0,1,3,0,1
"IA","IOWA","1929310","Vinton-Shellsburg Comm School District","01550","Tilford Elementary School","192931001550","MISSING",0,0,0,0,0,0,43,0,0,0,1,0,0,36,80,0,43,0,37,0,0,0,1,5,37,0,0,0,0,0,0,8,29,0,0
"IA","IOWA","1908580","Davenport Comm School District","00469","Harrison Elementary School","190858000469","MISSING",0,1,9,3,5,0,20,0,0,4,2,3,0,6,53,0,38,0,15,0,0,0,6,5,27,0,0,0,0,0,1,2,12,0,0
"IA","IOWA","1908580","Davenport Comm School District","00484","Walcott Elementary School","190858000484","MISSING",0,0,1,1,2,0,21,0,0,0,1,2,0,9,37,0,25,0,12,0,0,0,4,5,16,0,0,0,0,0,0,1,11,0,0
"IA","IOWA","1905790","Burlington Comm School District","00180","Black Hawk Elementary School","190579000180","MISSING",0,0,6,2,4,0,23,0,0,3,0,1,0,12,51,0,35,0,16,0,1,0,9,8,17,0,0,0,0,0,4,5,7,0,0
"IA","IOWA","1908580","Davenport Comm School District","00479","McKinley Elementary School","190858000479","MISSING",0,0,13,4,4,0,18,0,0,5,3,0,0,11,58,1,38,1,18,0,0,0,9,12,18,0,0,0,0,0,0,5,14,0,0
"IA","IOWA","1908580","Davenport Comm School District","00461","Central High School","190858000461","MISSING",2,0,47,12,10,0,30,1,0,37,11,10,0,21,181,1,100,1,79,0,0,1,25,14,61,0,0,0,0,0,19,6,55,0,0
"IA","IOWA","1908580","Davenport Comm School District","00474","Jefferson Elementary School","190858000474","MISSING",0,1,27,11,12,0,16,0,1,9,7,5,0,8,97,6,61,4,26,0,0,0,12,17,38,0,0,0,0,0,2,8,20,0,0
"IA","IOWA","1908580","Davenport Comm School District","01881","Truman Elementary School","190858001881","MISSING",0,1,9,0,3,0,24,0,0,2,2,3,0,9,53,0,37,0,16,0,0,0,9,5,23,0,0,0,0,0,5,1,10,0,0
"IA","IOWA","1908580","Davenport Comm School District","00485","Walcott Intermediate","190858000485","MISSING",0,0,1,0,2,0,22,0,0,0,5,1,0,12,43,0,25,0,18,0,0,0,6,7,12,0,0,0,0,0,1,4,13,0,0
"IA","IOWA","1908580","Davenport Comm School District","00490","Wood Intermediate","190858000490","MISSING",0,0,21,9,9,0,27,1,0,11,7,4,0,17,106,1,65,1,39,0,0,0,12,15,39,0,0,0,0,0,5,5,30,0,0
"IA","IOWA","1905790","Burlington Comm School District","00191","Aldo Leopold Intermediate School","190579000191","MISSING",1,0,26,3,6,0,45,0,0,17,2,7,0,25,132,1,80,0,51,0,0,0,15,17,49,0,0,0,0,0,5,13,33,0,0
"IA","IOWA","1905790","Burlington Comm School District","00187","James Wilson Grimes School","190579000187","MISSING",0,0,7,1,3,0,17,1,0,10,0,1,0,11,51,0,28,0,23,0,0,0,1,14,13,0,0,0,0,0,0,5,18,0,0
"IA","IOWA","1908580","Davenport Comm School District","00487","West High School","190858000487","MISSING",1,2,29,18,23,1,93,0,1,16,19,6,0,46,255,3,164,5,83,0,0,0,48,28,90,1,0,0,0,0,17,18,53,0,0
"IA","IOWA","1931920","Woodbine Comm School District","01862","Woodbine High School","193192001862","MISSING",1,0,0,1,0,0,18,0,0,0,0,0,0,13,33,0,20,0,13,0,0,0,2,2,16,0,0,0,0,0,1,0,12,0,0
"IA","IOWA","1908580","Davenport Comm School District","00465","Garfield Elementary School","190858000465","MISSING",0,0,22,4,8,0,14,0,0,7,1,1,0,9,66,1,47,1,17,0,0,0,8,14,26,0,0,0,0,0,3,6,9,0,0
"IA","IOWA","1905790","Burlington Comm School District","00186","Edward Stone Middle School","190579000186","MISSING",0,1,19,2,5,0,43,0,0,10,2,8,0,26,116,1,69,2,44,0,0,0,8,13,49,0,0,0,0,0,2,11,33,0,0
"IA","IOWA","1908580","Davenport Comm School District","00462","Eisenhower Elementary School","190858000462","MISSING",0,1,12,6,3,0,12,0,0,7,1,1,0,9,52,1,33,0,18,0,0,0,2,9,23,0,0,0,0,0,3,3,12,0,0
"IA","IOWA","1908580","Davenport Comm School District","00477","Madison Elementary School","190858000477","MISSING",0,0,17,9,10,0,16,0,0,17,6,4,0,10,89,4,48,5,32,0,0,0,12,10,30,0,0,0,0,0,4,6,27,0,0
"IA","IOWA","1929310","Vinton-Shellsburg Comm School District","01681","Vinton-Shellsburg High School","192931001681","MISSING",0,0,1,2,1,0,22,0,0,2,0,0,0,20,48,0,26,0,22,0,0,0,5,7,14,0,0,0,0,0,1,4,17,0,0
"IA","IOWA","1905790","Burlington Comm School District","00181","Burlington Community High School","190579000181","MISSING",0,0,23,3,6,0,66,2,0,28,5,3,0,36,172,0,98,0,74,0,0,0,28,28,42,0,0,0,0,0,13,18,43,0,0
"IA","IOWA","1908580","Davenport Comm School District","00463","Fillmore Elementary School","190858000463","MISSING",0,1,17,6,11,0,22,0,0,6,3,7,0,12,85,2,55,0,28,0,0,0,17,13,27,0,0,0,0,0,9,5,14,0,0
"IA","IOWA","1908580","Davenport Comm School District","00456","Adams Elementary School","190858000456","MISSING",0,0,10,9,4,0,31,0,0,3,2,3,0,14,76,2,52,0,22,0,0,0,9,9,36,0,0,0,0,0,6,1,15,0,0
"IA","IOWA","1905790","Burlington Comm School District","00194","Sunnyside Elementary School","190579000194","MISSING",0,0,7,3,5,0,22,0,0,2,3,1,0,13,56,0,37,0,19,0,0,0,15,3,19,0,0,0,0,0,6,0,13,0,0
"IA","IOWA","1908580","Davenport Comm School District","00488","Williams Intermediate","190858000488","MISSING",0,0,17,13,11,0,34,0,2,12,10,3,0,22,124,1,74,6,43,0,0,0,21,13,41,0,0,0,0,0,5,6,38,0,0
"IA","IOWA","1929310","Vinton-Shellsburg Comm School District","01476","Shellsburg Elementary School","192931001476","MISSING",0,0,0,0,3,0,17,0,0,0,0,0,0,14,34,0,20,0,14,0,0,0,1,3,16,0,0,0,0,0,0,0,14,0,0
"IA","IOWA","1930720","West Bend-Mallard Comm School District","01770","West Bend-Mallard High School","193072001770","MISSING",0,0,0,1,1,0,11,0,0,0,1,0,0,3,17,1,12,1,3,1,0,0,1,1,10,0,0,0,0,0,0,0,4,0,0
"IA","IOWA","1908580","Davenport Comm School District","00489","Wilson Elementary School","190858000489","MISSING",0,0,13,5,7,0,22,0,2,10,3,5,0,14,81,0,47,1,33,0,0,0,12,6,29,0,0,0,0,1,1,3,29,0,0
"IA","IOWA","1908580","Davenport Comm School District","00464","Frank L Smart Intermediate","190858000464","MISSING",1,0,15,13,7,0,30,0,0,5,6,3,0,15,95,1,65,3,26,0,0,0,21,9,36,0,0,0,0,0,6,8,15,0,0
"IA","IOWA","1908580","Davenport Comm School District","00459","Buffalo Elementary School","190858000459","MISSING",0,1,1,3,0,0,21,0,0,0,2,0,0,16,44,0,26,0,18,0,0,1,1,3,21,0,0,0,0,0,0,2,16,0,0
"IA","IOWA","1908580","Davenport Comm School District","01977","North High School","190858001977","MISSING",1,1,37,16,18,0,31,0,1,18,11,7,1,21,163,1,103,2,57,0,0,0,30,26,48,0,0,0,0,0,12,11,35,1,0
"IA","IOWA","1926670","South Page Comm School District","01551","South Page Elementary School","192667001551","MISSING",0,0,0,1,0,0,3,0,0,0,0,0,0,4,8,0,4,0,4,0,0,0,0,0,3,0,1,0,0,0,0,1,3,0,0
"IA","IOWA","1914580","Independence Comm School District","00865","East Elementary School","191458000865","MISSING",0,0,0,1,1,0,19,0,0,0,0,1,1,12,35,0,21,0,14,0,0,0,0,2,19,0,0,0,0,0,0,3,11,0,0
"IA","IOWA","1930720","West Bend-Mallard Comm School District","01044","West Bend-Mallard Middle School","193072001044","MISSING",0,0,0,1,0,0,11,0,0,0,1,0,0,3,16,0,12,1,3,0,0,0,0,3,9,0,0,0,0,0,0,0,4,0,0
"IA","IOWA","1908580","Davenport Comm School District","00480","Monroe Elementary School","190858000480","MISSING",0,0,16,11,6,0,22,0,0,5,8,2,0,18,88,6,49,2,31,0,0,0,6,11,38,0,0,0,0,0,5,3,25,0,0
"IA","IOWA","1908580","Davenport Comm School District","00470","Hayes Elementary School","190858000470","MISSING",0,0,7,4,6,0,20,0,0,3,2,3,0,18,63,0,37,0,26,0,0,0,6,4,27,0,0,0,0,0,3,2,21,0,0
"IA","IOWA","1908580","Davenport Comm School District","00482","Sudlow Intermediate","190858000482","MISSING",0,0,30,7,9,0,18,0,0,15,5,2,0,16,102,1,63,0,38,0,0,0,21,7,36,0,0,0,0,0,4,4,30,0,0
"IA","IOWA","1931920","Woodbine Comm School District","01861","Woodbine Elementary School","193192001861","MISSING",0,0,0,1,2,0,12,0,0,0,0,0,0,5,20,0,15,0,5,0,0,0,0,1,14,0,0,0,0,0,0,0,5,0,0
"IA","IOWA","1908580","Davenport Comm School District","02009","Mid City High","190858002009","MISSING",0,0,6,5,2,0,17,0,0,4,7,2,0,7,50,1,29,0,20,1,0,1,8,9,11,0,0,0,0,0,2,9,9,0,0
"IA","IOWA","1903630","Andrew Comm School District","00067","Andrew Elementary School","190363000067","MISSING",0,0,0,0,1,0,15,0,0,0,0,1,0,5,22,0,16,0,6,0,0,0,0,1,15,0,0,0,0,0,0,2,4,0,0
"IA","IOWA","1900031","Albert City-Truesdale Comm School District","01300","Albert City-Truesdale Elementary School","190003101300","MISSING",0,0,0,2,2,0,11,0,0,0,2,0,0,6,23,2,13,0,8,0,0,0,0,0,15,0,0,0,0,0,0,0,8,0,0
"IA","IOWA","1908580","Davenport Comm School District","00458","Buchanan Elementary School","190858000458","MISSING",0,1,12,3,8,0,21,0,0,5,4,5,0,13,72,2,43,2,25,0,0,0,9,10,26,0,0,0,0,0,4,7,16,0,0
"IA","IOWA","1908580","Davenport Comm School District","00457","Blue Grass Elementary School","190858000457","MISSING",0,1,0,3,0,0,19,0,0,0,2,0,0,11,36,1,22,0,13,0,0,0,5,4,14,0,0,0,0,1,0,1,11,0,0
"IA","IOWA","1903630","Andrew Comm School District","02136","Andrew Middle School","190363002136","MISSING",0,0,0,0,0,0,5,0,0,0,0,0,0,2,7,0,5,0,2,0,0,0,0,1,4,0,0,0,0,0,0,0,2,0,0
"IA","IOWA","1905790","Burlington Comm School District","00190","North Hill Elementary School","190579000190","MISSING",0,1,7,2,4,0,24,0,0,5,4,3,0,9,59,0,38,0,21,0,0,0,0,4,34,0,0,0,0,0,0,1,20,0,0
"IA","IOWA","1903060","AGWSR Comm School District","00003","AGWSR Elementary School","190306000003","MISSING",0,0,0,5,0,0,22,0,0,0,1,0,0,8,36,0,27,0,9,0,0,0,0,3,23,0,1,0,0,0,0,1,8,0,0
"IA","IOWA","1918840","MOC-Floyd Valley Comm School District","01114","Hospers Elementary School","191884001114","MISSING",0,0,1,0,0,0,13,0,0,0,1,0,0,7,22,0,14,1,7,0,0,0,0,2,12,0,0,0,0,0,0,2,6,0,0
"IA","IOWA","1930930","West Des Moines Comm School District","00483","Valley Southwoods","193093000483","MISSING",1,1,7,13,4,0,23,0,1,9,12,3,0,16,90,10,39,12,29,0,0,0,4,6,38,1,0,0,0,0,1,5,35,0,0
"IA","IOWA","1915660","Keota Comm School District","00938","Keota Elementary School","191566000938","MISSING",0,0,0,0,0,0,24,0,0,0,1,0,0,11,36,0,24,0,12,0,0,0,0,0,24,0,0,0,0,0,0,0,12,0,0
"IA","IOWA","1930930","West Des Moines Comm School District","01792","Fairmeadows Elementary School","193093001792","MISSING",0,1,5,4,1,0,41,0,3,1,3,0,0,21,80,7,45,3,25,0,0,1,1,13,37,0,0,0,0,0,0,5,23,0,0
"IA","IOWA","1927500","West Central Valley Comm School District","01605","Stuart Elementary School","192750001605","MISSING",0,0,0,0,1,0,8,0,0,0,0,0,0,10,19,0,9,0,10,0,0,0,0,0,9,0,0,0,0,0,0,1,9,0,0
"IA","IOWA","1903090","Adair-Casey Comm School District","00006","Adair-Casey Elementary School","190309000006","MISSING",0,0,0,2,0,1,11,0,0,0,0,0,0,4,18,1,13,0,4,0,0,0,0,3,11,0,0,0,0,0,0,2,2,0,0
"IA","IOWA","1903060","AGWSR Comm School District","00004","AGWSR High School","190306000004","MISSING",0,0,0,1,0,0,14,0,0,0,0,1,0,5,21,1,14,1,5,0,0,1,0,3,9,0,2,0,0,0,0,2,4,0,0
"IA","IOWA","1915660","Keota Comm School District","00939","Keota High School","191566000939","MISSING",0,0,0,0,2,0,5,0,0,0,0,0,0,4,11,0,7,0,4,0,0,0,0,0,7,0,0,0,0,0,0,0,4,0,0
"IA","IOWA","1921600","Odebolt Arthur Battle Creek Ida Grove Comm School District","01283","Odebolt Arthur Battle Creek Ida Grove Elementary-Odebolt","192160001283","MISSING",0,0,0,1,0,0,10,0,0,0,0,0,0,5,16,1,10,0,5,0,0,0,0,1,10,0,0,0,0,0,0,0,5,0,0
"IA","IOWA","1928680","Urbandale Comm School District","02069","Valerius Elementary School","192868002069","MISSING",0,0,3,3,0,0,11,0,0,0,1,2,0,9,29,1,16,0,12,0,0,0,1,1,15,0,0,0,0,0,1,1,10,0,0
"IA","IOWA","1927500","West Central Valley Comm School District","01607","West Central Valley High School","192750001607","MISSING",0,0,0,2,2,0,14,1,0,0,0,0,0,10,29,0,18,0,11,0,0,0,4,4,10,0,0,0,0,0,1,3,7,0,0
"IA","IOWA","1999017","PCM Comm School District","02060","PCM High School","199901702060","MISSING",0,0,0,1,0,0,15,0,0,0,1,0,1,9,27,0,16,0,11,0,0,0,1,3,12,0,0,0,0,0,0,0,11,0,0
"IA","IOWA","1930930","West Des Moines Comm School District","01188","Hillside Elementary School","193093001188","MISSING",0,2,8,9,3,0,23,0,1,5,2,6,0,12,71,9,36,2,24,0,0,0,0,13,32,0,0,0,0,0,0,5,21,0,0
"IA","IOWA","1928680","Urbandale Comm School District","01655","Jensen Elementary School","192868001655","MISSING",0,1,3,5,2,0,15,0,0,4,3,0,0,6,39,6,20,1,12,0,0,0,0,7,19,0,0,0,0,0,0,6,7,0,0
"IA","IOWA","1905430","West Hancock Comm School District","00171","West Hancock Elementary School","190543000171","MISSING",0,0,0,2,0,0,10,0,0,0,4,0,0,3,19,0,12,3,4,0,0,0,0,0,12,0,0,0,0,0,0,0,7,0,0
"IA","IOWA","1930930","West Des Moines Comm School District","01798","Western Hills Elementary School","193093001798","MISSING",0,0,16,7,4,0,25,0,2,3,7,0,0,8,72,9,43,6,14,0,0,0,5,10,37,0,0,0,0,0,0,1,19,0,0
"IA","IOWA","1930930","West Des Moines Comm School District","01790","Crestview School of Inquiry","193093001790","MISSING",0,6,5,16,2,0,14,0,0,2,8,1,0,5,59,16,27,6,10,0,0,0,2,9,32,0,0,0,0,0,0,0,16,0,0
"IA","IOWA","1905430","West Hancock Comm School District","00172","West Hancock High School","190543000172","MISSING",0,0,0,0,1,0,9,0,0,1,2,0,0,3,16,0,10,1,5,0,0,0,0,0,10,0,0,0,0,0,0,1,5,0,0
"IA","IOWA","1930630","Webster City Comm School District","01760","Pleasant View Elementary School","193063001760","MISSING",1,1,0,6,3,0,17,0,1,0,2,1,0,4,36,5,23,3,5,0,0,0,0,0,28,0,0,0,0,0,0,0,8,0,0
"IA","IOWA","1928680","Urbandale Comm School District","01658","Rolling Green Elementary School","192868001658","MISSING",0,1,0,4,1,0,8,0,0,0,1,0,0,6,21,6,8,1,6,0,0,0,0,0,14,0,0,0,0,0,0,1,6,0,0
"IA","IOWA","1927500","West Central Valley Comm School District","00664","West Central Valley Middle School","192750000664","MISSING",0,0,0,2,0,0,17,0,0,0,0,0,0,11,30,0,19,0,11,1,0,0,3,3,12,0,0,0,0,0,2,0,9,0,0
"IA","IOWA","1999017","PCM Comm School District","02061","PCM Middle School","199901702061","MISSING",0,0,0,4,1,0,19,0,0,1,0,0,0,10,35,0,24,0,11,0,0,0,0,5,19,0,0,0,0,0,0,1,10,0,0
"IA","IOWA","1930930","West Des Moines Comm School District","02055","Westridge Elementary","193093002055","MISSING",0,3,8,7,1,0,26,0,2,7,4,4,0,10,72,7,38,5,22,0,0,1,8,8,28,0,0,0,0,0,2,4,21,0,0
"IA","IOWA","1930930","West Des Moines Comm School District","00393","Walnut Creek Campus","193093000393","MISSING",0,0,5,6,2,0,7,0,0,0,2,1,0,5,28,5,15,2,6,0,0,0,3,11,6,0,0,0,0,0,0,1,7,0,0
"IA","IOWA","1903060","AGWSR Comm School District","02212","AGWSR Elementary at Wellsburg","190306002212","MISSING",0,0,0,0,0,0,4,0,0,0,0,0,0,5,9,0,4,0,5,0,0,1,0,0,3,0,0,0,0,0,0,0,5,0,0
"IA","IOWA","1918840","MOC-Floyd Valley Comm School District","00708","MOC-Floyd Valley Middle School","191884000708","MISSING",0,0,1,4,2,0,11,0,1,0,4,0,0,10,33,2,16,3,12,0,0,0,0,3,15,0,0,0,0,0,0,1,14,0,0
"IA","IOWA","1914880","IKM-Manning Comm School District","00912","IKM-Manning Middle School","191488000912","MISSING",0,0,0,1,1,0,23,0,0,0,1,0,0,15,41,0,25,0,16,0,0,0,3,10,12,0,0,0,0,0,1,6,9,0,0
"IA","IOWA","1906750","Centerville Comm School District","00275","Centerville High School","190675000275","MISSING",0,0,0,2,0,0,22,0,0,0,0,0,0,13,37,2,22,0,13,0,0,0,3,4,17,0,0,0,0,0,1,4,8,0,0
"IA","IOWA","1930930","West Des Moines Comm School District","01789","Clive Learning Academy","193093001789","MISSING",0,1,5,11,5,0,21,1,0,6,5,4,0,15,74,10,33,4,27,0,0,0,3,12,28,0,0,0,0,0,0,9,22,0,0
"IA","IOWA","1903090","Adair-Casey Comm School District","02236","Adair-Casey Jr. High School","190309002236","MISSING",0,0,0,0,0,0,7,0,0,0,0,0,0,1,8,0,7,0,1,0,0,0,1,1,5,0,0,0,0,0,0,0,1,0,0
"IA","IOWA","1921600","Odebolt Arthur Battle Creek Ida Grove Comm School District","02248","Odebolt Arthur Battle Creek Ida Grove High School","192160002248","MISSING",0,0,0,3,0,0,21,0,0,0,0,0,0,14,38,2,22,0,14,0,0,0,0,2,22,0,0,0,0,0,0,3,11,0,0
"IA","IOWA","1928680","Urbandale Comm School District","01659","Urbandale High School","192868001659","MISSING",0,0,10,15,8,0,50,0,1,2,6,1,0,38,131,20,63,7,41,0,1,0,8,20,54,0,0,0,0,0,3,6,38,1,0
"IA","IOWA","1914880","IKM-Manning Comm School District","00911","Irwin Elementary School","191488000911","MISSING",0,0,0,1,0,0,19,0,0,0,0,0,0,9,29,0,20,0,9,0,0,0,0,3,17,0,0,0,0,0,1,0,8,0,0
"IA","IOWA","1930630","Webster City Comm School District","01763","Sunset Heights Elementary School","193063001763","MISSING",0,0,0,6,3,0,17,0,0,0,2,0,0,3,31,3,23,1,4,0,0,0,0,0,26,0,0,0,0,0,0,0,5,0,0
"IA","IOWA","1930930","West Des Moines Comm School District","00168","Jordan Creek Elementary School","193093000168","MISSING",0,4,4,7,3,0,36,0,1,3,5,2,0,15,80,7,47,3,23,0,0,0,6,10,38,0,0,0,0,0,1,10,15,0,0
"IA","IOWA","1913500","Harlan Comm School District","00825","Harlan Primary","191350000825","MISSING",0,0,0,6,4,0,16,0,0,0,2,0,0,16,44,4,22,0,18,0,0,0,0,0,26,0,0,0,0,1,0,2,15,0,0
"IA","IOWA","1913500","Harlan Comm School District","00826","Harlan  Intermediate School","191350000826","MISSING",0,0,0,3,2,0,23,0,0,0,1,2,0,21,52,2,26,1,23,0,0,0,0,3,23,0,2,0,0,0,0,4,20,0,0
"IA","IOWA","1930930","West Des Moines Comm School District","01796","Stilwell Junior High School","193093001796","MISSING",1,0,10,8,7,0,37,0,0,5,2,2,0,17,89,9,54,6,20,0,0,0,0,13,50,0,0,0,0,0,1,6,19,0,0
"IA","IOWA","1906750","Centerville Comm School District","00280","Lakeview Elementary","190675000280","MISSING",0,0,1,5,1,0,50,0,0,0,0,0,0,33,90,0,57,0,33,0,0,0,0,4,53,0,0,0,0,0,0,1,32,0,0
"IA","IOWA","1918840","MOC-Floyd Valley Comm School District","00710","Orange City Elementary School","191884000710","MISSING",1,1,1,9,1,0,34,0,1,1,3,1,0,15,68,6,41,2,19,0,0,0,0,4,42,0,1,0,0,0,0,4,17,0,0
"IA","IOWA","1928680","Urbandale Comm School District","01413","Webster Elementary School","192868001413","MISSING",0,4,2,4,4,0,24,0,0,0,1,0,0,20,59,9,29,2,19,0,0,0,0,12,26,0,0,0,0,0,1,4,16,0,0
"IA","IOWA","1999017","PCM Comm School District","02063","Monroe Elementary School","199901702063","MISSING",0,0,0,0,0,0,18,0,0,0,0,0,0,11,29,0,18,0,11,0,0,0,0,2,16,0,0,0,0,0,0,3,8,0,0
"IA","IOWA","1930930","West Des Moines Comm School District","01793","Indian Hills Junior High School","193093001793","MISSING",0,1,11,21,3,0,23,1,0,10,12,0,0,12,94,16,43,13,22,0,0,0,5,8,46,0,0,0,0,0,1,3,31,0,0
"IA","IOWA","1999017","PCM Comm School District","02062","Prairie City Elementary School","199901702062","MISSING",1,0,0,2,2,0,14,0,0,0,0,0,0,7,26,0,19,0,7,0,0,0,1,3,15,0,0,0,0,0,0,1,6,0,0
"IA","IOWA","1914880","IKM-Manning Comm School District","01050","IKM-Manning High School","191488001050","MISSING",0,0,0,3,0,0,18,0,0,0,0,0,0,9,30,2,19,0,9,0,0,0,0,8,13,0,0,0,0,0,0,3,6,0,0
"IA","IOWA","1927500","West Central Valley Comm School District","00671","Dexter Elementary School","192750000671","MISSING",0,0,0,1,0,0,16,0,0,0,1,0,0,14,32,1,16,0,15,0,0,0,0,4,13,0,0,0,0,0,0,3,12,0,0
"IA","IOWA","1930630","Webster City Comm School District","01765","Webster City Middle School","193063001765","MISSING",0,0,0,6,2,0,26,0,0,0,5,3,0,13,55,4,30,2,19,0,0,1,0,3,30,0,0,0,0,0,0,1,19,1,0
"IA","IOWA","1905430","West Hancock Comm School District","00928","West Hancock Middle School","190543000928","MISSING",0,0,0,1,0,0,7,0,0,1,2,1,0,2,14,1,7,1,5,0,0,0,0,0,8,0,0,0,0,0,0,1,5,0,0
"IA","IOWA","1921600","Odebolt Arthur Battle Creek Ida Grove Comm School District","02247","Odebolt Arthur Battle Creek Ida Grove Elementary-Ida Grove","192160002247","MISSING",0,0,0,1,0,0,29,0,0,0,5,0,0,14,49,1,29,1,18,0,0,0,0,2,27,0,1,0,0,0,0,4,15,0,0
"IA","IOWA","1928680","Urbandale Comm School District","01656","Karen Acres Elementary School","192868001656","MISSING",0,5,2,7,3,0,24,0,0,2,3,1,0,7,54,10,31,3,10,0,0,0,0,9,32,0,0,0,0,0,0,4,9,0,0
"IA","IOWA","1930630","Webster City Comm School District","01888","Northeast Hamilton Elementary School","193063001888","MISSING",0,0,0,3,0,0,11,0,0,0,0,0,0,4,18,1,13,0,4,0,0,0,0,1,13,0,0,0,0,0,0,0,4,0,0
"IA","IOWA","1913380","H-L-V Comm School District","00808","H-L-V Junior-Senior High School","191338000808","MISSING",0,0,0,0,1,0,13,0,0,0,0,0,0,5,19,0,14,0,5,0,0,0,0,1,13,0,0,0,0,0,0,0,5,0,0
"IA","IOWA","1918840","MOC-Floyd Valley Comm School District","01112","MOC-Floyd Valley High School","191884001112","MISSING",1,0,2,9,0,0,25,0,0,0,6,1,0,18,62,6,31,5,20,0,0,0,3,11,23,0,0,0,0,0,1,7,17,0,0
"IA","IOWA","1913500","Harlan Comm School District","00821","Harlan High School","191350000821","MISSING",1,0,1,1,1,1,25,0,0,0,3,0,0,8,41,2,28,1,10,0,0,0,0,18,12,0,0,0,0,0,0,6,5,0,0
"IA","IOWA","1930930","West Des Moines Comm School District","01797","Valley High School","193093001797","MISSING",2,4,14,20,2,0,79,1,1,7,6,7,0,36,179,13,108,7,51,1,0,0,20,32,67,1,0,0,0,0,12,16,30,0,0
"IA","IOWA","1921600","Odebolt Arthur Battle Creek Ida Grove Comm School District","01285","Odebolt Arthur Battle Creek Ida Grove Middle School","192160001285","MISSING",0,0,0,1,0,0,13,0,0,0,0,0,0,12,26,0,14,0,12,0,0,0,0,0,14,0,0,0,0,0,0,0,12,0,0
"IA","IOWA","1913500","Harlan Comm School District","00822","Harlan Community Middle School","191350000822","MISSING",0,1,1,2,0,0,25,0,0,0,0,0,0,13,42,1,28,0,13,0,0,0,0,4,24,1,0,0,0,0,0,7,6,0,0
"IA","IOWA","1928680","Urbandale Comm School District","01660","Urbandale Middle School","192868001660","MISSING",1,2,6,17,4,0,51,0,0,4,5,5,0,22,117,16,65,4,32,0,0,0,2,26,53,0,0,0,0,0,1,9,25,1,0
"IA","IOWA","1930630","Webster City Comm School District","01764","Webster City High School","193063001764","MISSING",0,2,0,8,1,0,28,1,0,0,9,0,0,16,65,6,33,7,19,1,0,0,0,3,35,0,0,0,1,0,1,1,23,0,0
"IA","IOWA","1906750","Centerville Comm School District","00279","Howar Middle School","190675000279","MISSING",0,1,1,0,0,0,17,0,0,0,0,0,0,14,33,0,19,0,14,0,0,0,0,5,14,0,0,0,0,0,0,0,14,0,0
"IA","IOWA","1903060","AGWSR Comm School District","01383","The Cougars Den","190306001383","MISSING",0,0,0,0,0,0,0,0,0,0,0,0,0,1,1,0,0,0,1,0,0,0,0,0,0,0,0,0,0,0,0,1,0,0,0
"IA","IOWA","1930930","West Des Moines Comm School District","01791","Crossroads Park Elementary School","193093001791","MISSING",0,2,5,6,5,0,31,0,0,4,7,1,0,13,74,7,42,5,20,0,0,0,5,16,28,0,0,0,0,0,3,8,14,0,0
"IA","IOWA","1903060","AGWSR Comm School District","00634","AGWSR Middle School","190306000634","MISSING",0,0,0,3,1,0,15,0,0,0,1,0,0,7,27,1,18,0,8,0,0,0,1,1,17,0,0,0,0,0,0,0,8,0,0
"IA","IOWA","1913380","H-L-V Comm School District","01993","H-L-V Elementary School","191338001993","MISSING",0,0,2,1,0,0,10,0,0,0,0,1,0,3,17,0,13,0,4,0,0,0,0,3,9,0,1,0,0,0,0,1,3,0,0
"IA","IOWA","1911850","Fort Madison Comm School District","00736","Lincoln Elementary School","191185000736","MISSING",1,0,0,5,1,0,30,0,0,0,0,1,0,14,52,0,37,0,15,0,0,3,3,3,28,0,0,0,0,0,0,4,11,0,0
"IA","IOWA","1913200","Grinnell-Newburg Comm School District","00793","Grinnell Community Middle School","191320000793","MISSING",1,0,0,0,2,0,33,0,1,2,1,1,0,20,61,0,36,1,24,0,0,0,1,1,34,0,0,0,0,0,0,3,22,0,0
"IA","IOWA","1920580","Newell-Fonda Comm School District","00713","Newell-Fonda Middle Sch.","192058000713","MISSING",0,0,0,0,0,1,5,0,0,0,0,1,0,1,8,1,5,0,2,0,0,0,0,0,6,0,0,0,0,0,0,0,2,0,0
"IA","IOWA","1900006","North Fayette Valley Comm School District","02253","Valley Elementary School","190000602253","MISSING",0,0,0,1,0,0,17,0,0,0,0,0,0,5,23,1,17,0,5,0,0,0,1,6,11,0,0,0,0,0,0,0,5,0,0
"IA","IOWA","1925620","Seymour Comm School District","01465","Seymour High School","192562001465","MISSING",0,0,0,1,0,0,10,0,0,0,0,0,0,6,17,0,11,0,6,0,0,0,0,3,8,0,0,0,0,0,0,0,6,0,0
"IA","IOWA","1911850","Fort Madison Comm School District","00737","Richardson Elementary School","191185000737","MISSING",0,0,0,2,2,0,33,0,0,0,0,1,0,17,55,0,37,0,18,0,0,0,1,5,31,0,0,0,0,0,0,2,16,0,0
"IA","IOWA","1900040","East Marshall Comm School District","00132","East Marshall Elementary School","190004000132","MISSING",0,0,1,0,0,0,18,0,0,0,2,1,0,15,37,0,19,0,18,0,0,0,1,1,17,0,0,0,0,0,0,2,16,0,0
"IA","IOWA","1930780","West Burlington Ind School District","01775","West Burlington Elem School","193078001775","MISSING",0,0,3,0,2,0,26,0,1,0,3,1,0,12,48,0,31,0,17,0,0,0,1,1,29,0,0,0,0,1,1,0,15,0,0
"IA","IOWA","1911850","Fort Madison Comm School District","00734","Fort Madison Middle School","191185000734","MISSING",0,0,5,4,3,1,70,0,0,2,1,2,0,27,115,0,83,0,32,0,0,1,5,17,60,0,0,0,0,0,1,3,28,0,0
"IA","IOWA","1920580","Newell-Fonda Comm School District","01217","Newell-Fonda Elementary","192058001217","MISSING",0,0,0,2,0,0,14,0,0,0,1,0,0,5,22,0,16,1,5,0,0,0,0,0,16,0,0,0,0,0,0,0,6,0,0
"IA","IOWA","1920190","Nashua-Plainfield Comm School District","01196","Nashua-Plainfield Elementary School","192019001196","MISSING",0,0,2,0,0,0,20,0,1,0,0,0,0,10,33,0,22,0,11,0,0,0,0,2,20,0,0,0,0,0,0,1,10,0,0
"IA","IOWA","1918930","Mediapolis Comm School District","01117","Mediapolis Elementary School","191893001117","MISSING",0,0,0,0,3,0,31,0,0,0,0,0,0,18,52,0,34,0,18,0,0,0,0,4,30,0,0,0,0,0,1,4,13,0,0
"IA","IOWA","1930780","West Burlington Ind School District","01776","West Burlington High School","193078001776","MISSING",0,0,2,3,1,0,11,0,0,2,2,1,0,12,34,0,17,0,17,0,0,0,0,1,15,0,1,0,0,0,0,2,15,0,0
"IA","IOWA","1900006","North Fayette Valley Comm School District","02255","North Fayette Valley Middle School","190000602255","MISSING",0,0,0,1,0,0,27,0,0,0,0,1,0,11,40,1,27,0,12,0,0,0,6,2,20,0,0,0,0,0,0,1,11,0,0
"IA","IOWA","1918930","Mediapolis Comm School District","01119","Middle School","191893001119","MISSING",0,0,1,0,1,1,12,0,0,0,0,0,0,9,24,0,15,0,9,0,0,0,0,0,15,0,0,0,0,0,0,1,8,0,0
"IA","IOWA","1915180","Janesville Consolidated School District","00914","Janesville Junior-Senior High School","191518000914","MISSING",1,0,0,0,1,0,14,0,0,0,1,0,0,8,25,0,16,0,9,0,0,0,0,0,16,0,0,0,0,0,0,1,8,0,0
"IA","IOWA","1910340","River Valley Comm School District","00657","River Valley Elementary","191034000657","MISSING",0,0,0,2,1,0,15,0,0,0,0,0,0,5,23,0,18,0,5,0,0,0,1,1,16,0,0,0,0,0,0,0,5,0,0
"IA","IOWA","1915180","Janesville Consolidated School District","00913","Janesville Elementary School","191518000913","MISSING",0,0,0,0,1,0,17,0,0,0,0,0,0,8,26,0,18,0,8,0,0,0,0,0,18,0,0,0,0,0,0,0,8,0,0
"IA","IOWA","1930780","West Burlington Ind School District","01777","West Burlington Junior High School","193078001777","MISSING",0,1,2,4,1,0,10,0,0,1,0,2,0,7,28,1,17,1,9,0,0,0,0,2,16,0,0,0,0,0,0,0,10,0,0
"IA","IOWA","1905190","Boyden-Hull Comm School District","00166","Boyden-Hull Elementary School","190519000166","MISSING",0,0,0,9,0,0,13,0,0,0,8,0,0,8,38,7,15,8,8,0,0,0,0,4,18,0,0,0,0,0,0,1,15,0,0
"IA","IOWA","1913200","Grinnell-Newburg Comm School District","00792","Grinnell Community Senior High School","191320000792","MISSING",0,1,0,1,5,0,26,0,0,0,1,1,0,14,49,0,33,0,16,0,0,0,6,12,15,0,0,0,0,0,0,3,13,0,0
"IA","IOWA","1925620","Seymour Comm School District","01464","Seymour Elementary School","192562001464","MISSING",0,0,0,0,0,0,15,0,0,0,0,0,0,8,23,0,15,0,8,0,0,0,0,1,14,0,0,0,0,0,0,0,8,0,0
"IA","IOWA","1905190","Boyden-Hull Comm School District","00167","Boyden-Hull High School","190519000167","MISSING",0,0,0,3,0,0,28,0,0,0,8,0,0,10,49,2,29,8,10,0,0,0,0,12,19,0,0,0,0,0,0,4,14,0,0
"IA","IOWA","1920910","North Polk Comm School District","01923","North Polk Central Elementary School","192091001923","MISSING",0,0,0,0,2,0,14,0,0,0,0,2,0,11,29,0,16,0,13,0,0,0,0,3,13,0,0,0,0,0,0,4,9,0,0
"IA","IOWA","1910340","River Valley Comm School District","00658","River Valley Junior- Senior High School","191034000658","MISSING",0,1,0,1,0,0,12,0,0,0,2,1,0,7,24,0,14,1,9,0,0,0,0,5,9,0,0,0,0,0,1,2,7,0,0
"IA","IOWA","1900040","East Marshall Comm School District","00117","East Marshall Senior High School","190004000117","MISSING",0,0,0,1,0,0,11,0,0,0,0,1,0,7,20,0,12,0,8,0,0,0,0,3,9,0,0,0,0,0,0,1,7,0,0
"IA","IOWA","1900006","North Fayette Valley Comm School District","02191","Fayette Elementary","190000602191","MISSING",0,0,0,1,0,0,7,0,0,0,0,0,0,4,12,1,7,0,4,0,0,0,0,0,7,1,0,0,0,0,0,0,4,0,0
"IA","IOWA","1913200","Grinnell-Newburg Comm School District","00789","Bailey Park Elementary School","191320000789","MISSING",1,0,1,2,5,0,11,1,0,0,0,1,0,4,26,0,20,0,6,0,0,0,1,0,19,0,0,0,0,0,0,0,6,0,0
"IA","IOWA","1913440","Hamburg Comm School District","02235","Hamburg Middle School","191344002235","MISSING",0,0,0,0,1,0,6,0,0,0,0,0,0,6,13,0,7,0,6,0,0,0,0,1,6,0,0,0,0,0,0,0,6,0,0
"IA","IOWA","1920910","North Polk Comm School District","01249","North Polk West Elementary School","192091001249","MISSING",0,1,1,0,4,0,12,0,0,0,0,0,0,5,23,0,18,0,5,0,0,0,0,1,17,0,0,0,0,0,0,1,4,0,0
"IA","IOWA","1920580","Newell-Fonda Comm School District","01218","Newell-Fonda High School","192058001218","MISSING",0,0,0,0,0,0,5,0,0,0,2,1,0,5,13,0,5,2,6,0,0,0,0,0,5,0,0,0,0,0,0,0,8,0,0
"IA","IOWA","1911850","Fort Madison Comm School District","00733","Fort Madison High School","191185000733","MISSING",0,1,2,4,3,0,32,0,0,2,1,3,0,29,77,0,42,0,35,0,0,0,10,7,25,0,0,0,0,0,6,9,20,0,0
"IA","IOWA","1918930","Mediapolis Comm School District","01118","Mediapolis High School","191893001118","MISSING",0,0,0,1,1,0,22,0,0,0,0,1,0,5,30,0,24,0,6,0,0,0,1,3,20,0,0,0,0,0,0,0,6,0,0
"IA","IOWA","1900006","North Fayette Valley Comm School District","01232","North Fayette Valley High School","190000601232","MISSING",0,0,0,2,2,0,35,0,0,0,0,0,0,9,48,0,39,0,9,3,0,0,5,7,24,0,0,0,0,0,0,0,9,0,0
"IA","IOWA","1920910","North Polk Comm School District","02095","North Polk Middle School","192091002095","MISSING",0,0,0,2,0,0,25,0,0,1,1,1,0,10,40,0,27,1,12,0,0,0,0,1,26,0,0,0,0,0,0,2,11,0,0
"IA","IOWA","1920190","Nashua-Plainfield Comm School District","01197","Nashua-Plainfield Junior-SeniorHigh School","192019001197","MISSING",0,0,1,0,0,0,24,0,0,0,0,0,0,20,45,0,25,0,20,0,0,0,0,2,23,0,0,0,0,0,0,0,19,0,1
"IA","IOWA","1900006","North Fayette Valley Comm School District","01234","West Union  Elementary School","190000601234","MISSING",0,0,0,0,2,0,25,0,0,0,0,0,0,9,36,0,27,0,9,0,0,0,0,2,25,0,0,0,0,0,0,0,9,0,0
"IA","IOWA","1900040","East Marshall Comm School District","00121","East Marshall Middle School","190004000121","MISSING",0,0,2,1,4,0,23,0,0,0,2,1,0,7,40,1,29,0,10,0,0,0,2,2,26,0,0,0,0,0,0,3,7,0,0
"IA","IOWA","1913440","Hamburg Comm School District","00812","Marnie Simons Elementary School","191344000812","MISSING",0,0,0,0,0,0,12,0,0,0,1,0,0,6,19,0,12,0,7,0,0,0,0,0,12,0,0,0,0,0,0,0,7,0,0
"IA","IOWA","1920910","North Polk Comm School District","01248","North Polk High School","192091001248","MISSING",0,0,0,0,1,0,13,0,0,0,1,1,0,9,25,0,14,0,11,0,0,0,1,1,12,0,0,0,0,0,1,1,9,0,0
"IA","IOWA","1913200","Grinnell-Newburg Comm School District","00790","Davis Elementary School","191320000790","MISSING",0,0,2,1,3,0,13,0,0,0,1,0,0,12,32,0,19,0,13,0,0,0,2,1,16,0,0,0,0,0,0,3,10,0,0
"IA","IOWA","1913200","Grinnell-Newburg Comm School District","00791","Fairview Elementary School","191320000791","MISSING",0,0,0,0,0,0,14,0,1,0,0,0,0,10,25,0,14,0,11,0,0,0,1,1,12,0,0,0,0,0,3,0,8,0,0
"IA","IOWA","1908220","Council Bluffs Comm School District","00409","Abraham Lincoln High School","190822000409","MISSING",2,0,8,14,11,1,127,2,2,2,14,3,0,64,250,13,150,8,79,1,0,0,45,32,73,1,11,0,0,0,13,18,51,0,5
"IA","IOWA","1930510","Waukee Comm School District","01744","Waukee High School","193051001744","MISSING",0,2,13,8,3,0,63,0,1,8,4,2,0,29,133,8,81,5,39,0,0,0,14,50,24,1,0,0,0,0,5,27,11,0,1
"IA","IOWA","1930510","Waukee Comm School District","00699","Brookview Elementary School","193051000699","MISSING",0,4,3,3,2,0,21,0,0,4,4,1,0,17,59,8,25,3,23,0,0,0,1,10,22,0,0,0,0,0,1,9,16,0,0
"IA","IOWA","1908220","Council Bluffs Comm School District","00418","Franklin Elementary School","190822000418","MISSING",0,0,2,8,3,0,24,0,1,0,1,1,0,16,56,4,33,1,18,0,0,0,1,1,35,0,0,0,0,0,0,3,16,0,0
"IA","IOWA","1908220","Council Bluffs Comm School District","00422","Hoover Elementary School","190822000422","MISSING",0,0,2,5,3,0,41,0,0,1,2,1,0,20,75,1,50,0,24,0,0,0,8,4,30,2,7,0,0,0,9,2,11,1,1
"IA","IOWA","1922440","Pekin Comm School District","01343","Pekin Community Junior/ Senior High School","192244001343","MISSING",0,0,0,0,0,0,21,1,0,0,0,1,0,9,32,0,21,0,11,0,0,0,0,1,20,0,0,0,0,0,0,1,10,0,0
"IA","IOWA","1930510","Waukee Comm School District","02130","Shuler Elementary School","193051002130","MISSING",0,1,4,0,1,0,22,0,3,1,0,1,0,13,46,2,26,2,16,0,0,0,2,5,21,0,0,0,0,0,0,3,15,0,0
"IA","IOWA","1925200","St Ansgar Comm School District","01440","St Ansgar Middle School","192520001440","MISSING",0,0,0,0,0,0,10,0,0,0,0,0,0,3,13,0,10,0,3,0,0,0,0,2,8,0,0,0,0,0,0,1,2,0,0
"IA","IOWA","1917460","Logan-Magnolia Comm School District","01014","Logan-Magnolia Jr-Sr High School","191746001014","MISSING",0,0,0,0,1,0,9,0,0,0,1,0,0,6,17,0,10,0,7,0,0,0,0,1,9,0,0,0,0,0,1,1,5,0,0
"IA","IOWA","1924120","Remsen-Union Comm School District","01995","Remsen-Union Middle School","192412001995","MISSING",1,0,0,0,0,0,14,0,0,0,0,0,0,13,28,0,15,0,13,0,0,0,2,1,12,0,0,0,0,0,0,3,10,0,0
"IA","IOWA","1930510","Waukee Comm School District","02222","Timberline School","193051002222","MISSING",0,1,7,3,8,0,33,0,0,6,4,2,0,14,78,8,44,6,20,0,0,0,3,17,32,0,0,0,0,0,1,8,17,0,0
"IA","IOWA","1929730","Wapello Comm School District","01927","Wapello Junior High School","192973001927","MISSING",0,0,0,1,2,0,9,2,0,0,0,0,0,6,20,1,11,0,8,0,0,0,0,1,11,0,0,0,0,0,1,0,7,0,0
"IA","IOWA","1930510","Waukee Comm School District","02190","Woodland Hills Elementary School","193051002190","MISSING",0,5,7,5,2,0,22,0,2,3,1,1,0,17,65,9,32,4,20,0,0,0,6,10,25,0,0,0,0,0,3,3,18,0,0
"IA","IOWA","1930510","Waukee Comm School District","00958","Walnut Hills Elementary School","193051000958","MISSING",0,2,2,2,2,0,34,0,1,0,1,1,0,15,60,0,42,2,16,0,0,0,3,8,31,0,0,0,0,0,0,6,12,0,0
"IA","IOWA","1921630","Oelwein Comm School District","01292","Wings Park Elementary School","192163001292","MISSING",0,1,1,2,2,0,37,0,1,0,4,2,0,27,77,0,43,0,34,0,0,0,0,5,38,0,0,0,0,0,0,3,31,0,0
"IA","IOWA","1906660","Center Point-Urbana Comm School District","02041","Center Point-Urbana Middle School","190666002041","MISSING",0,0,0,2,2,0,31,0,0,0,0,2,0,14,51,0,35,0,16,0,0,0,1,0,34,0,0,0,0,0,0,1,15,0,0
"IA","IOWA","1930510","Waukee Comm School District","01742","Waukee Elementary School","193051001742","MISSING",0,1,0,2,4,0,40,0,0,1,1,0,0,21,70,3,44,0,23,0,0,1,5,9,32,0,0,0,0,0,2,4,17,0,0
"IA","IOWA","1930510","Waukee Comm School District","00299","Eason Elementary School","193051000299","MISSING",0,1,3,2,2,0,24,0,0,2,0,1,0,19,54,1,31,0,22,0,0,0,0,6,26,0,0,0,0,0,0,4,18,0,0
"IA","IOWA","1908220","Council Bluffs Comm School District","00414","Crescent Elementary School","190822000414","MISSING",0,0,1,0,0,0,2,0,0,0,0,0,0,2,5,0,3,0,2,0,0,0,0,0,3,0,0,0,0,0,0,0,2,0,0
"IA","IOWA","1908220","Council Bluffs Comm School District","00440","Woodrow Wilson Middle School","190822000440","MISSING",0,1,7,18,11,0,91,1,0,5,12,5,0,65,216,10,118,9,79,0,0,0,13,28,76,1,10,0,0,0,7,14,63,0,4
"IA","IOWA","1930510","Waukee Comm School District","01503","Maple Grove Elementary School","193051001503","MISSING",0,3,2,4,4,0,36,0,5,0,3,2,0,9,68,3,46,3,16,0,0,0,0,18,31,0,0,0,0,0,1,3,15,0,0
"IA","IOWA","1930510","Waukee Comm School District","01743","Waukee Middle School","193051001743","MISSING",0,2,5,5,2,0,33,0,0,2,4,2,0,28,83,3,44,4,32,0,0,0,4,8,35,0,0,0,0,0,1,4,31,0,0
"IA","IOWA","1929730","Wapello Comm School District","01691","Wapello Elementary School","192973001691","MISSING",0,0,0,1,1,0,21,0,0,0,0,0,0,3,26,1,22,0,3,0,0,0,0,1,22,0,0,0,0,0,0,1,2,0,0
"IA","IOWA","1906660","Center Point-Urbana Comm School District","02150","Center Point-Urbana Intermediate School","190666002150","MISSING",0,0,1,1,1,0,17,0,0,0,0,2,0,8,30,0,20,0,10,0,0,0,0,0,20,0,0,0,0,0,0,1,9,0,0
"IA","IOWA","1908220","Council Bluffs Comm School District","00413","Carter Lake Elementary School","190822000413","MISSING",1,0,2,5,2,0,34,0,0,1,2,2,0,21,70,1,43,1,25,0,0,0,9,5,29,0,1,0,0,0,5,5,16,0,0
"IA","IOWA","1929730","Wapello Comm School District","01692","Wapello Senior High School","192973001692","MISSING",0,0,0,0,1,1,14,0,0,0,1,0,0,12,29,0,16,1,12,0,0,0,1,0,15,0,0,0,0,0,0,0,13,0,0
"IA","IOWA","1908220","Council Bluffs Comm School District","00433","Rue Elementary School","190822000433","MISSING",0,2,0,7,1,0,29,0,0,0,1,2,0,16,58,3,36,1,18,0,0,0,6,9,24,0,0,0,0,0,1,4,14,0,0
"IA","IOWA","1926580","Solon Comm School District","01542","Lakeview Elementary","192658001542","MISSING",0,0,0,1,1,0,15,0,0,0,0,0,0,6,23,1,16,0,6,0,0,0,0,4,13,0,0,0,0,0,0,0,6,0,0
"IA","IOWA","1925200","St Ansgar Comm School District","01441","St Ansgar Elementary School","192520001441","MISSING",0,0,1,0,0,0,19,0,0,1,1,0,0,7,29,0,20,0,9,0,0,0,0,5,15,0,0,0,0,0,0,3,6,0,0
"IA","IOWA","1926580","Solon Comm School District","02254","Solon Intermediate","192658002254","MISSING",0,0,0,0,0,0,8,0,0,0,0,0,0,9,17,0,8,0,9,0,0,0,0,1,7,0,0,0,0,0,0,1,8,0,0
"IA","IOWA","1906660","Center Point-Urbana Comm School District","00272","Center Point-Urbana High School","190666000272","MISSING",0,0,1,0,2,0,22,0,0,0,0,1,0,17,43,0,25,0,18,0,0,0,1,6,18,0,0,0,0,0,0,3,15,0,0
"IA","IOWA","1921630","Oelwein Comm School District","01288","Oelwein High School","192163001288","MISSING",0,0,3,2,6,0,34,0,0,2,0,2,0,22,71,0,45,0,26,0,0,0,6,3,35,0,1,0,0,0,1,4,21,0,0
"IA","IOWA","1926580","Solon Comm School District","00707","Solon Middle School","192658000707","MISSING",0,0,0,1,0,0,18,0,0,0,0,1,0,14,34,0,19,0,15,0,0,0,0,3,16,0,0,0,0,0,0,2,13,0,0
"IA","IOWA","1908220","Council Bluffs Comm School District","00411","Bloomer Elementary School","190822000411","MISSING",0,0,1,0,2,0,30,0,0,2,0,0,0,17,52,4,29,0,19,0,0,0,0,6,25,1,1,0,0,0,0,6,12,0,1
"IA","IOWA","1908220","Council Bluffs Comm School District","00416","Edison Elementary School","190822000416","MISSING",0,0,2,7,4,0,37,0,0,0,4,1,0,15,70,4,46,1,19,0,0,0,11,1,37,0,1,0,0,0,0,2,17,0,1
"IA","IOWA","1930510","Waukee Comm School District","02234","Grant Ragan Elementary School","193051002234","MISSING",0,2,2,5,3,0,21,0,0,1,1,3,0,13,51,7,26,0,18,0,0,0,4,11,18,0,0,0,0,0,0,3,15,0,0
"IA","IOWA","1922440","Pekin Comm School District","01345","Pekin Elementary School","192244001345","MISSING",0,0,0,1,0,0,33,0,0,0,0,0,0,18,52,0,34,0,18,0,0,0,2,5,27,0,0,0,0,0,0,2,16,0,0
"IA","IOWA","1906660","Center Point-Urbana Comm School District","00273","Center Point-Urbana Primary School","190666000273","MISSING",0,0,0,0,1,0,16,0,0,0,0,0,0,10,27,0,17,0,10,0,0,0,0,1,16,0,0,0,0,0,0,0,10,0,0
"IA","IOWA","1908220","Council Bluffs Comm School District","02146","College View Elementary","190822002146","MISSING",0,0,2,4,1,0,38,0,0,0,1,0,0,22,68,0,45,0,23,0,0,0,11,2,27,0,5,0,0,1,5,1,16,0,0
"IA","IOWA","1926580","Solon Comm School District","01543","Solon High School","192658001543","MISSING",0,0,1,5,0,0,18,0,0,0,0,1,0,9,34,0,24,0,10,0,0,0,2,5,17,0,0,0,0,0,0,2,8,0,0
"IA","IOWA","1908220","Council Bluffs Comm School District","00435","Thomas Jefferson High School","190822000435","MISSING",1,1,9,28,5,0,133,0,0,7,19,3,0,91,297,12,165,8,112,0,0,1,41,56,65,2,12,0,0,0,18,25,70,2,5
"IA","IOWA","1921630","Oelwein Comm School District","00706","Little Husky Learning Center","192163000706","MISSING",0,0,0,2,0,0,8,0,0,0,0,0,0,4,14,0,10,0,4,0,0,0,0,0,10,0,0,0,0,0,0,0,4,0,0
"IA","IOWA","1908220","Council Bluffs Comm School District","00424","Lewis & Clark Elementary School","190822000424","MISSING",1,0,2,1,2,0,29,0,0,1,0,1,0,12,49,2,33,0,14,0,0,0,9,4,20,0,2,0,0,0,1,1,12,0,0
"IA","IOWA","1930510","Waukee Comm School District","02249","Radiant Elementary School","193051002249","MISSING",0,3,6,2,3,0,19,1,1,4,1,0,0,16,56,9,24,12,11,0,0,0,0,9,24,0,0,0,0,0,1,6,16,0,0
"IA","IOWA","1908220","Council Bluffs Comm School District","00419","Gerald W Kirn Middle School","190822000419","MISSING",0,1,5,17,5,0,102,0,1,2,7,3,0,55,198,13,117,7,61,0,0,0,33,21,69,0,7,0,0,0,7,10,47,1,3
"IA","IOWA","1921630","Oelwein Comm School District","01289","Oelwein Middle School","192163001289","MISSING",0,0,2,2,5,0,42,0,0,0,2,3,0,27,83,0,51,0,32,0,0,0,2,7,41,0,1,0,0,0,1,2,29,0,0
"IA","IOWA","1917460","Logan-Magnolia Comm School District","01013","Logan-Magnolia Elementary School","191746001013","MISSING",0,0,0,0,0,0,22,0,0,0,0,0,0,17,39,0,22,0,17,0,0,0,0,1,20,0,1,0,0,0,0,3,14,0,0
"IA","IOWA","1904560","Bedford Comm School District","00122","Bedford Elementary School","190456000122","MISSING",0,0,1,1,0,0,20,0,0,0,0,0,0,12,34,0,22,0,12,0,0,0,0,8,14,0,0,0,0,0,0,4,8,0,0
"IA","IOWA","1924120","Remsen-Union Comm School District","01405","Remsen-Union Elementary School","192412001405","MISSING",0,0,1,0,0,3,9,0,0,0,0,0,0,3,16,3,10,0,3,0,0,2,0,3,8,0,0,0,0,0,0,0,3,0,0
"IA","IOWA","1908220","Council Bluffs Comm School District","00431","Roosevelt Elementary School","190822000431","MISSING",3,0,4,2,5,0,32,0,0,3,2,1,0,17,69,2,44,1,22,0,0,0,9,8,29,0,0,0,0,0,5,4,14,0,0
"IA","IOWA","1908220","Council Bluffs Comm School District","00425","Longfellow Elementary School","190822000425","MISSING",1,0,2,2,3,0,37,0,1,0,3,1,0,13,63,1,44,2,16,0,0,0,1,5,39,0,0,0,0,0,2,2,14,0,0
"IA","IOWA","1904560","Bedford Comm School District","00120","Bedford High School","190456000120","MISSING",0,0,0,1,0,0,22,0,0,0,1,1,0,8,33,0,23,0,10,0,0,0,1,3,19,0,0,0,0,0,0,5,5,0,0
"IA","IOWA","1930510","Waukee Comm School District","02116","South Middle School","193051002116","MISSING",1,0,14,2,4,0,27,1,0,5,2,4,0,21,81,5,43,7,26,0,0,0,3,14,31,0,0,0,0,0,1,7,25,0,0
"IA","IOWA","1925200","St Ansgar Comm School District","01442","St Ansgar High School","192520001442","MISSING",0,0,0,0,1,0,9,1,0,0,0,0,0,3,14,0,10,0,4,0,0,0,0,5,5,0,0,0,0,0,0,1,3,0,0
"IA","IOWA","1930510","Waukee Comm School District","00931","Prairieview School","193051000931","MISSING",1,0,1,4,4,0,37,0,0,2,1,3,0,18,71,3,44,5,19,0,0,0,1,5,41,0,0,0,0,0,0,4,19,0,1
"IA","IOWA","1926400","Sioux City Comm School District","02165","Liberty Elementary School","192640002165","MISSING",7,0,9,28,7,2,10,1,0,4,12,6,1,4,91,18,45,5,23,0,0,0,0,14,49,0,0,0,0,0,0,2,26,0,0
"IA","IOWA","1926400","Sioux City Comm School District","02178","Spalding Park Elementary","192640002178","MISSING",1,0,7,16,5,1,31,0,0,1,9,6,0,11,88,8,53,3,24,0,0,1,10,22,28,0,0,0,0,0,5,8,14,0,0
"IA","IOWA","1926400","Sioux City Comm School District","01513","Hunt Elementary School","192640001513","MISSING",1,0,2,10,0,0,1,2,1,1,7,1,0,3,29,7,7,6,9,0,0,0,0,1,13,0,0,0,0,0,1,3,11,0,0
"IA","IOWA","1922110","Ottumwa Comm School District","01328","Wilson Elementary School","192211001328","MISSING",0,0,2,12,0,1,15,0,0,3,2,0,2,5,42,10,20,4,8,0,0,0,0,5,25,0,0,0,0,0,0,1,11,0,0
"IA","IOWA","1904080","AHSTW Comm School District","02261","AHSTW Intermediate School","190408002261","MISSING",0,0,0,2,1,0,26,0,0,0,0,0,0,7,36,0,29,0,7,0,0,0,0,4,24,0,1,0,0,0,0,1,6,0,0
"IA","IOWA","1926400","Sioux City Comm School District","01533","West High School","192640001533","MISSING",5,3,11,45,6,0,60,5,1,7,27,12,0,38,220,22,108,16,74,0,0,0,36,9,85,0,0,0,0,0,21,2,67,0,0
"IA","IOWA","1926400","Sioux City Comm School District","01498","Bryant Elementary School","192640001498","MISSING",1,1,7,7,3,0,11,1,0,3,6,0,0,4,44,8,22,5,9,0,0,1,1,7,21,0,0,0,0,0,0,4,10,0,0
"IA","IOWA","1926400","Sioux City Comm School District","02089","Unity Elementary School","192640002089","MISSING",1,2,1,20,3,0,28,0,0,1,6,2,0,15,79,13,42,2,22,0,0,0,7,17,31,0,0,0,0,0,4,9,11,0,0
"IA","IOWA","1900023","Sioux Central Comm School District","01896","Sioux Central High","190002301896","MISSING",0,0,0,3,0,0,24,0,0,0,1,0,0,8,36,2,25,1,8,0,0,0,3,2,22,0,0,0,0,0,0,1,8,0,0
"IA","IOWA","1913350","Clayton Ridge Comm School District","00806","Clayton Ridge High School","191335000806","MISSING",0,0,1,0,1,0,15,0,0,0,1,0,0,5,23,0,17,0,6,0,0,0,0,1,15,0,1,0,0,0,0,1,5,0,0
"IA","IOWA","1922110","Ottumwa Comm School District","02200","Douma Elementary School","192211002200","MISSING",0,1,2,5,0,1,15,0,0,0,2,0,0,10,36,5,19,2,10,0,0,0,0,2,22,0,0,0,1,0,0,0,11,0,0
"IA","IOWA","1926400","Sioux City Comm School District","01505","East Middle School","192640001505","MISSING",1,0,7,21,5,2,72,1,0,0,14,1,0,37,161,12,96,4,49,0,0,0,20,10,78,0,0,0,0,0,7,6,40,0,0
"IA","IOWA","1922110","Ottumwa Comm School District","02185","Liberty Elementary School","192211002185","MISSING",1,0,6,19,0,1,47,0,0,2,6,0,2,20,104,18,56,8,22,0,0,0,3,16,55,0,0,0,0,0,2,4,24,0,0
"IA","IOWA","1927060","Springville Comm School District","01587","Springville Secondary School","192706001587","MISSING",0,1,0,0,0,0,13,0,1,0,1,0,0,11,27,1,13,2,11,0,0,0,0,2,12,0,0,0,0,0,0,2,11,0,0
"IA","IOWA","1922110","Ottumwa Comm School District","01320","James Elementary School","192211001320","MISSING",0,1,4,5,1,0,15,0,0,1,3,0,1,9,40,4,22,1,13,0,1,0,0,3,22,0,0,0,1,0,0,1,12,0,0
"IA","IOWA","1926400","Sioux City Comm School District","01534","West Middle School","192640001534","MISSING",5,2,4,39,11,1,52,2,2,3,16,1,0,18,156,24,90,13,29,1,0,0,11,6,96,0,0,0,0,0,3,1,38,0,0
"IA","IOWA","1922110","Ottumwa Comm School District","01315","Eisenhower Elementary School","192211001315","MISSING",1,1,0,0,0,0,8,0,0,0,0,0,0,4,14,0,10,0,4,0,0,0,0,0,10,0,0,0,0,0,0,0,4,0,0
"IA","IOWA","1922110","Ottumwa Comm School District","01319","Horace Mann Elementary School","192211001319","MISSING",0,0,3,5,1,0,7,0,1,1,5,0,0,7,30,5,11,5,9,0,0,1,0,1,14,0,0,0,0,0,0,1,13,0,0
"IA","IOWA","1904080","AHSTW Comm School District","00102","AHSTW High School","190408000102","MISSING",0,0,0,0,0,0,9,0,0,0,1,0,0,5,15,0,9,1,5,0,0,0,1,1,7,0,0,0,0,0,0,0,6,0,0
"IA","IOWA","1922110","Ottumwa Comm School District","01322","Ottumwa High School","192211001322","MISSING",0,0,9,15,4,2,62,0,0,6,6,3,0,33,140,11,81,2,46,0,0,0,8,24,60,0,0,0,0,0,2,15,31,0,0
"IA","IOWA","1926400","Sioux City Comm School District","01526","Riverside Elementary School","192640001526","MISSING",3,2,1,9,2,2,17,0,0,4,3,3,0,3,49,10,26,3,10,0,0,0,13,4,19,0,0,0,0,0,5,2,6,0,0
"IA","IOWA","1926400","Sioux City Comm School District","01530","Sunnyside Elementary School","192640001530","MISSING",0,0,0,2,2,0,23,0,0,0,1,0,0,8,36,1,26,1,8,0,0,0,0,5,22,0,0,0,0,0,0,2,7,0,0
"IA","IOWA","1927060","Springville Comm School District","01586","Springville Elementary School","192706001586","MISSING",0,0,0,1,0,0,12,0,0,0,1,0,0,10,24,0,13,0,11,0,0,0,0,1,12,0,0,0,0,0,0,0,11,0,0
"IA","IOWA","1926400","Sioux City Comm School District","01514","Irving Elementary School","192640001514","MISSING",3,0,6,26,0,0,1,0,0,2,20,0,0,1,59,22,14,16,7,0,0,0,5,8,23,0,0,0,0,0,0,3,20,0,0
"IA","IOWA","1913350","Clayton Ridge Comm School District","00751","Clayton Ridge Middle School","191335000751","MISSING",0,0,0,0,0,0,8,0,0,0,0,0,0,11,19,0,8,0,11,0,1,0,0,0,7,0,0,0,0,0,1,0,10,0,0
"IA","IOWA","1926400","Sioux City Comm School District","02237","Perry Creek Elementary School","192640002237","MISSING",1,0,2,8,7,0,32,2,1,0,3,2,0,16,74,6,44,3,21,0,0,2,4,7,37,0,0,0,0,0,2,3,19,0,0
"IA","IOWA","1926400","Sioux City Comm School District","02220","Morningside Elementary","192640002220","MISSING",1,0,3,10,5,1,30,0,0,1,6,7,0,8,72,4,46,4,18,0,0,0,0,12,38,0,0,0,0,0,0,12,10,0,0
"IA","IOWA","1918750","Martensdale-St Marys Comm School District","01097","Martensdale-St Marys Jr-Sr High School","191875001097","MISSING",0,0,1,0,1,0,16,0,0,0,0,0,0,13,31,0,18,0,13,0,0,0,1,1,16,0,0,0,0,0,0,2,11,0,0
"IA","IOWA","1900023","Sioux Central Comm School District","00835","Sioux Central Middle School","190002300835","MISSING",0,0,0,3,0,0,14,0,0,0,1,0,0,2,20,2,15,1,2,0,0,0,0,7,10,0,0,0,0,0,0,1,2,0,0
"IA","IOWA","1900023","Sioux Central Comm School District","01541","Sioux Central Elementary School","190002301541","MISSING",0,2,0,3,0,0,17,0,0,0,2,0,0,10,34,2,20,1,11,0,0,0,0,0,22,0,0,0,0,0,0,2,10,0,0
"IA","IOWA","1926400","Sioux City Comm School District","01287","North Middle School","192640001287","MISSING",7,3,5,49,7,0,43,2,0,6,25,7,0,26,180,40,74,17,49,0,0,0,9,7,98,0,0,0,0,0,5,5,56,0,0
"IA","IOWA","1922110","Ottumwa Comm School District","01316","Evans Middle School","192211001316","MISSING",0,0,7,19,1,1,56,0,0,4,4,3,0,28,123,14,70,2,37,0,0,0,7,9,68,0,0,0,0,0,0,6,33,0,0
"IA","IOWA","1926400","Sioux City Comm School District","01522","North High School","192640001522","MISSING",4,8,12,46,9,1,59,4,0,8,26,2,0,41,220,45,94,25,56,0,0,0,21,11,105,2,0,1,0,0,11,2,67,0,0
"IA","IOWA","1926400","Sioux City Comm School District","02211","Loess Hills Elementary","192640002211","MISSING",2,0,3,17,3,0,19,1,0,3,9,1,0,15,73,10,34,7,22,0,0,0,6,4,34,0,0,0,0,0,2,2,25,0,0
"IA","IOWA","1913350","Clayton Ridge Comm School District","00807","Clayton Ridge Elementary School","191335000807","MISSING",0,0,0,1,1,0,11,0,0,0,0,0,0,12,25,0,13,0,12,0,0,0,1,0,12,0,0,0,0,0,0,2,10,0,0
"IA","IOWA","1904080","AHSTW Comm School District","00101","AHSTW Primary School","190408000101","MISSING",0,0,1,2,1,0,12,0,0,0,0,1,0,3,20,0,16,0,4,0,0,0,0,0,16,0,0,0,0,0,1,0,3,0,0
"IA","IOWA","1918750","Martensdale-St Marys Comm School District","01096","Martensdale Elementary School","191875001096","MISSING",0,0,0,0,0,0,18,0,0,0,0,0,0,16,34,0,18,0,16,0,0,0,1,1,16,0,0,0,0,0,0,1,15,0,0
"IA","IOWA","1913350","Clayton Ridge Comm School District","02206","Iowa Virtual Academy","191335002206","MISSING",0,0,2,4,0,0,29,0,0,1,1,0,0,29,66,0,35,0,31,0,0,32,0,0,3,0,0,0,0,27,0,1,3,0,0
"IA","IOWA","1926400","Sioux City Comm School District","01504","East High School","192640001504","MISSING",8,1,7,24,9,0,109,1,0,1,23,2,1,54,240,13,145,16,66,1,0,0,37,11,108,1,0,0,0,0,13,3,65,1,0
"IA","IOWA","1926400","Sioux City Comm School District","01934","Leeds Elementary School","192640001934","MISSING",5,1,4,19,3,0,31,0,1,2,3,2,0,19,90,11,52,5,22,0,0,0,5,9,49,0,0,0,0,0,0,4,23,0,0
"IA","IOWA","1926400","Sioux City Comm School District","01521","Nodland Elementary School","192640001521","MISSING",0,0,2,2,2,0,8,1,0,0,0,0,0,3,18,2,12,0,4,0,0,1,0,3,10,0,0,0,0,0,0,1,3,0,0
"IA","IOWA","1922470","Pella Comm School District","01350","Pella High School","192247001350","MISSING",0,1,3,2,0,0,35,0,0,3,0,0,0,21,65,0,41,0,24,0,0,0,2,6,33,0,0,0,0,0,0,7,17,0,0
"IA","IOWA","1914640","Indianola Comm School District","02100","Wilder Elementary School","191464002100","MISSING",0,0,0,2,0,0,37,0,0,1,1,3,0,20,64,0,39,0,25,0,0,0,1,2,36,0,0,0,0,0,0,3,22,0,0
"IA","IOWA","1924960","Rudd-Rockford-Marble Rk Comm School District","01431","Rockford Junior-Senior Rockford Senior High","192496001431","MISSING",0,0,0,0,0,0,21,0,0,0,0,0,0,11,32,0,21,0,11,0,0,0,0,11,9,0,1,0,0,0,0,3,8,0,0
"IA","IOWA","1921660","Ogden Comm School District","01295","Ogden High School","192166001295","MISSING",0,0,0,0,0,0,10,1,0,1,0,0,0,11,23,0,10,0,13,0,0,0,0,3,7,0,0,0,0,0,1,3,9,0,0
"IA","IOWA","1910500","Edgewood-Colesburg Comm School District","00670","Edgewood-Colesburg High School","191050000670","MISSING",0,0,0,1,1,0,19,0,0,0,1,0,0,6,28,0,21,0,7,0,0,0,2,2,17,0,0,0,0,0,1,2,4,0,0
"IA","IOWA","1907080","Charles City Comm School District","00319","Charles City High School","190708000319","MISSING",0,0,1,4,0,0,25,0,0,7,3,0,0,22,62,1,29,1,31,0,0,0,0,4,26,0,0,0,0,0,0,6,26,0,0
"IA","IOWA","1914310","Hubbard-Radcliffe Comm School District","01390","South Hardin Middle School","191431001390","MISSING",0,0,0,3,1,0,19,0,0,0,2,0,0,9,34,0,23,2,9,0,0,0,1,0,21,0,1,0,0,0,0,0,11,0,0
"IA","IOWA","1922470","Pella Comm School District","01348","Lincoln Elementary School","192247001348","MISSING",0,0,1,3,0,0,13,0,1,0,0,0,0,4,22,0,17,1,4,0,0,0,0,4,13,0,0,0,0,0,0,1,4,0,0
"IA","IOWA","1910500","Edgewood-Colesburg Comm School District","00669","Edgewood-Colesburg Elementary School","191050000669","MISSING",0,0,0,0,0,0,19,0,0,0,0,0,0,10,29,0,19,0,10,0,0,0,0,1,18,0,0,0,0,0,0,1,9,0,0
"IA","IOWA","1924960","Rudd-Rockford-Marble Rk Comm School District","01430","RRMR Elementary School","192496001430","MISSING",0,0,0,3,0,0,18,0,1,0,0,0,0,6,28,0,21,0,7,0,0,0,0,2,19,0,0,0,0,0,0,0,7,0,0
"IA","IOWA","1921660","Ogden Comm School District","01294","Ogden Middle School","192166001294","MISSING",0,0,0,0,0,0,7,0,0,0,0,0,0,7,14,0,7,0,7,0,0,0,0,2,5,0,0,0,0,0,0,0,7,0,0
"IA","IOWA","1914640","Indianola Comm School District","00870","Emerson Elementary School","191464000870","MISSING",0,4,0,3,1,0,39,0,0,1,0,5,0,28,81,5,42,0,34,0,0,0,1,9,37,0,0,0,0,0,0,5,29,0,0
"IA","IOWA","1911250","Exira-Elk Horn- Kimballton Comm Sch Dist","00674","ExiraElk Horn-Kimballton High School","191125000674","MISSING",0,0,0,1,0,0,15,0,0,0,0,0,0,9,25,0,16,0,9,0,0,0,0,1,15,0,0,0,0,0,0,0,9,0,0
"IA","IOWA","1922470","Pella Comm School District","01351","Pella Middle School","192247001351","MISSING",0,1,1,1,1,0,20,1,0,1,1,0,0,14,41,1,23,0,17,0,0,0,0,5,19,0,0,0,0,0,0,7,10,0,0
"IA","IOWA","1914640","Indianola Comm School District","00872","Indianola High School","191464000872","MISSING",0,1,5,4,3,0,51,0,0,0,5,2,0,45,116,2,62,2,50,0,0,0,4,19,41,0,0,0,0,0,6,13,32,1,0
"IA","IOWA","1914640","Indianola Comm School District","00876","Whittier Elementary School","191464000876","MISSING",0,0,0,0,3,0,22,0,0,0,0,0,0,14,39,0,25,0,14,0,0,0,0,1,24,0,0,0,0,0,0,1,13,0,0
"IA","IOWA","1921660","Ogden Comm School District","01293","Ogden Elementary School","192166001293","MISSING",0,0,1,0,2,0,13,0,0,0,0,0,0,11,27,0,16,0,11,0,0,0,0,1,15,0,0,0,0,0,0,5,6,0,0
"IA","IOWA","1911250","Exira-Elk Horn- Kimballton Comm Sch Dist","02143","Exira-Elk Horn-Kimballton Elementary","191125002143","MISSING",0,0,0,0,0,0,14,0,0,0,0,0,0,7,21,0,14,0,7,0,0,0,0,0,14,0,0,0,0,0,0,2,5,0,0
"IA","IOWA","1914640","Indianola Comm School District","00875","Indianola Middle School","191464000875","MISSING",0,0,1,6,1,0,55,0,0,1,2,0,0,30,96,1,62,1,32,0,0,0,2,12,48,0,1,0,0,0,0,9,24,0,0
"IA","IOWA","1907080","Charles City Comm School District","00320","Charles City MS","190708000320","MISSING",0,0,7,3,4,0,29,0,0,1,3,2,0,21,70,1,42,0,27,1,0,1,0,12,29,0,0,0,0,0,1,6,20,0,0
"IA","IOWA","1908880","Delwood Comm School District","00505","Delwood Elementary School","190888000505","MISSING",0,0,0,0,1,0,7,0,0,0,1,0,0,7,16,0,8,0,8,0,0,0,0,3,5,0,0,0,0,0,0,2,6,0,0
"IA","IOWA","1914310","Hubbard-Radcliffe Comm School District","02038","Hubbard-Radcliffe Elementary School","191431002038","MISSING",0,0,0,0,2,0,9,0,0,1,0,0,0,4,16,0,11,0,5,0,0,0,0,1,10,0,0,0,0,0,1,0,4,0,0
"IA","IOWA","1922470","Pella Comm School District","01508","Madison Elementary School","192247001508","MISSING",0,2,0,0,1,0,32,0,0,0,0,0,0,19,54,1,34,0,19,0,0,0,0,10,25,0,0,0,0,0,0,8,11,0,0
"IA","IOWA","1907080","Charles City Comm School District","00323","Lincoln Elementary School","190708000323","MISSING",0,1,5,4,0,0,17,0,0,2,0,1,0,6,36,2,25,0,9,0,0,0,1,10,16,0,0,0,0,0,0,2,7,0,0
"IA","IOWA","1907080","Charles City Comm School District","02221","Washington Elementary School","190708002221","MISSING",0,0,3,2,4,0,22,0,2,2,0,2,0,8,45,3,28,0,14,0,0,1,4,4,22,0,0,0,0,0,1,0,13,0,0
"IA","IOWA","1914640","Indianola Comm School District","00874","Irving Elementary School","191464000874","MISSING",0,0,0,0,0,0,23,0,0,1,1,0,0,12,37,1,22,0,14,0,0,0,0,6,17,0,0,0,0,0,0,1,13,0,0
"IA","IOWA","1922470","Pella Comm School District","00116","Jefferson Intermediate","192247000116","MISSING",0,0,1,1,0,0,36,0,0,1,0,0,0,25,64,0,38,0,26,0,0,0,0,13,25,0,0,0,0,0,0,8,18,0,0
"IA","IOWA","1910690","Eldora-New Providence Comm School District","02048","South Hardin High School","191069002048","MISSING",0,0,0,0,1,0,21,0,0,0,2,0,0,5,29,0,22,0,7,0,0,0,2,2,17,0,1,0,0,0,0,2,4,0,1
"IA","IOWA","1923190","Pocahontas Area Comm School District","01372","Pocahontas Area Elementary School","192319001372","MISSING",0,0,0,0,1,0,30,0,0,1,1,0,0,17,50,0,31,0,19,0,0,1,0,0,30,0,0,0,0,0,0,0,19,0,0
"IA","IOWA","1921210","Northwood-Kensett Comm School District","01271","Northwood-Kensett Jr-Sr High School","192121001271","MISSING",0,0,0,3,2,0,20,0,0,1,2,1,0,7,36,0,25,0,11,0,0,0,0,1,24,0,0,0,0,0,0,0,11,0,0
"IA","IOWA","1908550","Danville Comm School District","00455","Danville Junior-Senior High School","190855000455","MISSING",0,0,1,0,3,0,27,0,0,0,0,0,0,11,42,0,31,0,11,0,0,0,1,0,30,0,0,0,0,0,0,1,10,0,0
"IA","IOWA","1920610","Newton Comm School District","02052","WEST Academy Alternative School","192061002052","MISSING",0,0,0,1,0,0,2,0,0,0,0,0,0,1,4,0,3,0,1,0,0,0,0,0,3,0,0,0,0,0,0,0,1,0,0
"IA","IOWA","1926370","Sioux Center Comm School District","01497","Sioux Center Middle School","192637001497","MISSING",0,1,1,6,2,0,18,0,1,1,3,2,0,9,44,5,23,0,16,0,0,0,1,2,25,0,0,0,0,0,2,0,14,0,0
"IA","IOWA","1920610","Newton Comm School District","02233","Aurora Heights Elementary School","192061002233","MISSING",0,0,1,1,2,0,15,0,0,1,0,0,0,9,29,0,19,0,10,0,0,0,0,3,16,0,0,0,0,0,0,3,7,0,0
"IA","IOWA","1923190","Pocahontas Area Comm School District","01373","Pocahontas Area Middle/ High School","192319001373","MISSING",0,0,1,1,1,0,16,0,0,0,2,1,0,17,39,0,19,2,18,0,0,0,0,5,14,0,0,0,0,0,0,0,20,0,0
"IA","IOWA","1917880","LuVerne Comm School District","01026","LuVerne Elementary School","191788001026","MISSING",0,0,0,1,0,0,1,0,0,0,0,0,0,2,4,1,1,0,2,0,0,0,0,0,2,0,0,0,0,0,0,0,2,0,0
"IA","IOWA","1906840","Central Comm School District","00293","Central Elementary","190684000293","MISSING",0,0,0,0,0,0,17,0,0,0,0,0,0,7,24,0,17,0,7,0,0,0,0,2,15,0,0,0,0,0,0,1,6,0,0
"IA","IOWA","1923190","Pocahontas Area Comm School District","00377","Pocahontas Area Regional Learning Center","192319000377","MISSING",0,0,0,0,0,0,1,0,0,0,0,0,0,0,1,0,1,0,0,0,0,0,0,0,1,0,0,0,0,0,0,0,0,0,0
"IA","IOWA","1920610","Newton Comm School District","02123","Thomas Jefferson Elementary School","192061002123","MISSING",0,0,0,0,1,0,18,0,0,0,1,0,0,10,30,0,19,0,11,0,0,0,0,4,15,0,0,0,0,0,0,1,10,0,0
"IA","IOWA","1920610","Newton Comm School District","02239","Woodrow Wilson Elementary School","192061002239","MISSING",0,0,0,1,2,0,27,0,0,1,2,1,0,9,43,0,30,2,11,0,0,0,6,2,22,0,0,0,0,0,0,3,10,0,0
"IA","IOWA","1908550","Danville Comm School District","00454","Danville Elementary School","190855000454","MISSING",0,0,0,0,1,0,23,0,0,0,0,3,0,11,38,0,24,0,14,0,0,0,0,1,23,0,0,0,0,0,0,1,13,0,0
"IA","IOWA","1920610","Newton Comm School District","02238","Emerson Hough Elementary School","192061002238","MISSING",0,3,2,5,1,0,25,0,0,0,1,1,1,10,49,3,33,0,13,0,0,0,9,5,22,0,0,0,0,0,1,3,9,0,0
"IA","IOWA","1910690","Eldora-New Providence Comm School District","01912","Eldora-New Providence Elementary School","191069001912","MISSING",0,0,0,6,2,0,23,0,0,0,2,1,0,14,48,1,30,0,17,0,0,0,9,4,17,0,1,0,0,0,0,3,14,0,0
"IA","IOWA","1926370","Sioux Center Comm School District","01495","Kinsey Elementary School","192637001495","MISSING",0,0,2,13,3,0,19,0,0,2,6,0,0,6,51,12,25,4,10,0,0,1,0,5,31,0,0,0,0,0,1,1,12,0,0
"IA","IOWA","1920610","Newton Comm School District","02240","Berg Middle School","192061002240","MISSING",1,1,2,4,4,0,82,0,0,6,11,2,1,43,157,3,91,7,56,0,0,0,14,28,52,0,0,0,0,0,4,23,36,0,0
"IA","IOWA","1906840","Central Comm School District","00292","Central Middle School/High School","190684000292","MISSING",0,0,0,0,0,0,12,0,0,0,1,0,0,15,28,0,12,0,16,0,0,0,0,4,8,0,0,0,0,0,0,0,16,0,0
"IA","IOWA","1926370","Sioux Center Comm School District","01496","Sioux Center High School","192637001496","MISSING",1,0,1,15,2,0,18,0,0,0,9,2,0,7,55,12,25,4,14,0,0,0,4,8,24,1,0,0,0,0,0,1,17,0,0
"IA","IOWA","1920610","Newton Comm School District","01226","Newton Senior High School","192061001226","MISSING",0,1,2,2,5,0,47,0,0,2,1,3,0,39,102,3,54,0,45,0,0,0,13,1,43,0,0,0,1,0,6,2,36,0,0
"IA","IOWA","1921210","Northwood-Kensett Comm School District","01270","Northwood-Kensett Elementary","192121001270","MISSING",0,0,1,0,0,0,19,0,0,0,0,1,0,6,27,0,20,0,7,0,0,0,0,1,19,0,0,0,0,0,0,0,7,0,0
"IA","IOWA","1925590","Sergeant Bluff-Luton Comm School District","01891","Sergeant Bluff-Luton Middle School","192559001891","MISSING",2,1,1,3,2,0,17,1,1,2,5,1,1,16,53,0,26,1,26,0,0,0,2,7,17,0,0,0,0,0,1,2,24,0,0
"IA","IOWA","1931020","West Lyon Comm School District","01808","West Lyon Junior High School","193102001808","MISSING",0,0,0,0,0,0,6,0,0,0,0,0,0,9,15,0,6,0,9,0,0,0,0,5,1,0,0,0,0,0,0,2,7,0,0
"IA","IOWA","1907620","Clear Lake Comm School District","00363","Clear Lake High School","190762000363","MISSING",0,0,1,4,3,0,35,0,0,0,0,1,0,15,59,1,42,1,15,0,0,0,1,10,32,0,0,0,0,0,0,5,11,0,0
"IA","IOWA","1925590","Sergeant Bluff-Luton Comm School District","00726","Sergeant Bluff-Luton Elementary School","192559000726","MISSING",1,0,0,2,1,0,30,0,0,0,2,4,0,16,56,0,34,2,20,0,0,0,8,4,22,0,0,0,0,0,0,3,19,0,0
"IA","IOWA","1912480","George-Little Rock Comm School District","00758","George-Little Rock Senior High School","191248000758","MISSING",0,0,0,0,0,0,5,0,0,0,0,0,0,7,12,0,5,0,7,0,0,0,0,0,5,0,0,0,0,0,0,1,5,1,0
"IA","IOWA","1907620","Clear Lake Comm School District","00364","Clear Lake Middle School","190762000364","MISSING",0,0,1,3,0,0,27,0,0,0,2,2,0,10,45,1,30,2,12,0,0,0,0,3,28,0,0,0,0,0,0,1,13,0,0
"IA","IOWA","1928200","Twin Rivers Comm School District","01644","Twin Rivers Elementary School","192820001644","MISSING",0,0,2,0,0,0,4,0,0,0,0,0,0,3,9,0,6,0,3,0,0,0,0,1,5,0,0,0,0,0,0,1,2,0,0
"IA","IOWA","1916440","Lawton-Bronson Comm School District","00980","Bronson Elementary School","191644000980","MISSING",0,0,0,0,1,0,28,0,0,0,0,0,0,15,44,0,29,0,15,0,0,0,2,10,17,0,0,0,0,0,0,8,7,0,0
"IA","IOWA","1914010","Highland Comm School District","00840","Highland Middle School","191401000840","MISSING",0,0,0,2,0,0,8,0,0,0,0,0,0,10,20,1,9,0,10,0,0,0,0,1,9,0,0,0,0,0,0,0,10,0,0
"IA","IOWA","1925590","Sergeant Bluff-Luton Comm School District","01460","Sergeant Bluff-Luton Senior High School","192559001460","MISSING",0,1,0,1,3,0,29,0,0,0,5,1,0,26,66,0,34,0,32,0,0,0,1,9,24,0,0,0,0,0,2,4,26,0,0
"IA","IOWA","1907620","Clear Lake Comm School District","00362","Clear Creek Elementary School","190762000362","MISSING",0,0,1,2,6,0,53,0,0,0,1,2,0,17,82,1,61,0,20,0,0,0,1,1,60,0,0,0,0,0,0,1,19,0,0
"IA","IOWA","1912480","George-Little Rock Comm School District","00757","George-Little Rock Elementary School","191248000757","MISSING",0,0,0,0,0,0,16,1,0,2,0,1,0,7,27,0,16,0,11,0,0,0,0,0,16,0,0,0,0,0,0,0,11,0,0
"IA","IOWA","1914010","Highland Comm School District","00842","Highland Elementary School","191401000842","MISSING",0,0,0,1,0,0,18,0,0,0,0,0,0,13,32,0,19,0,13,0,0,0,0,0,19,0,0,0,0,0,0,1,12,0,0
"IA","IOWA","1906900","Central Decatur Comm School District","00297","Central Decatur MS/HS High School","190690000297","MISSING",0,0,1,0,0,0,25,0,0,0,0,0,0,20,46,0,26,0,20,0,0,0,3,10,13,0,0,0,0,0,1,3,16,0,0
"IA","IOWA","1931020","West Lyon Comm School District","01807","West Lyon High School","193102001807","MISSING",0,0,0,0,2,0,12,0,0,0,1,0,0,9,24,1,13,0,10,0,0,0,1,2,11,0,0,0,0,0,0,1,9,0,0
"IA","IOWA","1927870","Tipton Comm School District","01621","Tipton Elementary School","192787001621","MISSING",0,0,0,1,1,0,27,0,0,0,0,1,0,16,46,1,28,0,17,0,0,0,0,1,28,0,0,0,0,0,0,0,17,0,0
"IA","IOWA","1927870","Tipton Comm School District","00290","Tipton Middle School","192787000290","MISSING",0,0,1,1,1,0,25,0,0,0,0,1,0,12,41,0,28,0,13,0,0,0,0,6,22,0,0,0,0,0,0,1,12,0,0
"IA","IOWA","1928560","United Comm School District","01650","United South","192856001650","MISSING",0,0,0,1,1,0,14,0,0,0,0,0,0,9,25,0,16,0,9,0,0,0,0,2,14,0,0,0,0,0,0,3,6,0,0
"IA","IOWA","1927870","Tipton Comm School District","01622","Tipton High School","192787001622","MISSING",0,0,1,0,0,0,25,0,0,0,1,1,0,16,44,0,26,0,18,0,0,0,4,9,13,0,0,0,0,0,1,4,13,0,0
"IA","IOWA","1925590","Sergeant Bluff-Luton Comm School District","01461","Sergeant Bluff-Luton Primary School","192559001461","MISSING",1,0,1,2,1,1,18,0,0,1,1,1,0,5,32,1,23,0,8,0,0,0,1,8,15,0,0,0,0,0,0,3,5,0,0
"IA","IOWA","1916440","Lawton-Bronson Comm School District","00981","Lawton-Bronson Junior-Senior High School","191644000981","MISSING",0,0,0,1,0,0,10,1,0,0,0,2,0,10,24,1,10,0,13,0,0,0,0,1,10,0,0,0,0,0,1,0,11,1,0
"IA","IOWA","1906900","Central Decatur Comm School District","00816","North Elementary School","190690000816","MISSING",0,0,1,1,0,0,15,0,0,0,0,0,0,4,21,0,17,0,4,0,0,0,1,2,14,0,0,0,0,0,0,1,3,0,0
"IA","IOWA","1914010","Highland Comm School District","00839","Highland High School","191401000839","MISSING",0,0,0,1,0,0,12,0,0,0,2,0,0,4,19,0,13,0,6,0,0,0,1,0,12,0,0,0,0,0,0,1,5,0,0
"IA","IOWA","1931020","West Lyon Comm School District","01806","West Lyon Elementary School","193102001806","MISSING",0,0,0,3,2,0,31,0,0,0,2,0,0,17,55,0,36,0,19,0,0,1,0,12,22,0,1,0,0,0,0,5,14,0,0
"IA","IOWA","1928560","United Comm School District","02105","United North","192856002105","MISSING",0,0,0,2,0,0,10,0,0,0,0,0,0,6,18,0,12,0,6,0,0,0,0,0,12,0,0,0,0,0,0,0,6,0,0
"IA","IOWA","1906900","Central Decatur Comm School District","00300","South Elementary School","190690000300","MISSING",0,0,0,1,0,0,21,0,0,0,0,0,0,4,26,0,22,0,4,0,0,0,0,7,15,0,0,0,0,0,0,2,2,0,0
"IA","IOWA","1912480","George-Little Rock Comm School District","01011","George-Little Rock Middle School","191248001011","MISSING",0,0,0,0,2,0,9,0,0,0,2,0,0,4,17,0,11,1,5,0,0,0,0,6,5,0,0,0,0,0,0,3,3,0,0
"IA","IOWA","1906000","Calamus-Wheatland Comm School District","02042","Calamus-Wheatland Sec Attendance Center","190600002042","MISSING",0,0,0,0,0,0,15,0,0,0,0,1,0,9,25,0,15,0,10,0,0,0,1,2,12,0,0,0,0,0,0,2,8,0,0
"IA","IOWA","1906330","Carroll Comm School District","00217","Fairview Elementary School","190633000217","MISSING",0,0,3,6,3,0,22,0,0,0,0,1,0,9,44,2,32,0,10,0,0,0,1,0,33,0,0,0,0,0,0,1,9,0,0
"IA","IOWA","1918720","Marshalltown Comm School District","01093","Rogers Elementary School","191872001093","MISSING",0,2,2,12,0,0,8,0,1,1,3,0,0,1,30,9,15,3,3,0,0,0,0,2,22,0,0,0,0,0,0,0,6,0,0
"IA","IOWA","1907900","Collins-Maxwell Comm School District","01950","Collins-Maxwell Elementary School","190790001950","MISSING",0,0,0,1,1,0,16,0,0,0,1,0,0,12,31,0,18,0,13,0,0,0,1,6,11,0,0,0,0,0,0,7,6,0,0
"IA","IOWA","1906330","Carroll Comm School District","00522","Adams Elementary School","190633000522","MISSING",0,0,1,0,1,0,26,0,0,0,1,0,0,8,37,0,28,0,9,0,0,0,1,6,21,0,0,0,0,0,0,2,7,0,0
"IA","IOWA","1906510","Cedar Falls Comm School District","00222","Cedar Heights Elementary School","190651000222","MISSING",0,2,5,2,1,0,30,0,2,3,0,1,0,12,58,4,36,1,17,0,0,0,0,10,30,0,0,0,0,0,1,3,14,0,0
"IA","IOWA","1906510","Cedar Falls Comm School District","00229","Peet Junior High School","190651000229","MISSING",0,0,7,0,3,0,48,0,0,1,0,0,0,23,82,0,58,0,24,0,0,0,2,14,37,0,5,0,0,0,1,7,16,0,0
"IA","IOWA","1906510","Cedar Falls Comm School District","02256","Bess Streeter Aldrich Elementary","190651002256","MISSING",0,3,0,1,0,0,14,0,1,0,1,0,0,15,35,3,15,0,17,0,0,0,1,8,8,0,1,0,0,0,1,4,12,0,0
"IA","IOWA","1906510","Cedar Falls Comm School District","00227","North Cedar Elementary School","190651000227","MISSING",0,0,3,0,2,0,24,0,0,0,1,4,0,11,45,0,29,0,16,0,0,0,1,11,17,0,0,0,0,0,3,5,8,0,0
"IA","IOWA","1927240","Stanton Comm School District","01589","Stanton High School","192724001589","MISSING",0,0,0,0,0,0,9,0,0,0,0,0,0,4,13,0,9,0,4,0,0,0,0,0,8,1,0,0,0,0,0,1,3,0,0
"IA","IOWA","1918720","Marshalltown Comm School District","01086","Fisher Elementary School","191872001086","MISSING",0,2,2,9,3,0,12,0,1,1,4,0,0,9,43,13,15,5,10,0,0,0,1,1,26,0,0,0,0,0,1,2,12,0,0
"IA","IOWA","1918720","Marshalltown Comm School District","01404","Lenihan Intermediate School","191872001404","MISSING",1,3,1,42,5,0,29,0,4,1,16,1,0,12,115,39,42,18,16,0,0,0,6,14,60,0,1,0,0,0,1,5,28,0,0
"IA","IOWA","1907900","Collins-Maxwell Comm School District","01951","Collins-Maxwell Middle/High School","190790001951","MISSING",0,0,1,2,0,0,13,0,0,0,1,0,0,6,23,0,16,0,7,0,0,0,0,2,14,0,0,0,0,0,0,2,5,0,0
"IA","IOWA","1927240","Stanton Comm School District","01588","Stanton Elementary School","192724001588","MISSING",0,0,0,0,0,0,11,0,0,0,0,0,0,3,14,0,11,0,3,0,0,0,0,1,10,0,0,0,0,0,0,0,3,0,0
"IA","IOWA","1918720","Marshalltown Comm School District","01095","Woodbury Elementary School","191872001095","MISSING",0,0,0,16,0,0,1,0,0,0,6,0,0,0,23,15,2,5,1,0,0,0,0,1,16,0,0,0,0,0,0,1,5,0,0
"IA","IOWA","1926850","Southeast Warren Comm School District","01574","Southeast Warren Intermediate","192685001574","MISSING",0,0,0,0,0,0,11,0,0,0,0,0,0,8,19,0,11,0,8,0,0,0,0,1,10,0,0,0,0,0,0,2,6,0,0
"IA","IOWA","1918720","Marshalltown Comm School District","00372","Franklin Elementary Sch","191872000372","MISSING",0,0,2,12,3,0,13,0,0,0,4,1,0,8,43,11,19,4,9,0,0,0,1,4,25,0,0,0,0,0,0,1,12,0,0
"IA","IOWA","1918720","Marshalltown Comm School District","01084","B R Miller Middle School","191872001084","MISSING",1,4,4,48,2,0,29,0,0,2,27,2,0,13,132,42,46,20,24,0,0,0,4,15,69,0,0,0,0,0,6,3,35,0,0
"IA","IOWA","1906510","Cedar Falls Comm School District","00221","Cedar Falls High School","190651000221","MISSING",0,0,8,3,7,0,76,1,0,10,2,3,0,34,144,1,93,2,48,0,0,0,0,25,66,0,3,0,0,0,1,16,31,0,2
"IA","IOWA","1906510","Cedar Falls Comm School District","00230","Southdale Elementary School","190651000230","MISSING",0,0,4,2,1,2,32,0,1,2,0,1,0,10,55,3,38,1,13,0,0,0,0,11,30,0,0,0,0,0,0,3,11,0,0
"IA","IOWA","1906330","Carroll Comm School District","00218","Carroll High School","190633000218","MISSING",0,1,2,0,1,0,39,0,0,1,2,0,0,14,60,0,43,0,17,0,0,0,6,13,24,0,0,0,0,0,3,5,9,0,0
"IA","IOWA","1926850","Southeast Warren Comm School District","01576","Southeast Warren Jr-Sr High School","192685001576","MISSING",0,0,0,2,0,0,26,0,0,0,1,0,0,11,40,1,27,0,12,0,0,0,0,2,26,0,0,0,0,0,0,0,12,0,0
"IA","IOWA","1906000","Calamus-Wheatland Comm School District","00204","Calamus-Wheatland Elem Attendance Center","190600000204","MISSING",0,0,0,0,0,0,11,0,0,0,1,1,0,13,26,0,11,0,15,0,0,0,0,0,11,0,0,0,0,0,0,3,12,0,0
"IA","IOWA","1918720","Marshalltown Comm School District","01091","Marshalltown High School","191872001091","MISSING",0,1,6,60,5,0,40,0,3,0,40,1,0,14,170,50,62,38,20,5,0,0,16,19,72,0,0,0,0,0,4,16,38,0,0
"IA","IOWA","1906510","Cedar Falls Comm School District","00228","Orchard Hill Elementary School","190651000228","MISSING",0,2,4,2,3,0,27,0,0,2,0,2,0,18,60,1,37,1,21,0,0,0,6,11,21,0,0,0,0,0,3,4,15,0,0
"IA","IOWA","1906510","Cedar Falls Comm School District","00223","Helen A Hansen Elementary School","190651000223","MISSING",0,1,4,1,3,0,29,0,1,2,1,2,0,18,62,1,37,0,24,0,0,0,4,6,28,0,0,0,0,0,0,6,18,0,0
"IA","IOWA","1926850","Southeast Warren Comm School District","01575","Southeast Warren Primary","192685001575","MISSING",0,0,0,0,0,0,11,0,0,0,1,0,0,10,22,0,11,0,11,0,0,0,0,0,11,0,0,0,0,0,0,0,11,0,0
"IA","IOWA","1906510","Cedar Falls Comm School District","00224","Holmes Junior High School","190651000224","MISSING",0,0,7,1,5,0,45,0,0,4,0,3,0,28,93,0,58,1,34,0,0,0,8,12,37,0,1,0,0,1,1,8,24,0,1
"IA","IOWA","1918720","Marshalltown Comm School District","01082","Anson Elementary School","191872001082","MISSING",0,1,0,15,2,0,5,0,0,1,5,1,0,3,33,15,8,5,5,0,0,0,1,1,21,0,0,0,0,0,0,0,10,0,0
"IA","IOWA","1906510","Cedar Falls Comm School District","00226","Lincoln Elementary School","190651000226","MISSING",0,0,5,2,3,0,22,0,0,3,0,3,0,18,56,0,32,0,24,0,0,1,2,10,19,0,0,0,0,3,4,5,12,0,0
"IA","IOWA","1906330","Carroll Comm School District","01989","Carroll Middle School","190633001989","MISSING",0,0,0,4,1,0,41,0,0,1,1,2,0,20,70,2,44,0,24,0,0,0,2,22,22,0,0,0,0,0,2,8,14,0,0
"IA","IOWA","1918720","Marshalltown Comm School District","01089","J C Hoglan Elementary School","191872001089","MISSING",0,2,0,7,3,0,9,0,0,0,8,0,0,9,38,6,15,6,11,0,0,0,5,1,15,0,0,0,0,0,1,0,16,0,0
"IA","IOWA","1931110","West Monona Comm School District","02195","West Monona Elementary","193111002195","MISSING",1,0,0,1,3,0,20,3,2,0,0,0,0,10,40,0,25,2,13,0,0,0,0,3,22,0,0,0,0,0,0,0,15,0,0
"IA","IOWA","1907590","Clear Creek Amana Comm School District","02103","North Bend Elementary","190759002103","MISSING",0,0,2,3,1,0,14,0,0,2,2,1,0,9,34,2,18,2,12,0,0,0,0,3,17,0,0,0,0,0,0,1,13,0,0
"IA","IOWA","1930540","Waverly-Shell Rock Comm School District","00832","Greenview Alternative School","193054000832","MISSING",0,0,0,0,0,0,1,0,0,0,0,0,0,0,1,0,1,0,0,0,0,0,0,0,1,0,0,0,0,0,0,0,0,0,0
"IA","IOWA","1927270","Starmont Comm School District","01592","Starmont High School","192727001592","MISSING",0,0,0,0,1,0,14,0,0,0,0,1,0,11,27,0,15,0,12,0,0,0,4,6,5,0,0,0,0,0,2,3,7,0,0
"IA","IOWA","1900025","Panorama Comm School District","01334","Panorama High School","190002501334","MISSING",0,0,0,1,1,0,15,0,0,0,0,0,0,13,30,0,17,0,13,0,0,0,0,1,16,0,0,0,0,0,0,3,10,0,0
"IA","IOWA","1927270","Starmont Comm School District","01593","Starmont Middle School","192727001593","MISSING",0,0,0,1,0,0,13,0,0,0,1,0,0,13,28,1,13,1,13,0,0,0,3,1,10,0,0,0,0,0,2,0,12,0,0
"IA","IOWA","1931470","Westwood Comm School District","01835","Westwood Elementary School","193147001835","MISSING",1,0,0,0,3,0,26,0,0,0,1,2,0,11,44,0,30,0,14,0,0,0,0,12,18,0,0,0,0,0,1,4,9,0,0
"IA","IOWA","1921000","North Tama County Comm School District","01260","North Tama Elementary","192100001260","MISSING",0,0,0,0,1,2,25,0,0,1,0,3,0,8,40,0,28,0,12,0,0,0,0,6,22,0,0,0,0,0,0,2,10,0,0
"IA","IOWA","1905750","North Iowa Comm School District","01620","North Iowa Middle School","190575001620","MISSING",0,0,1,1,0,0,7,0,0,0,2,0,0,4,15,0,9,0,6,0,0,0,0,1,8,0,0,0,0,0,0,0,6,0,0
"IA","IOWA","1906240","Cardinal Comm School District","00211","Cardinal High School","190624000211","MISSING",0,0,2,4,0,0,18,0,0,1,0,0,0,9,34,1,23,0,10,0,0,0,4,2,18,0,0,0,0,0,5,1,4,0,0
"IA","IOWA","1921000","North Tama County Comm School District","01258","North Tama High School","192100001258","MISSING",0,0,0,0,1,0,18,0,0,0,1,0,0,7,27,0,19,0,8,0,0,0,0,2,17,0,0,0,0,0,1,0,7,0,0
"IA","IOWA","1930540","Waverly-Shell Rock Comm School District","02163","Waverly-Shell Rock Middle School","193054002163","MISSING",0,1,2,3,1,0,51,0,0,1,1,3,0,27,90,1,57,0,32,0,0,0,1,12,43,0,2,0,0,0,1,12,19,0,0
"IA","IOWA","1906240","Cardinal Comm School District","02246","Cardinal Junior High","190624002246","MISSING",0,0,0,1,1,0,29,0,0,0,1,1,0,14,47,0,31,0,16,0,0,0,11,3,16,1,0,0,0,0,1,0,15,0,0
"IA","IOWA","1903270","Albia Comm School District","00017","Albia High School","190327000017","MISSING",0,0,0,0,1,0,19,0,0,0,0,1,0,10,31,0,20,0,11,0,0,0,1,3,15,0,1,0,0,0,0,1,10,0,0
"IA","IOWA","1907590","Clear Creek Amana Comm School District","02265","Oak Hill Elementary","190759002265","MISSING",0,0,2,0,3,0,23,1,1,2,2,0,0,7,41,1,27,0,13,0,0,0,1,2,25,0,0,0,0,0,0,1,12,0,0
"IA","IOWA","1931110","West Monona Comm School District","01817","West Monona High School","193111001817","MISSING",2,0,3,0,1,0,24,3,0,1,1,0,0,10,45,0,30,0,15,0,0,0,0,12,18,0,0,0,0,0,0,5,10,0,0
"IA","IOWA","1907590","Clear Creek Amana Comm School District","01903","Clear Creek Amana Middle School","190759001903","MISSING",0,0,3,6,3,0,31,0,0,0,1,0,0,24,68,3,40,0,25,0,0,0,2,5,36,0,0,0,0,0,1,1,23,0,0
"IA","IOWA","1900025","Panorama Comm School District","01335","Panorama Middle School","190002501335","MISSING",0,0,1,0,0,0,20,0,0,0,0,0,0,8,29,0,21,0,8,0,0,0,1,3,17,0,0,0,0,0,0,1,7,0,0
"IA","IOWA","1907590","Clear Creek Amana Comm School District","00359","Clear Creek Elementary School","190759000359","MISSING",0,0,0,1,1,0,26,1,0,0,0,1,0,8,38,0,28,0,10,0,0,0,0,3,25,0,0,0,0,0,0,0,10,0,0
"IA","IOWA","1906240","Cardinal Comm School District","01975","Cardinal Elementary","190624001975","MISSING",0,0,0,5,1,0,34,0,0,1,1,0,0,24,66,1,39,0,26,0,0,0,1,2,37,0,0,0,0,0,1,1,24,0,0
"IA","IOWA","1907590","Clear Creek Amana Comm School District","02229","Tiffin Elementary","190759002229","MISSING",0,2,3,1,4,0,24,0,0,0,2,1,0,9,46,0,34,0,12,0,0,0,1,3,30,0,0,0,0,0,0,1,11,0,0
"IA","IOWA","1920830","North Kossuth Comm School District","01887","North Kossuth Elementary School","192083001887","MISSING",0,0,0,1,1,0,12,0,0,0,0,0,0,6,20,0,14,0,6,0,0,0,0,1,13,0,0,0,0,0,0,0,6,0,0
"IA","IOWA","1930540","Waverly-Shell Rock Comm School District","01749","Waverly-Shell Rock Senior High School","193054001749","MISSING",0,0,0,2,0,0,41,0,0,1,1,2,0,10,57,0,43,0,14,0,0,0,0,8,32,1,2,0,0,0,1,2,11,0,0
"IA","IOWA","1913290","Grundy Center Comm School District","00799","Grundy Center Elementary School","191329000799","MISSING",0,0,0,0,0,0,24,0,0,0,0,0,0,12,36,0,24,0,12,0,0,0,0,1,23,0,0,0,0,0,0,1,11,0,0
"IA","IOWA","1903270","Albia Comm School District","00019","Grant Center","190327000019","MISSING",0,0,0,2,1,0,22,0,0,1,0,0,0,9,35,0,25,0,10,0,0,0,0,0,25,0,0,0,0,0,0,0,10,0,0
"IA","IOWA","1903270","Albia Comm School District","01406","Albia Middle School","190327001406","MISSING",0,0,1,0,2,0,12,0,0,0,0,0,0,5,20,0,15,0,5,0,0,0,0,2,13,0,0,0,0,0,0,1,4,0,0
"IA","IOWA","1930540","Waverly-Shell Rock Comm School District","01745","Margaretta Carey Elementary School","193054001745","MISSING",0,1,0,1,2,0,17,0,0,1,0,0,0,10,32,0,21,0,11,0,0,0,0,7,13,0,1,0,0,0,0,7,4,0,0
"IA","IOWA","1925920","West Fork Comm School District","01419","West Fork Elementary at Rockwell","192592001419","MISSING",0,0,0,1,2,0,20,0,0,0,0,2,0,8,33,0,23,0,10,0,0,0,0,3,20,0,0,0,0,0,1,2,7,0,0
"IA","IOWA","1905750","North Iowa Comm School District","00176","North Iowa Elem Buffalo Center","190575000176","MISSING",0,0,0,1,0,1,10,0,0,0,4,0,0,11,27,1,11,1,14,0,0,0,0,0,12,0,0,0,0,0,0,0,15,0,0
"IA","IOWA","1900025","Panorama Comm School District","00606","Panorama Elementary","190002500606","MISSING",0,0,1,1,0,0,21,0,0,0,1,1,0,13,38,0,23,0,15,0,0,0,1,3,19,0,0,0,0,0,0,1,14,0,0
"IA","IOWA","1931110","West Monona Comm School District","00738","West Monona Middle Sch","193111000738","MISSING",0,0,0,0,1,0,14,0,0,0,0,0,0,10,25,0,15,0,10,0,0,0,0,2,13,0,0,0,0,0,2,3,5,0,0
"IA","IOWA","1910050","Earlham Comm School District","00641","Earlham Senior High School","191005000641","MISSING",0,0,0,0,1,0,11,0,0,0,0,0,0,4,16,0,12,0,4,1,0,0,0,3,8,0,0,0,0,0,0,0,4,0,0
"IA","IOWA","1925920","West Fork Comm School District","02101","West Fork Middle School","192592002101","MISSING",0,0,1,2,0,0,12,0,0,0,1,0,0,6,22,0,15,1,6,0,0,0,0,0,14,0,1,0,0,0,0,0,7,0,0
"IA","IOWA","1910050","Earlham Comm School District","01956","Earlham Middle School","191005001956","MISSING",0,0,2,0,0,0,12,0,0,0,0,0,0,4,18,0,14,0,4,0,0,0,1,1,12,0,0,0,0,0,1,1,2,0,0
"IA","IOWA","1931470","Westwood Comm School District","01837","Westwood High School","193147001837","MISSING",0,0,0,2,1,0,16,1,0,1,0,1,0,14,36,0,19,0,17,0,0,0,1,11,7,0,0,0,0,0,0,9,8,0,0
"IA","IOWA","1905750","North Iowa Comm School District","00177","North Iowa High School","190575000177","MISSING",0,0,0,1,0,0,7,0,0,0,1,0,0,7,16,1,7,1,7,0,0,0,0,0,8,0,0,0,0,0,1,0,7,0,0
"IA","IOWA","1930540","Waverly-Shell Rock Comm School District","01747","Southeast Elementary School","193054001747","MISSING",0,0,0,2,1,0,14,0,0,0,0,0,0,6,23,0,17,0,6,0,0,0,0,6,11,0,0,0,0,0,0,1,5,0,0
"IA","IOWA","1910050","Earlham Comm School District","00640","Earlham Elementary School","191005000640","MISSING",0,0,0,0,1,0,13,0,0,0,0,0,0,6,20,0,14,0,6,0,0,0,0,6,8,0,0,0,0,0,1,0,5,0,0
"IA","IOWA","1930540","Waverly-Shell Rock Comm School District","01751","West Cedar Elementary School","193054001751","MISSING",0,0,0,0,0,0,11,0,0,1,0,0,0,9,21,0,11,0,10,0,0,0,0,3,8,0,0,0,0,0,0,0,10,0,0
"IA","IOWA","1930540","Waverly-Shell Rock Comm School District","01746","Shell Rock Elementary School","193054001746","MISSING",0,0,0,0,3,0,12,0,0,0,0,0,0,6,21,0,15,0,6,0,0,0,1,5,9,0,0,0,0,0,0,1,5,0,0
"IA","IOWA","1907590","Clear Creek Amana Comm School District","00361","Clear Creek Amana High School","190759000361","MISSING",0,1,4,3,2,0,38,0,0,2,0,0,0,21,71,1,47,0,23,0,0,0,6,5,36,1,0,0,0,0,1,1,21,0,0
"IA","IOWA","1913290","Grundy Center Comm School District","00415","Grundy Center Middle School","191329000415","MISSING",0,0,0,0,0,0,10,0,0,0,0,1,0,3,14,0,10,0,4,0,0,0,0,0,9,0,1,0,0,0,0,1,3,0,0
"IA","IOWA","1925920","West Fork Comm School District","01468","West Fork High School","192592001468","MISSING",0,0,0,1,0,0,7,0,0,0,0,0,0,6,14,0,8,0,6,0,0,0,0,0,8,0,0,0,0,0,0,0,6,0,0
"IA","IOWA","1920830","North Kossuth Comm School District","02179","North Union Middle School","192083002179","MISSING",0,0,0,0,2,0,13,0,0,0,1,1,0,8,25,0,15,0,10,0,0,0,0,2,13,0,0,0,0,0,0,0,10,0,0
"IA","IOWA","1903270","Albia Comm School District","00018","Lincoln Center","190327000018","MISSING",0,0,0,1,1,0,26,0,0,0,0,0,0,16,44,0,28,0,16,0,1,0,0,6,21,0,0,0,0,0,0,5,11,0,0
"IA","IOWA","1927270","Starmont Comm School District","01591","Starmont Elementary School","192727001591","MISSING",0,0,0,1,0,0,15,0,0,0,0,0,0,14,30,1,15,0,14,0,0,0,2,1,13,0,0,0,0,0,0,0,14,0,0
"IA","IOWA","1907590","Clear Creek Amana Comm School District","00048","Amana Elementary School","190759000048","MISSING",0,0,0,0,1,0,10,0,0,0,0,0,0,5,16,0,11,0,5,0,0,0,0,1,10,0,0,0,0,0,0,0,5,0,0
"IA","IOWA","1913290","Grundy Center Comm School District","00801","Grundy Center High School","191329000801","MISSING",0,0,0,0,1,0,15,0,0,0,0,0,0,13,29,0,16,0,13,0,0,0,0,4,12,0,0,0,0,0,0,4,9,0,0
"IA","IOWA","1921810","Orient-Macksburg Comm School District","01298","Orient Elementary School","192181001298","MISSING",0,0,0,0,0,0,11,0,0,0,2,0,0,11,24,0,11,0,13,0,0,0,1,1,9,0,0,0,0,0,0,3,10,0,0
"IA","IOWA","1921810","Orient-Macksburg Comm School District","01299","Orient-Macksburg Senior High School","192181001299","MISSING",0,0,0,0,0,0,6,0,0,0,0,0,0,3,9,0,6,0,3,0,0,0,0,1,5,0,0,0,0,0,0,2,1,0,0
"IA","IOWA","1915840","Knoxville Comm School District","02132","Northstar Elementary School","191584002132","MISSING",1,0,1,7,1,0,37,0,0,0,1,0,0,17,65,4,43,0,18,0,0,0,8,18,21,0,0,0,0,0,0,7,11,0,0
"IA","IOWA","1926730","South Tama County","01463","South Tama County Elementary School","192673001463","MISSING",8,0,0,21,1,0,20,3,0,1,8,0,0,9,71,13,37,5,16,0,0,0,1,4,45,0,0,0,0,0,2,2,17,0,0
"IA","IOWA","1915840","Knoxville Comm School District","00949","Knoxville Middle School","191584000949","MISSING",0,0,0,0,4,0,45,0,0,0,1,0,0,21,71,2,47,0,22,0,0,0,5,8,36,0,0,0,0,0,0,2,20,0,0
"IA","IOWA","1904440","BCLUW Comm School District","00118","BCLUW High School","190444000118","MISSING",0,0,0,3,1,0,14,0,0,0,2,0,0,2,22,1,17,0,4,0,0,0,1,3,14,0,0,0,0,0,0,1,3,0,0
"IA","IOWA","1904440","BCLUW Comm School District","00119","BCLUW Elementary School","190444000119","MISSING",0,0,0,0,0,1,9,0,0,0,0,0,0,16,26,1,9,0,16,0,0,0,1,1,8,0,0,0,0,0,0,0,15,0,1
"IA","IOWA","1915840","Knoxville Comm School District","00948","Knoxville High School","191584000948","MISSING",0,0,2,1,1,0,27,0,0,2,1,1,0,17,52,1,30,0,21,0,1,0,2,6,22,0,0,0,0,0,0,2,19,0,0
"IA","IOWA","1926730","South Tama County","01557","South Tama County Middle School","192673001557","MISSING",13,0,0,17,4,0,14,1,1,0,7,3,0,15,75,9,39,5,22,0,0,0,3,12,33,0,0,0,0,0,2,9,16,0,0
"IA","IOWA","1900021","Okoboji Comm School District","02004","Okoboji Elementary School","190002102004","MISSING",0,0,0,4,0,0,40,0,0,0,1,0,0,11,56,0,44,0,12,0,0,0,0,3,40,0,1,0,0,0,0,3,9,0,0
"IA","IOWA","1915840","Knoxville Comm School District","02114","West Elementary","191584002114","MISSING",0,0,0,0,4,0,26,0,0,0,0,0,0,11,41,1,29,0,11,0,0,0,1,12,17,0,0,0,0,0,0,1,10,0,0
"IA","IOWA","1904440","BCLUW Comm School District","00087","BCLUW Middle School","190444000087","MISSING",0,0,0,1,0,1,12,0,0,0,1,0,0,13,28,1,13,0,14,0,0,0,0,3,11,0,0,0,0,0,2,2,10,0,0
"IA","IOWA","1900021","Okoboji Comm School District","02002","Okoboji High School","190002102002","MISSING",0,0,0,0,4,0,13,0,0,0,0,1,0,7,25,1,16,0,8,0,0,0,0,5,12,0,0,0,0,0,0,1,7,0,0
"IA","IOWA","1926730","South Tama County","01556","South Tama County High School","192673001556","MISSING",6,0,0,22,2,0,18,1,0,0,13,2,0,16,80,10,38,8,24,0,0,0,3,19,25,0,1,0,0,0,0,9,23,0,0
"IA","IOWA","1903780","Ar-We-Va Comm School District","00085","Westside Junior-Senior High School","190378000085","MISSING",0,0,0,0,1,0,8,0,0,0,2,1,0,2,14,0,9,2,3,0,0,0,0,0,9,0,0,0,0,0,1,0,4,0,0
"IA","IOWA","1903780","Ar-We-Va Comm School District","02177","Ar-We-Va Elementary Community School","190378002177","MISSING",0,0,0,1,1,0,8,0,0,0,1,0,0,2,13,0,10,1,2,0,0,0,0,2,8,0,0,0,0,0,0,0,3,0,0
"IA","IOWA","1900021","Okoboji Comm School District","02003","Okoboji Middle School","190002102003","MISSING",0,0,0,1,1,0,30,0,0,1,1,0,0,20,54,1,31,0,22,0,0,0,0,4,26,0,2,1,0,0,0,1,19,1,0
"IA","IOWA","1908730","Decorah Community School District","00500","John Cline Elementary School","190873000500","MISSING",0,0,1,1,1,0,25,0,0,0,3,0,0,9,40,1,27,0,12,0,0,0,0,5,23,0,0,0,0,1,0,0,11,0,0
"IA","IOWA","1906810","Central DeWitt School District","02144","Central DeWitt Intermediate School","190681002144","MISSING",1,0,1,0,1,0,19,0,0,0,0,2,0,14,38,0,22,0,16,0,0,0,0,7,15,0,0,0,0,0,0,3,13,0,0
"IA","IOWA","1908520","Dallas Center-Grimes Comm School District","02242","Heritage Elementary","190852002242","MISSING",0,1,1,2,0,0,24,0,1,0,1,1,0,9,40,1,27,0,12,0,1,0,0,7,20,0,0,0,0,0,0,2,10,0,0
"IA","IOWA","1908730","Decorah Community School District","01501","Carrie Lee Elementary","190873001501","MISSING",0,0,1,1,2,0,27,0,0,2,1,0,0,8,42,0,31,0,11,0,0,0,3,2,26,0,0,0,0,0,0,0,11,0,0
"IA","IOWA","1930960","West Harrison Comm School District","00331","West Harrison Elementary","193096000331","MISSING",0,0,0,0,0,0,15,0,0,0,0,0,0,9,24,0,15,0,9,0,0,0,0,2,13,0,0,0,0,0,0,0,9,0,0
"IA","IOWA","1906810","Central DeWitt School District","00287","Central DeWitt Middle School","190681000287","MISSING",1,0,1,3,2,0,16,0,0,0,0,0,0,7,30,0,23,0,7,0,0,0,2,2,19,0,0,0,0,0,2,1,4,0,0
"IA","IOWA","1907980","Columbus Comm School District","00398","Columbus Community Junior High School","190798000398","MISSING",0,0,0,12,0,0,1,0,0,0,4,0,0,1,18,8,5,2,3,0,0,0,0,1,12,0,0,0,0,0,0,0,5,0,0
"IA","IOWA","1908520","Dallas Center-Grimes Comm School District","00453","Dallas Center-Grimes Middle School","190852000453","MISSING",0,0,3,0,0,0,29,0,1,1,1,0,0,16,51,0,32,1,18,0,0,0,0,2,30,0,0,0,0,0,0,2,17,0,0
"IA","IOWA","1900060","GMG Comm School District","00179","GMG Secondary School","190006000179","MISSING",0,0,0,1,0,0,9,0,0,0,0,0,0,4,14,0,10,0,4,1,0,0,0,1,7,0,1,0,0,0,0,0,4,0,0
"IA","IOWA","1925980","Sheldon Comm School District","01475","Sheldon Middle School","192598001475","MISSING",0,2,1,3,1,2,19,0,0,0,5,0,0,10,43,2,26,2,13,0,0,0,1,3,22,1,1,0,0,0,0,2,12,1,0
"IA","IOWA","1906810","Central DeWitt School District","00286","Central DeWitt High School","190681000286","MISSING",0,0,0,4,2,0,32,0,0,0,1,0,0,12,51,0,38,0,13,0,0,0,6,15,17,0,0,0,0,0,0,7,6,0,0
"IA","IOWA","1919200","Midland Comm School District","01563","Midland Middle/High School","191920001563","MISSING",0,0,1,0,0,0,27,0,0,0,0,0,0,10,38,0,28,0,10,0,0,0,4,5,19,0,0,0,0,0,0,4,6,0,0
"IA","IOWA","1907980","Columbus Comm School District","00397","Roundy Elementary School","190798000397","MISSING",0,0,0,14,0,0,8,0,0,2,7,0,0,1,32,8,14,5,5,0,0,0,0,1,21,0,0,0,0,0,0,3,7,0,0
"IA","IOWA","1908520","Dallas Center-Grimes Comm School District","00451","Dallas Center-Grimes High School","190852000451","MISSING",0,0,0,0,1,0,26,0,0,1,0,0,0,14,42,0,27,2,13,0,0,0,5,5,16,1,0,0,0,0,0,1,14,0,0
"IA","IOWA","1906810","Central DeWitt School District","00288","Ekstrand Elementary School","190681000288","MISSING",0,0,1,1,3,0,21,0,0,1,0,2,0,16,45,0,26,1,18,0,0,0,0,5,21,0,0,0,0,0,0,7,12,0,0
"IA","IOWA","1919200","Midland Comm School District","02162","Midland Elementary","191920002162","MISSING",0,0,1,0,0,0,25,0,0,1,0,0,0,8,35,0,26,0,9,0,0,0,2,3,21,0,0,0,0,0,0,0,9,0,0
"IA","IOWA","1908520","Dallas Center-Grimes Comm School District","02099","North Ridge Elementary","190852002099","MISSING",0,1,1,1,1,0,26,0,1,0,0,0,0,10,41,0,30,0,11,0,0,0,0,6,24,0,0,0,0,0,0,2,9,0,0
"IA","IOWA","1907350","Clarinda Comm School District","00342","Garfield Elementary School","190735000342","MISSING",0,0,1,2,1,0,30,0,0,1,1,0,0,21,57,1,33,0,23,0,0,0,4,8,22,0,0,0,0,0,0,5,18,0,0
"IA","IOWA","1930960","West Harrison Comm School District","01801","West Harrison High School West Harrison Middle Sch","193096001801","MISSING",0,0,0,0,0,0,18,1,0,0,0,0,0,8,27,0,18,0,9,0,0,0,1,1,15,0,1,0,0,0,0,0,9,0,0
"IA","IOWA","1907350","Clarinda Comm School District","00340","Clarinda High School","190735000340","MISSING",0,0,0,3,0,0,35,0,0,0,1,1,0,15,55,0,38,0,17,0,0,0,2,9,27,0,0,0,0,0,0,5,12,0,0
"IA","IOWA","1907380","Clarion-Goldfield-Dows Comm School District","00346","Clarion-Goldfield-Dows Elementary School","190738000346","MISSING",0,0,0,12,0,0,13,0,0,0,4,1,0,9,39,7,18,4,10,0,0,0,1,3,21,0,0,0,0,0,0,5,9,0,0
"IA","IOWA","1907380","Clarion-Goldfield-Dows Comm School District","00348","Clarion-Goldfield-Dows Middle School","190738000348","MISSING",0,1,0,9,1,0,11,0,0,0,6,0,0,9,37,5,17,4,11,0,0,0,0,2,20,0,0,0,0,0,0,0,15,0,0
"IA","IOWA","1900060","GMG Comm School District","00182","GMG Elementary School","190006000182","MISSING",0,0,1,1,0,0,21,0,0,0,0,0,0,12,35,0,23,0,12,0,0,0,0,2,21,0,0,0,0,0,0,0,12,0,0
"IA","IOWA","1908520","Dallas Center-Grimes Comm School District","00705","Dallas Center Elementary","190852000705","MISSING",0,0,0,0,0,0,16,0,0,0,0,0,0,7,23,0,16,0,7,0,1,0,0,0,14,1,0,0,0,0,0,0,7,0,0
"IA","IOWA","1925980","Sheldon Comm School District","01474","Sheldon High School","192598001474","MISSING",0,1,1,3,0,0,17,0,0,0,1,0,0,12,35,4,18,0,13,0,0,0,0,1,20,0,1,0,0,0,0,5,8,0,0
"IA","IOWA","1908730","Decorah Community School District","00501","Decorah High School","190873000501","MISSING",0,1,0,2,1,0,29,1,1,0,1,2,0,10,48,2,31,1,14,0,0,0,2,5,26,0,0,0,0,0,3,3,9,0,0
"IA","IOWA","1908730","Decorah Community School District","00502","West Side Elementary School","190873000502","MISSING",0,0,0,1,0,0,0,0,0,0,0,0,0,1,2,0,1,0,1,0,0,0,0,0,1,0,0,0,0,0,1,0,0,0,0
"IA","IOWA","1907380","Clarion-Goldfield-Dows Comm School District","00347","Clarion-Goldfield-Dows High School","190738000347","MISSING",0,0,0,10,1,0,12,1,0,0,5,0,0,7,36,5,18,3,10,0,0,0,1,2,20,0,0,0,0,0,0,4,9,0,0
"IA","IOWA","1908730","Decorah Community School District","00498","Decorah Middle School","190873000498","MISSING",0,1,0,4,0,0,39,0,0,0,0,0,0,32,76,2,42,0,32,0,0,0,1,5,38,0,0,0,0,0,1,4,27,0,0
"IA","IOWA","1907350","Clarinda Comm School District","00423","Clarinda Academy","190735000423","MISSING",0,0,0,1,1,0,8,0,0,0,0,0,0,0,10,0,10,0,0,9,0,0,1,0,0,0,0,0,0,0,0,0,0,0,0
"IA","IOWA","1908520","Dallas Center-Grimes Comm School District","02174","DC-G Meadows","190852002174","MISSING",0,0,2,0,2,0,21,0,1,1,0,2,0,11,40,5,20,0,15,0,0,0,1,6,18,0,0,0,0,0,0,3,12,0,0
"IA","IOWA","1907980","Columbus Comm School District","00396","Columbus Community High School","190798000396","MISSING",0,0,0,15,2,0,7,0,0,0,6,0,0,3,33,11,13,3,6,1,0,0,0,6,17,0,0,0,0,0,0,6,3,0,0
"IA","IOWA","1925980","Sheldon Comm School District","01473","East Elementary School","192598001473","MISSING",0,0,2,4,1,0,35,0,0,1,2,0,0,14,59,3,39,2,15,0,0,0,1,4,37,0,0,0,0,0,1,4,12,0,0
"IA","IOWA","1908520","Dallas Center-Grimes Comm School District","02029","South Prairie Elementary","190852002029","MISSING",0,0,2,3,2,0,31,0,0,3,0,1,0,9,51,0,38,2,11,0,0,0,0,5,33,0,0,0,0,0,0,2,11,0,0
"IA","IOWA","1912330","Garner-Hayfield-Ventura Comm School District","00752","Garner-Hayfield-Ventura Elementary School","191233000752","MISSING",0,0,0,3,0,0,20,0,1,0,1,0,0,10,35,0,23,0,12,0,0,0,0,4,19,0,0,0,0,0,1,2,9,0,0
"IA","IOWA","1910980","English Valleys Comm School District","00679","English Valleys Jr-Sr High School","191098000679","MISSING",0,0,2,2,1,0,21,0,0,0,0,0,0,13,39,0,26,0,13,0,0,0,0,3,22,1,0,0,0,0,0,2,11,0,0
"IA","IOWA","1919140","Mid-Prairie Comm School District","01131","Mid-Prairie High School","191914001131","MISSING",0,0,1,2,4,0,36,0,0,0,4,1,0,12,60,1,42,0,17,0,0,0,3,3,37,0,0,0,0,0,5,0,12,0,0
"IA","IOWA","1923160","Pleasantville Comm School District","01367","Pleasantville Elementary","192316001367","MISSING",0,0,0,1,2,0,31,0,0,0,1,2,0,15,52,0,34,0,18,0,0,0,0,1,33,0,0,0,0,0,0,2,16,0,0
"IA","IOWA","1923160","Pleasantville Comm School District","01369","Pleasantville High School","192316001369","MISSING",0,0,0,0,1,0,15,0,0,0,0,1,0,5,22,0,16,0,6,0,0,0,1,4,11,0,0,0,0,0,1,1,4,0,0
"IA","IOWA","1923160","Pleasantville Comm School District","01403","Pleasantville Middle School","192316001403","MISSING",0,0,0,0,0,0,13,0,0,0,0,0,0,2,15,0,13,0,2,0,0,0,0,1,12,0,0,0,0,0,0,0,2,0,0
"IA","IOWA","1918540","Maquoketa Valley Comm School District","01065","Earlville Elementary School","191854001065","MISSING",0,0,0,0,0,0,6,0,0,0,0,0,0,0,6,0,6,0,0,0,0,0,0,0,6,0,0,0,0,0,0,0,0,0,0
"IA","IOWA","1917550","Lone Tree Comm School District","01018","Lone Tree Elementary School","191755001018","MISSING",0,0,0,0,0,0,11,0,0,0,0,0,0,10,21,0,11,0,10,0,0,0,0,0,11,0,0,0,0,0,0,0,10,0,0
"IA","IOWA","1904620","Belle Plaine Comm School District","00127","Longfellow Elementary School","190462000127","MISSING",0,0,0,1,2,0,17,0,0,0,0,1,0,3,24,0,20,0,4,0,0,0,0,0,20,0,0,0,0,0,0,0,4,0,0
"IA","IOWA","1900024","South Central Calhoun Comm School District","02153","South Central Calhoun Middle School","190002402153","MISSING",0,0,0,1,1,0,34,0,0,0,3,1,0,5,45,0,36,0,9,0,0,0,0,6,30,0,0,0,0,0,0,2,7,0,0
"IA","IOWA","1918540","Maquoketa Valley Comm School District","01066","Johnston Elementary School","191854001066","MISSING",0,0,0,0,0,0,4,0,0,0,0,0,0,4,8,0,4,1,3,0,0,0,0,0,4,0,0,0,0,0,0,0,4,0,0
"IA","IOWA","1910980","English Valleys Comm School District","00680","English Valleys Elementary School","191098000680","MISSING",0,0,1,0,1,0,15,0,0,0,2,3,0,10,32,0,17,0,15,0,0,0,1,2,14,0,0,0,0,0,0,1,14,0,0
"IA","IOWA","1916530","Le Mars Comm School District","00985","Franklin Elementary School","191653000985","MISSING",0,0,0,2,1,0,16,0,0,0,1,1,0,14,35,0,19,0,16,0,0,0,0,3,16,0,0,0,0,0,0,2,14,0,0
"IA","IOWA","1918540","Maquoketa Valley Comm School District","01067","Maquoketa Valley Senior High School","191854001067","MISSING",0,0,1,1,0,0,9,0,0,0,0,0,0,6,17,0,11,0,6,0,0,0,0,2,9,0,0,0,0,0,0,1,5,0,0
"IA","IOWA","1919140","Mid-Prairie Comm School District","02277","Mid-Prairie Virtual Academy","191914002277","MISSING",0,0,0,0,0,0,4,0,0,0,1,0,0,3,8,0,4,0,4,0,0,0,0,0,4,0,0,0,0,0,0,0,4,0,0
"IA","IOWA","1919140","Mid-Prairie Comm School District","01130","Mid-Prairie East Elem. School","191914001130","MISSING",0,0,1,2,0,0,14,0,0,0,2,0,0,8,27,2,15,1,9,0,0,0,0,0,17,0,0,0,0,0,1,0,9,0,0
"IA","IOWA","1916530","Le Mars Comm School District","00988","Le Mars High School","191653000988","MISSING",1,0,2,7,2,0,26,0,0,0,6,0,0,17,61,3,35,0,23,0,0,0,4,14,20,0,0,0,0,0,2,4,17,0,0
"IA","IOWA","1900024","South Central Calhoun Comm School District","01417","South Central Calhoun Elementary Building","190002401417","MISSING",0,0,0,1,0,0,36,0,0,0,0,0,0,11,48,0,37,0,11,0,0,0,0,1,36,0,0,0,0,0,0,0,11,0,0
"IA","IOWA","1918240","East Mills Comm School District","01046","East Mills Jr/Sr High School","191824001046","MISSING",0,0,0,1,0,0,13,0,0,0,1,0,0,9,24,0,14,0,10,0,0,0,2,4,8,0,0,0,0,0,0,2,7,0,1
"IA","IOWA","1916530","Le Mars Comm School District","00987","Kluckhohn Elementary School","191653000987","MISSING",1,0,1,1,1,1,22,0,0,1,1,0,0,11,40,0,27,2,11,0,0,0,4,1,22,0,0,0,0,0,2,2,9,0,0
"IA","IOWA","1916530","Le Mars Comm School District","01101","Individualized Learning Center","191653001101","MISSING",0,0,0,1,0,0,2,0,0,0,0,0,0,0,3,0,3,0,0,0,0,0,0,0,3,0,0,0,0,0,0,0,0,0,0
"IA","IOWA","1912330","Garner-Hayfield-Ventura Comm School District","00753","Garner-Hayfield-Ventura High School","191233000753","MISSING",0,0,0,0,0,0,14,0,0,0,0,1,0,8,23,0,14,0,9,1,0,0,0,5,8,0,0,0,0,0,0,2,7,0,0
"IA","IOWA","1918540","Maquoketa Valley Comm School District","01064","Delhi Elementary School","191854001064","MISSING",0,0,1,1,0,0,10,0,0,1,0,0,0,4,17,0,12,0,5,0,0,0,0,0,12,0,0,0,0,0,0,0,5,0,0
"IA","IOWA","1918240","East Mills Comm School District","01230","East Mills Elementary School","191824001230","MISSING",0,0,2,1,0,0,21,0,0,0,0,0,0,15,39,0,24,0,15,0,0,0,3,4,15,0,2,0,0,0,1,0,13,0,1
"IA","IOWA","1918540","Maquoketa Valley Comm School District","00725","Maquoketa Valley Middle School","191854000725","MISSING",0,0,0,0,0,0,9,0,0,0,0,0,0,1,10,0,9,0,1,0,0,0,1,0,8,0,0,0,0,0,0,0,1,0,0
"IA","IOWA","1916530","Le Mars Comm School District","00984","Le Mars Middle School","191653000984","MISSING",2,0,3,14,2,0,38,0,0,0,5,3,0,22,89,9,50,1,29,0,0,0,7,12,40,0,0,0,0,0,4,3,23,0,0
"IA","IOWA","1919140","Mid-Prairie Comm School District","01132","Mid-Prairie Middle School","191914001132","MISSING",0,0,1,4,2,0,20,0,0,0,1,0,0,17,45,1,26,0,18,0,0,0,1,2,24,0,0,0,0,0,0,0,18,0,0
"IA","IOWA","1916530","Le Mars Comm School District","00983","Clark Elementary School","191653000983","MISSING",0,1,1,9,0,0,13,0,0,0,10,0,1,14,49,9,15,7,18,0,0,0,0,3,21,0,0,0,0,0,0,2,23,0,0
"IA","IOWA","1900024","South Central Calhoun Comm School District","00961","South Central Calhoun High School","190002400961","MISSING",0,0,1,0,0,0,10,0,0,0,1,0,0,11,23,0,11,0,12,0,0,0,0,2,9,0,0,0,0,0,0,0,12,0,0
"IA","IOWA","1912330","Garner-Hayfield-Ventura Comm School District","02181","Garner-Hayfield-Ventura Middle School","191233002181","MISSING",0,0,0,3,0,0,15,0,0,0,1,1,0,11,31,2,16,0,13,0,0,0,0,2,16,0,0,0,0,0,0,3,10,0,0
"IA","IOWA","1919140","Mid-Prairie Comm School District","01134","Mid-Prairie West Elem. School","191914001134","MISSING",0,0,1,1,0,0,22,0,0,0,0,0,0,9,33,0,24,0,9,0,0,0,0,1,23,0,0,0,0,0,0,0,9,0,0
"IA","IOWA","1904620","Belle Plaine Comm School District","00124","Belle Plaine Jr/Sr High School","190462000124","MISSING",0,0,0,0,0,0,13,0,0,0,0,0,0,3,16,0,13,0,3,0,0,0,0,0,13,0,0,0,0,0,0,0,3,0,0
"IA","IOWA","1917550","Lone Tree Comm School District","01019","Lone Tree Junior-Senior High School","191755001019","MISSING",0,0,0,2,0,0,16,0,0,0,0,0,0,7,25,0,18,0,7,0,0,0,1,4,13,0,0,0,0,0,0,1,6,0,0
"IA","IOWA","1903690","Ankeny Comm School District","00074","Northwest Elementary School","190369000074","MISSING",1,0,0,2,6,0,20,0,0,0,2,4,0,12,47,0,29,0,18,0,0,0,1,2,26,0,0,0,0,0,0,1,17,0,0
"IA","IOWA","1920760","Central Springs Comm School District","01238","Central Springs Elem. Manly Campus","192076001238","MISSING",0,0,1,0,0,0,5,0,0,1,0,1,0,5,13,0,6,0,7,0,0,0,0,1,5,0,0,0,0,0,0,0,7,0,0
"IA","IOWA","1903690","Ankeny Comm School District","02187","Ankeny Centennial High School","190369002187","MISSING",0,1,8,7,4,0,82,1,0,2,4,2,0,30,141,1,101,1,38,0,1,0,19,27,55,0,0,0,2,0,4,10,23,0,0
"IA","IOWA","1906060","Camanche Comm School District","00209","Camanche Elementary","190606000209","MISSING",0,0,0,3,3,0,25,0,0,1,0,0,0,11,43,0,31,0,12,0,0,0,4,3,24,0,0,0,0,0,1,2,9,0,0
"IA","IOWA","1909120","Dike-New Hartford Comm School District","01208","New Hartford Elementary School","190912001208","MISSING",0,0,0,0,0,0,12,0,0,0,0,0,0,7,19,0,12,0,7,0,0,0,0,3,9,0,0,0,0,0,0,0,7,0,0
"IA","IOWA","1903690","Ankeny Comm School District","02094","Ashland Ridge Elementary","190369002094","MISSING",0,0,0,0,0,0,25,0,0,0,8,0,0,11,44,0,25,2,17,0,0,0,0,2,23,0,0,0,0,2,0,0,17,0,0
"IA","IOWA","1906780","Central City Comm School District","00284","Central City Elementary School","190678000284","MISSING",0,0,0,0,0,0,20,0,0,0,0,0,0,10,30,0,20,0,10,0,0,0,0,2,18,0,0,0,0,0,0,1,9,0,0
"IA","IOWA","1903690","Ankeny Comm School District","02139","Prairie Ridge Middle School","190369002139","MISSING",0,2,1,4,3,0,47,0,0,0,1,2,0,28,88,2,55,0,31,0,0,0,1,8,48,0,0,0,0,0,1,6,24,0,0
"IA","IOWA","1900022","Union Comm School District","00957","Union High School","190002200957","MISSING",0,0,1,1,1,0,21,0,0,0,2,1,0,15,42,0,24,0,18,0,0,0,0,2,18,0,4,0,0,0,0,2,16,0,0
"IA","IOWA","1903690","Ankeny Comm School District","00778","Crocker Elementary School","190369000778","MISSING",0,0,0,1,5,0,34,0,0,1,2,1,0,18,62,1,39,2,20,0,0,0,3,8,29,0,0,0,0,0,0,4,18,0,0
"IA","IOWA","1928170","Twin Cedars Comm School District","01641","Twin Cedars Elementary School","192817001641","MISSING",0,0,0,1,4,0,14,0,0,0,2,0,0,10,31,0,19,0,12,0,0,0,1,6,12,0,0,0,0,0,0,4,8,0,0
"IA","IOWA","1903690","Ankeny Comm School District","02213","Rock Creek Elementary","190369002213","MISSING",0,0,2,5,2,0,53,0,1,0,3,1,0,28,95,9,53,0,33,0,0,0,1,11,50,0,0,0,0,0,0,9,24,0,0
"IA","IOWA","1920760","Central Springs Comm School District","01236","Central Springs Middle School","192076001236","MISSING",0,0,1,1,1,0,21,0,0,1,0,0,0,10,35,0,24,0,11,0,0,0,0,5,19,0,0,0,0,0,0,1,10,0,0
"IA","IOWA","1903690","Ankeny Comm School District","00077","Southeast Elementary School","190369000077","MISSING",0,1,5,3,1,0,19,0,1,3,8,1,0,14,56,3,26,8,19,0,0,0,2,6,21,0,0,0,0,0,0,10,17,0,0
"IA","IOWA","1909990","Eagle Grove Comm School District","00636","Robert Blue School","190999000636","MISSING",0,0,1,10,1,0,15,1,0,0,15,0,0,6,49,6,21,12,10,0,0,0,1,2,24,0,0,0,0,0,0,4,18,0,0
"IA","IOWA","1903690","Ankeny Comm School District","00071","Ankeny High School","190369000071","MISSING",0,1,2,15,7,0,60,0,0,2,3,2,0,30,122,8,77,1,36,0,0,0,9,19,57,0,0,0,0,0,3,8,26,0,0
"IA","IOWA","1903690","Ankeny Comm School District","02269","Heritage Elementary","190369002269","MISSING",0,2,1,2,3,0,32,0,0,2,1,2,0,19,64,0,40,1,23,0,0,0,0,8,32,0,0,0,0,0,0,2,22,0,0
"IA","IOWA","1909120","Dike-New Hartford Comm School District","00596","Dike-New Hartford High School","190912000596","MISSING",0,0,0,0,2,0,13,0,0,0,0,1,0,11,27,0,15,0,12,0,0,0,0,5,10,0,0,0,0,0,1,4,7,0,0
"IA","IOWA","1900022","Union Comm School District","00632","Dysart-Geneseo Elementary School","190002200632","MISSING",0,0,1,0,1,0,26,0,0,0,1,0,0,9,38,0,28,0,10,0,0,0,0,3,24,0,1,0,0,0,0,1,9,0,0
"IA","IOWA","1921840","Osage Comm School District","01303","Osage Middle School","192184001303","MISSING",0,0,0,4,0,0,16,0,0,0,0,2,0,8,30,1,19,0,10,0,0,0,0,2,18,0,0,0,0,0,0,1,9,0,0
"IA","IOWA","1907410","Clarke Comm School District","00351","Clarke Community Elementary School","190741000351","MISSING",0,0,0,14,1,0,35,0,0,0,7,0,0,19,76,7,43,7,19,0,0,0,2,6,42,0,0,0,0,0,0,6,20,0,0
"IA","IOWA","1908130","Corning Comm School District","00403","Corning Elementary School","190813000403","MISSING",0,0,0,1,0,0,18,0,0,0,0,0,0,5,24,0,19,0,5,0,0,0,0,3,16,0,0,0,0,0,1,0,4,0,0
"IA","IOWA","1926640","South Hamilton Comm School District","01549","South Hamilton Middle And High School","192664001549","MISSING",0,0,0,1,0,0,14,0,0,0,4,0,0,12,31,1,14,1,15,0,0,0,0,6,9,0,0,0,0,0,0,3,13,0,0
"IA","IOWA","1903690","Ankeny Comm School District","02186","Southview Middle School","190369002186","MISSING",0,0,0,0,2,0,39,0,1,2,6,3,0,12,65,0,41,1,23,0,0,0,1,6,34,0,0,0,0,0,2,1,21,0,0
"IA","IOWA","1932010","Woodward-Granger Comm School District","01867","Woodward-Granger Elementary School","193201001867","MISSING",0,0,0,0,1,0,27,0,0,0,1,1,0,6,36,0,28,1,7,0,0,0,2,2,23,0,1,0,0,0,0,2,6,0,0
"IA","IOWA","1918510","Maquoketa Comm School District","01060","Briggs Elementary School","191851001060","MISSING",0,0,1,2,6,2,28,0,0,0,1,2,0,19,61,1,38,0,22,0,0,0,12,8,19,0,0,0,0,0,5,4,13,0,0
"IA","IOWA","1932010","Woodward-Granger Comm School District","02079","Woodward Academy","193201002079","MISSING",0,0,8,10,2,0,26,1,0,3,0,0,0,3,53,0,46,0,7,26,0,0,1,4,15,0,0,5,0,0,0,0,2,0,0
"IA","IOWA","1908130","Corning Comm School District","00404","Southwest Valley High school","190813000404","MISSING",0,0,0,3,0,0,11,0,0,1,0,1,0,9,25,0,14,0,11,0,0,0,0,0,14,0,0,0,0,0,0,0,11,0,0
"IA","IOWA","1909120","Dike-New Hartford Comm School District","01207","Dike-New Hartford Junior High School","190912001207","MISSING",0,0,0,0,1,0,16,0,0,1,0,0,0,12,30,0,17,0,13,0,0,0,0,6,11,0,0,0,0,0,0,3,10,0,0
"IA","IOWA","1928170","Twin Cedars Comm School District","01642","Twin Cedars Jr-Sr High School","192817001642","MISSING",0,0,0,2,0,0,15,0,0,0,1,0,0,8,26,0,17,0,9,0,0,0,0,3,14,0,0,0,0,0,0,0,9,0,0
"IA","IOWA","1909990","Eagle Grove Comm School District","01537","Eagle Grove Elementary","190999001537","MISSING",0,0,1,11,1,0,14,0,0,0,6,0,0,10,43,10,17,5,11,0,0,0,1,3,23,0,0,0,0,0,0,1,15,0,0
"IA","IOWA","1932010","Woodward-Granger Comm School District","01868","Woodward-Granger High School","193201001868","MISSING",0,0,0,0,0,0,6,0,0,1,0,0,0,3,10,0,6,0,4,0,0,0,0,3,3,0,0,0,0,0,0,0,4,0,0
"IA","IOWA","1903690","Ankeny Comm School District","00380","Northview Middle School","190369000380","MISSING",0,0,6,5,4,0,58,0,0,5,2,3,0,30,113,1,72,0,40,0,0,0,10,8,55,0,0,0,0,0,2,8,30,0,0
"IA","IOWA","1920760","Central Springs Comm School District","01235","Central Springs Elem. School - Nora Springs","192076001235","MISSING",0,0,0,0,0,0,9,0,0,0,0,0,0,5,14,0,9,0,5,0,0,0,0,0,9,0,0,0,0,0,0,0,5,0,0
"IA","IOWA","1920760","Central Springs Comm School District","01239","Central Springs High School","192076001239","MISSING",0,0,1,2,1,0,16,0,0,0,0,0,0,8,28,0,20,0,8,0,0,0,0,2,18,0,0,0,0,0,0,2,6,0,0
"IA","IOWA","1900022","Union Comm School District","02013","Union Middle School","190002202013","MISSING",0,0,1,1,2,0,25,0,0,0,0,3,0,15,47,0,29,0,18,0,0,0,1,4,23,0,1,0,0,0,1,5,12,0,0
"IA","IOWA","1921840","Osage Comm School District","01301","Lincoln Elementary School","192184001301","MISSING",0,0,0,0,1,0,22,0,0,0,0,1,0,12,36,0,23,0,13,0,0,0,0,3,20,0,0,0,0,0,0,1,12,0,0
"IA","IOWA","1907410","Clarke Comm School District","00350","Clarke Middle School","190741000350","MISSING",0,0,1,14,1,0,22,0,0,0,11,1,0,10,60,10,28,6,16,0,0,0,5,4,29,0,0,0,0,0,1,5,16,0,0
"IA","IOWA","1906060","Camanche Comm School District","00206","Camanche High School","190606000206","MISSING",0,0,0,1,1,0,20,0,0,0,1,0,0,10,33,0,22,0,11,0,0,0,1,2,19,0,0,0,0,0,1,0,10,0,0
"IA","IOWA","1909990","Eagle Grove Comm School District","00635","Eagle Grove High School","190999000635","MISSING",0,0,0,5,1,0,19,0,0,0,4,0,0,8,37,2,23,4,8,0,0,0,1,5,19,0,0,0,0,0,0,3,9,0,0
"IA","IOWA","1903690","Ankeny Comm School District","00148","Northeast Elementary","190369000148","MISSING",0,2,3,3,3,0,21,0,0,0,3,0,0,18,53,2,30,0,21,0,0,0,1,3,28,0,0,0,0,0,0,1,20,0,0
"IA","IOWA","1999019","Southeast Webster Grand Comm School District","02077","Dayton Center","199901902077","MISSING",0,0,0,2,2,0,20,0,1,0,0,1,0,10,36,0,24,0,12,0,0,0,1,1,22,0,0,0,0,0,0,0,12,0,0
"IA","IOWA","1918510","Maquoketa Comm School District","01062","Maquoketa Community High School","191851001062","MISSING",1,0,1,1,2,2,42,0,1,0,1,1,3,33,88,1,48,2,37,0,0,0,8,9,32,0,0,0,0,0,4,9,26,0,0
"IA","IOWA","1999019","Southeast Webster Grand Comm School District","02217","Southeast Webster-Grand Southeast Valley Middle","199901902217","MISSING",0,1,2,1,1,0,23,0,0,0,0,0,0,17,45,0,28,0,17,0,0,0,1,6,21,0,0,0,0,0,0,2,15,0,0
"IA","IOWA","1918510","Maquoketa Comm School District","01061","Cardinal Elementary School","191851001061","MISSING",0,0,0,0,1,2,17,0,0,0,0,2,0,8,30,1,19,1,9,0,0,0,5,2,13,0,0,0,0,0,2,1,7,0,0
"IA","IOWA","1903690","Ankeny Comm School District","02026","Westwood Elementary School","190369002026","MISSING",0,1,1,7,0,0,43,1,0,0,0,0,0,18,71,0,52,0,19,0,0,0,1,12,39,0,0,0,0,0,0,4,15,0,0
"IA","IOWA","1932010","Woodward-Granger Comm School District","02223","Woodward-Granger Early Learning Center","193201002223","MISSING",0,0,0,0,0,0,16,0,0,0,0,0,0,2,18,0,16,0,2,0,0,0,0,0,16,0,0,0,0,0,0,0,2,0,0
"IA","IOWA","1932010","Woodward-Granger Comm School District","01866","Woodward-Granger Middle School","193201001866","MISSING",0,0,0,0,0,0,16,0,0,0,0,0,0,8,24,0,16,0,8,0,0,0,0,1,15,0,0,0,0,0,0,3,5,0,0
"IA","IOWA","1900022","Union Comm School District","00956","La Porte City Elementary School","190002200956","MISSING",0,0,0,2,1,0,25,0,0,1,0,1,0,14,44,0,28,0,16,0,0,0,0,4,23,0,1,0,0,0,0,1,14,0,1
"IA","IOWA","1906780","Central City Comm School District","00285","Central City High School","190678000285","MISSING",0,0,0,1,0,0,14,0,0,0,0,1,0,15,31,0,15,0,16,0,0,0,0,3,12,0,0,0,0,0,0,1,15,0,0
"IA","IOWA","1926640","South Hamilton Comm School District","01547","South Hamilton Elem","192664001547","MISSING",0,0,0,1,0,0,19,0,0,0,1,0,0,14,35,1,19,0,15,0,0,0,0,0,20,0,0,0,0,0,0,1,14,0,0
"IA","IOWA","1909120","Dike-New Hartford Comm School District","00595","Dike Elementary School","190912000595","MISSING",0,0,0,0,1,0,20,0,0,1,1,0,0,14,37,0,21,0,16,0,0,0,0,3,18,0,0,0,0,0,0,0,16,0,0
"IA","IOWA","1903690","Ankeny Comm School District","00072","East Elementary School","190369000072","MISSING",0,1,6,4,2,0,39,0,0,1,0,2,0,10,65,0,52,0,13,0,0,1,0,10,41,0,0,0,0,0,0,4,9,0,0
"IA","IOWA","1907410","Clarke Comm School District","00349","Clarke Community High School","190741000349","MISSING",0,0,1,16,0,0,16,0,0,0,6,0,0,8,47,12,21,4,10,0,0,0,1,7,25,0,0,0,0,0,3,1,10,0,0
"IA","IOWA","1918510","Maquoketa Comm School District","01063","Maquoketa Middle School","191851001063","MISSING",0,0,3,1,0,0,24,0,0,2,0,1,1,17,49,0,28,1,20,0,0,0,4,12,12,0,0,0,0,0,0,11,10,0,0
"IA","IOWA","1921840","Osage Comm School District","01302","Osage High School","192184001302","MISSING",0,1,0,3,1,0,14,1,0,0,0,1,0,10,31,0,19,0,12,0,0,0,0,4,15,0,0,0,0,0,0,1,10,1,0
"IA","IOWA","1906060","Camanche Comm School District","00207","Camanche Middle School","190606000207","MISSING",0,0,0,1,2,0,18,0,0,1,0,0,0,12,34,0,21,0,13,0,0,0,3,3,15,0,0,0,0,0,1,1,11,0,0
"IA","IOWA","1903690","Ankeny Comm School District","00073","Parkview Middle School","190369000073","MISSING",0,1,4,8,2,0,54,1,1,1,4,2,0,21,99,3,66,1,29,0,0,0,3,12,54,0,0,0,0,0,1,3,26,0,0
"IA","IOWA","1903690","Ankeny Comm School District","02183","Prairie Trail Elementary","190369002183","MISSING",0,1,0,2,3,0,35,0,0,1,0,1,0,13,56,1,40,0,15,0,0,0,1,2,38,0,0,0,0,0,0,2,13,0,0
"IA","IOWA","1906540","Cedar Rapids Comm School District","00247","Hiawatha Elementary School","190654000247","MISSING",1,0,4,2,4,0,28,0,0,4,0,4,1,22,70,2,37,2,29,0,0,0,3,4,32,0,0,0,0,0,5,2,24,0,0
"IA","IOWA","1906540","Cedar Rapids Comm School District","00258","Roosevelt Creative Corridor Business Academy","190654000258","MISSING",0,0,20,4,11,0,25,0,0,12,5,7,0,15,99,6,54,2,37,0,0,0,5,9,46,0,0,0,0,0,1,1,37,0,0
"IA","IOWA","1906540","Cedar Rapids Comm School District","00261","Taft Middle School","190654000261","MISSING",0,0,5,3,4,0,37,0,0,3,5,2,0,20,79,1,48,1,29,0,0,0,13,10,26,0,0,0,0,0,4,4,22,0,0
"IA","IOWA","1906540","Cedar Rapids Comm School District","00251","Johnson STEAM Academy School","190654000251","MISSING",0,0,20,3,7,0,15,0,0,10,3,4,0,6,68,0,45,0,23,0,0,0,3,4,38,0,0,0,0,0,1,2,20,0,0
"IA","IOWA","1906540","Cedar Rapids Comm School District","00268","Wright Elementary School","190654000268","MISSING",0,0,8,5,3,0,9,0,0,4,1,2,0,6,38,5,20,1,12,0,0,0,0,2,23,0,0,0,0,0,0,2,11,0,0
"IA","IOWA","1903300","Alburnett Comm School District","00025","Alburnett Senior High School","190330000025","MISSING",0,0,0,0,0,0,10,0,0,0,0,0,0,4,14,0,10,0,4,0,0,0,1,5,4,0,0,0,0,0,0,1,3,0,0
"IA","IOWA","1906540","Cedar Rapids Comm School District","00259","Metro High School","190654000259","MISSING",0,0,5,0,3,0,12,0,0,3,0,1,0,11,35,0,20,0,15,0,0,0,0,2,18,0,0,0,0,0,0,2,13,0,0
"IA","IOWA","1906540","Cedar Rapids Comm School District","00213","Jackson Elementary School","190654000213","MISSING",0,1,2,3,4,0,17,0,0,0,1,0,0,11,39,2,25,0,12,0,0,0,2,3,22,0,0,0,0,0,1,1,10,0,0
"IA","IOWA","1906540","Cedar Rapids Comm School District","00233","Arthur Elementary School","190654000233","MISSING",0,0,2,3,2,0,16,0,0,1,2,1,0,8,35,0,23,0,12,0,0,0,2,3,18,0,0,0,0,0,1,0,11,0,0
"IA","IOWA","1906540","Cedar Rapids Comm School District","00254","McKinley STEAM Academy","190654000254","MISSING",0,1,18,6,2,0,24,0,0,13,5,7,0,8,84,1,50,0,33,0,0,0,5,3,43,0,0,0,0,0,4,3,26,0,0
"IA","IOWA","1906540","Cedar Rapids Comm School District","00252","Kenwood Leadership Academy School","190654000252","MISSING",0,0,11,3,5,0,24,0,0,0,2,4,0,15,64,3,40,2,19,0,0,0,0,4,39,0,0,0,0,0,0,3,18,0,0
"IA","IOWA","1903300","Alburnett Comm School District","02193","Alburnett Middle School","190330002193","MISSING",0,0,0,0,0,0,12,0,0,0,0,1,0,6,19,0,12,0,7,0,0,0,0,0,12,0,0,0,0,0,0,0,7,0,0
"IA","IOWA","1906540","Cedar Rapids Comm School District","00263","Thomas Jefferson High School","190654000263","MISSING",1,2,31,12,11,0,75,0,0,15,5,5,0,54,211,6,126,4,75,0,0,0,34,35,63,0,0,0,0,0,10,21,48,0,0
"IA","IOWA","1903540","Ames Comm School District","00060","Ames Middle School","190354000060","MISSING",0,3,11,11,9,0,59,0,0,5,8,7,0,37,150,5,88,5,52,1,0,0,6,16,68,2,0,0,0,0,3,7,47,0,0
"IA","IOWA","1926070","Shenandoah Comm School District","01482","Shenandoah High School","192607001482","MISSING",0,0,0,0,0,0,35,0,0,0,0,0,0,12,47,0,35,0,12,0,0,0,0,6,28,1,0,0,0,1,0,1,10,0,0
"IA","IOWA","1926070","Shenandoah Comm School District","01483","Shenandoah Middle School","192607001483","MISSING",0,0,0,0,1,0,21,0,0,0,0,1,0,22,45,0,22,0,23,0,0,0,3,4,15,0,0,0,0,0,2,4,17,0,0
"IA","IOWA","1903300","Alburnett Comm School District","00024","Alburnett Elementary School","190330000024","MISSING",0,0,0,0,1,0,16,0,0,0,0,0,1,15,33,0,17,0,16,0,0,0,0,1,16,0,0,0,0,0,0,2,14,0,0
"IA","IOWA","1920040","Mount Vernon Comm School District","01179","Washington Elementary School","192004001179","MISSING",0,1,1,3,2,0,29,0,0,0,0,0,0,21,57,0,36,0,21,0,0,0,0,0,36,0,0,0,0,0,0,0,21,0,0
"IA","IOWA","1903540","Ames Comm School District","00053","Fellows Elementary School","190354000053","MISSING",0,8,6,3,4,0,24,1,1,4,1,0,0,16,68,9,36,2,21,0,0,0,3,7,35,0,0,0,0,0,0,2,21,0,0
"IA","IOWA","1906540","Cedar Rapids Comm School District","00248","Hoover Elementary School","190654000248","MISSING",0,0,11,4,6,0,10,0,1,9,1,0,0,6,48,4,27,4,13,0,0,0,1,7,23,0,0,0,0,0,1,2,14,0,0
"IA","IOWA","1906540","Cedar Rapids Comm School District","02272","Cedar Rapids Virtual Academy","190654002272","MISSING",0,0,10,0,4,0,15,0,0,3,2,3,0,18,55,0,29,0,26,0,0,0,4,5,20,0,0,0,0,0,0,1,25,0,0
"IA","IOWA","1915330","Jesup Comm School District","00924","Jesup High School","191533000924","MISSING",0,0,0,0,0,0,21,0,0,0,1,0,0,9,31,0,21,0,10,0,0,0,0,4,16,0,1,0,0,0,0,2,8,0,0
"IA","IOWA","1906540","Cedar Rapids Comm School District","00241","George Washington High School","190654000241","MISSING",1,0,39,7,6,0,62,0,0,18,3,6,0,26,168,3,112,0,53,0,0,0,25,28,62,0,0,0,0,0,7,11,35,0,0
"IA","IOWA","1909060","Diagonal Comm School District","00593","Diagonal Elementary School","190906000593","MISSING",0,0,0,0,0,0,4,1,0,0,0,0,0,4,9,0,4,0,5,0,0,0,0,0,4,0,0,0,0,0,0,0,5,0,0
"IA","IOWA","1906540","Cedar Rapids Comm School District","00237","Erskine Elementary School","190654000237","MISSING",0,0,0,0,5,0,19,0,0,1,0,3,0,5,33,0,24,0,9,0,0,0,0,3,21,0,0,0,0,0,0,0,9,0,0
"IA","IOWA","1908910","Denison Comm School District","00511","Denison Elementary School","190891000511","MISSING",0,2,6,21,0,0,7,0,0,1,7,0,0,4,48,26,10,8,4,0,0,0,5,4,27,0,0,0,0,0,2,2,8,0,0
"IA","IOWA","1911040","Essex Comm School District","00683","Essex Junior-Senior High School","191104000683","MISSING",0,0,0,0,1,0,10,0,0,0,1,0,0,6,18,0,11,0,7,0,0,0,1,1,9,0,0,0,0,0,0,2,5,0,0
"IA","IOWA","1906540","Cedar Rapids Comm School District","00255","Nixon Elementary School","190654000255","MISSING",0,4,9,4,3,0,13,0,1,0,3,1,0,7,45,9,24,1,11,0,0,0,9,4,20,0,0,0,0,0,4,1,7,0,0
"IA","IOWA","1906540","Cedar Rapids Comm School District","00253","Madison Elementary School","190654000253","MISSING",0,0,2,2,2,0,17,0,0,1,0,1,0,7,32,0,23,0,9,0,0,1,0,1,21,0,0,0,0,0,0,2,7,0,0
"IA","IOWA","1921870","Oskaloosa Comm School District","01094","Oskaloosa Elementary School","192187001094","MISSING",0,1,5,1,3,0,87,0,0,2,1,1,0,44,145,0,97,0,48,0,0,1,1,2,93,0,0,0,0,1,0,3,44,0,0
"IA","IOWA","1906540","Cedar Rapids Comm School District","00731","Viola Gibson Elementary School","190654000731","MISSING",0,0,0,3,2,0,23,0,0,0,1,2,0,13,44,0,28,1,15,0,0,0,0,1,27,0,0,0,0,0,0,3,13,0,0
"IA","IOWA","1926280","Sigourney Comm School District","01494","Sigourney Elementary","192628001494","MISSING",0,0,0,2,0,0,28,0,0,0,2,0,0,10,42,0,30,1,11,0,0,0,0,2,28,0,0,0,0,0,0,1,11,0,0
"IA","IOWA","1903540","Ames Comm School District","00049","Sawyer Elementary School","190354000049","MISSING",0,0,10,3,7,0,13,0,0,3,1,1,0,11,49,0,33,1,15,0,0,0,1,8,23,1,0,0,0,0,1,1,13,1,0
"IA","IOWA","1906540","Cedar Rapids Comm School District","00256","Pierce Elementary School","190654000256","MISSING",0,0,8,2,4,0,28,0,0,3,0,3,0,7,55,0,42,1,12,0,0,0,2,3,37,0,0,0,0,0,1,2,10,0,0
"IA","IOWA","1903540","Ames Comm School District","00050","Ames High School","190354000050","MISSING",1,0,22,7,7,0,45,0,0,11,9,1,0,17,120,11,71,3,35,0,0,0,8,23,49,2,0,0,0,0,7,7,22,2,0
"IA","IOWA","1906540","Cedar Rapids Comm School District","00267","Wilson Middle School","190654000267","MISSING",0,0,14,5,5,0,26,0,0,3,3,0,0,15,71,2,48,1,20,0,0,0,8,13,29,0,0,0,0,0,3,4,14,0,0
"IA","IOWA","1914340","Hudson Comm School District","00857","Hudson High School","191434000857","MISSING",0,0,0,0,1,0,19,0,0,2,0,4,0,9,35,0,20,0,15,0,0,0,1,5,13,0,1,0,0,0,0,2,13,0,0
"IA","IOWA","1908910","Denison Comm School District","02097","Broadway Elementary School","190891002097","MISSING",0,0,0,19,0,0,5,0,1,1,6,0,0,4,36,15,9,6,6,0,0,0,1,0,23,0,0,0,0,0,2,0,10,0,0
"IA","IOWA","1906540","Cedar Rapids Comm School District","00244","Harding Middle School","190654000244","MISSING",0,0,15,5,1,0,39,0,0,5,4,5,0,20,94,5,55,1,33,0,0,0,7,13,40,0,0,0,0,0,3,7,24,0,0
"IA","IOWA","1906540","Cedar Rapids Comm School District","01490","Grant Elementary School","190654001490","MISSING",0,0,2,3,4,0,30,0,0,4,2,3,0,20,68,0,39,1,28,0,0,0,8,0,31,0,0,0,0,0,2,3,24,0,0
"IA","IOWA","1931860","Winterset Comm School District","01857","Winterset Middle School","193186001857","MISSING",0,0,0,0,0,0,30,0,0,0,0,0,0,19,49,0,30,0,19,0,0,0,4,5,21,0,0,0,0,0,1,0,18,0,0
"IA","IOWA","1913320","Guthrie Center Comm School District","00803","Guthrie Center Elementary School","191332000803","MISSING",0,1,0,2,0,0,16,0,0,0,1,1,0,13,34,0,19,0,15,0,0,0,2,6,11,0,0,0,0,0,0,6,9,0,0
"IA","IOWA","1900015","Sibley-Ocheyedan Comm School District","01485","Sibley-Ocheyedan Middle School","190001501485","MISSING",0,0,0,2,0,0,14,0,0,0,1,0,0,8,25,1,15,0,9,0,0,0,0,4,12,0,0,0,0,0,0,1,8,0,0
"IA","IOWA","1903540","Ames Comm School District","00054","Mitchell Elementary School","190354000054","MISSING",0,0,5,4,3,0,14,0,0,4,0,3,0,7,40,4,22,0,14,0,0,0,0,8,18,0,0,0,0,0,1,4,9,0,0
"IA","IOWA","1931860","Winterset Comm School District","01858","Winterset Senior High School","193186001858","MISSING",0,0,0,1,0,0,20,0,0,0,0,2,0,12,35,1,20,0,14,0,0,0,2,1,18,0,0,0,0,0,0,3,11,0,0
"IA","IOWA","1903540","Ames Comm School District","01906","Northwood Pre-School","190354001906","MISSING",0,0,0,0,0,0,1,0,0,0,0,0,0,0,1,0,1,0,0,0,0,0,0,0,1,0,0,0,0,0,0,0,0,0,0
"IA","IOWA","1915330","Jesup Comm School District","02016","Prairie Grove Elementary School","191533002016","MISSING",0,0,0,0,0,0,2,0,0,0,0,0,0,1,3,2,0,1,0,0,0,2,0,0,0,0,0,0,0,1,0,0,0,0,0
"IA","IOWA","1931860","Winterset Comm School District","00369","Winterset Junior High School","193186000369","MISSING",1,0,0,0,1,0,17,0,0,0,2,0,0,8,29,0,19,0,10,0,0,0,0,2,17,0,0,0,0,0,0,0,10,0,0
"IA","IOWA","1906540","Cedar Rapids Comm School District","00235","Coolidge Elementary School","190654000235","MISSING",0,0,5,1,1,0,20,0,2,1,1,0,0,7,38,2,25,2,9,0,0,0,0,3,24,0,0,0,0,0,0,2,9,0,0
"IA","IOWA","1906540","Cedar Rapids Comm School District","00240","Garfield Elementary School","190654000240","MISSING",0,0,8,0,1,0,17,0,0,5,0,0,0,11,42,3,23,0,16,0,0,0,3,1,22,0,0,0,0,0,0,0,16,0,0
"IA","IOWA","1921090","Northeast Comm School District","01265","Northeast Elementary School","192109001265","MISSING",0,0,0,2,1,0,30,0,0,0,2,0,0,15,50,2,31,1,16,0,0,0,2,3,28,0,0,0,0,0,0,1,16,0,0
"IA","IOWA","1926280","Sigourney Comm School District","01491","Sigourney Jr-Sr High Sch","192628001491","MISSING",0,0,0,0,1,0,15,0,0,0,0,0,0,7,23,0,16,0,7,0,0,0,0,2,14,0,0,0,0,0,0,0,7,0,0
"IA","IOWA","1906540","Cedar Rapids Comm School District","00239","Franklin Middle School","190654000239","MISSING",0,0,10,4,8,0,29,0,0,3,2,6,0,14,76,0,51,1,24,0,0,0,2,8,41,0,0,0,0,0,1,2,22,0,0
"IA","IOWA","1906540","Cedar Rapids Comm School District","00245","Harrison Elementary School","190654000245","MISSING",0,0,4,2,5,0,13,0,0,2,0,3,0,12,41,0,24,0,17,0,0,0,0,1,23,0,0,0,0,0,0,0,17,0,0
"IA","IOWA","1931860","Winterset Comm School District","01856","Winterset Elementary School","193186001856","MISSING",0,0,0,3,0,0,22,0,1,0,1,0,0,19,46,2,23,1,20,0,0,0,2,0,23,0,0,0,0,0,1,2,18,0,0
"IA","IOWA","1908910","Denison Comm School District","00509","Denison Middle School","190891000509","MISSING",0,1,3,17,0,0,14,0,0,2,12,0,0,7,56,18,17,13,8,0,0,0,6,8,20,0,1,0,0,0,0,9,12,0,0
"IA","IOWA","1906540","Cedar Rapids Comm School District","00243","Grant Wood Elementary School","190654000243","MISSING",0,0,8,3,6,0,19,0,0,4,0,2,0,7,49,2,34,0,13,0,0,0,2,3,31,0,0,0,0,0,0,0,13,0,0
"IA","IOWA","1900015","Sibley-Ocheyedan Comm School District","01486","Sibley Ocheyedan Elementary School","190001501486","MISSING",0,1,0,7,1,0,15,0,0,0,3,0,0,7,34,4,20,2,8,0,0,0,0,1,23,0,0,0,0,0,0,1,9,0,0
"IA","IOWA","1926070","Shenandoah Comm School District","01478","Shenandoah Elementary School","192607001478","MISSING",0,0,0,2,3,0,38,0,0,0,6,2,0,21,72,0,43,2,27,0,0,0,1,6,36,0,0,0,0,0,1,1,27,0,0
"IA","IOWA","1900015","Sibley-Ocheyedan Comm School District","01487","Sibley-Ocheyedan High School","190001501487","MISSING",0,0,0,2,1,0,14,0,0,0,2,0,0,6,25,1,16,1,7,0,0,0,0,5,12,0,0,0,0,0,0,2,6,0,0
"IA","IOWA","1921090","Northeast Comm School District","01266","Northeast Middle-High School","192109001266","MISSING",0,0,0,1,0,0,32,0,0,0,2,1,0,17,53,0,33,2,18,0,0,0,2,5,26,0,0,0,0,0,1,4,15,0,0
"IA","IOWA","1906540","Cedar Rapids Comm School District","00250","John F Kennedy High School","190654000250","MISSING",0,1,20,7,11,0,66,0,2,5,3,2,0,44,161,4,101,2,54,1,0,0,14,34,56,0,0,0,0,0,3,19,34,0,0
"IA","IOWA","1908910","Denison Comm School District","00508","Denison High School","190891000508","MISSING",0,0,2,20,0,0,26,1,0,1,17,0,0,6,73,19,29,12,13,0,0,0,8,16,24,0,0,0,0,0,3,1,19,1,1
"IA","IOWA","1915330","Jesup Comm School District","00923","Jesup Elementary School","191533000923","MISSING",0,0,0,0,1,0,13,0,0,0,0,0,0,7,21,0,14,0,7,0,0,0,0,1,12,0,1,0,0,0,0,0,7,0,0
"IA","IOWA","1909060","Diagonal Comm School District","00594","Diagonal Junior-Senior High School","190906000594","MISSING",0,0,0,0,0,0,1,0,0,0,0,0,0,3,4,0,1,0,3,0,0,0,0,0,1,0,0,0,0,0,0,0,3,0,0
"IA","IOWA","1913320","Guthrie Center Comm School District","00804","Guthrie Center High School","191332000804","MISSING",0,0,0,2,1,0,16,0,0,0,1,0,0,4,24,2,17,1,4,0,0,0,0,3,16,0,0,0,0,0,1,0,4,0,0
"IA","IOWA","1914340","Hudson Comm School District","00856","Hudson Elementary School","191434000856","MISSING",0,1,2,1,3,0,31,0,0,0,0,2,0,12,52,2,36,0,14,0,0,0,0,9,29,0,0,0,0,0,0,3,11,0,0
"IA","IOWA","1911040","Essex Comm School District","00682","Essex Elementary School","191104000682","MISSING",0,0,0,0,0,0,16,0,0,0,0,0,0,3,19,0,16,0,3,0,0,0,0,1,15,0,0,0,0,0,0,1,2,0,0
"IA","IOWA","1906540","Cedar Rapids Comm School District","00266","Van Buren Elementary School","190654000266","MISSING",0,0,1,2,1,0,10,0,0,5,1,1,0,10,31,2,12,4,13,0,0,0,1,2,11,0,0,0,0,0,0,1,16,0,0
"IA","IOWA","1920040","Mount Vernon Comm School District","01883","Mount Vernon High School","192004001883","MISSING",0,1,0,3,2,0,20,0,0,1,2,0,0,10,39,0,26,0,13,0,0,0,4,3,19,0,0,0,0,0,3,0,10,0,0
"IA","IOWA","1921870","Oskaloosa Comm School District","01309","Oskaloosa High School","192187001309","MISSING",0,0,0,1,1,1,32,0,0,3,0,2,1,25,66,0,35,0,31,0,0,0,4,5,26,0,0,0,0,0,1,7,23,0,0
"IA","IOWA","1921870","Oskaloosa Comm School District","01310","Oskaloosa Middle School","192187001310","MISSING",0,0,4,0,4,1,34,0,0,0,2,2,0,12,59,0,43,1,15,0,0,0,0,5,38,0,0,0,0,0,0,0,16,0,0
"IA","IOWA","1903540","Ames Comm School District","00052","Edwards Elementary School","190354000052","MISSING",0,1,4,7,4,0,18,0,1,4,2,1,0,8,50,8,26,4,12,0,0,0,0,3,31,0,0,0,0,0,0,2,14,0,0
"IA","IOWA","1915330","Jesup Comm School District","02051","Jesup Middle School","191533002051","MISSING",0,0,0,0,0,0,7,0,0,0,0,1,0,12,20,0,7,0,13,0,0,0,0,3,4,0,0,0,0,0,0,3,10,0,0
"IA","IOWA","1909570","Boyer Valley Comm School District","00599","Boyer Valley Elementary School","190957000599","MISSING",0,0,0,0,0,0,16,0,0,0,2,0,0,3,21,0,16,1,4,0,0,0,0,4,12,0,0,0,0,0,1,0,4,0,0
"IA","IOWA","1909570","Boyer Valley Comm School District","00628","Boyer Valley Middle/High School","190957000628","MISSING",0,0,0,3,1,0,12,0,0,0,0,0,0,9,25,1,15,0,9,0,0,0,0,1,15,0,0,0,0,0,0,1,8,0,0
"IA","IOWA","1906540","Cedar Rapids Comm School District","00234","Cleveland Elementary School","190654000234","MISSING",0,0,4,2,3,0,15,0,0,2,0,0,0,8,34,2,22,0,10,0,0,0,0,5,19,0,0,0,0,0,0,0,10,0,0
"IA","IOWA","1920040","Mount Vernon Comm School District","01178","Mount Vernon Middle School","192004001178","MISSING",0,0,0,1,1,0,32,0,0,0,1,3,0,20,58,0,34,0,24,0,0,0,1,2,31,0,0,0,0,0,1,1,22,0,0
"IA","IOWA","1903540","Ames Comm School District","00056","Meeker Elementary School","190354000056","MISSING",0,0,6,3,2,0,23,0,0,0,1,1,0,10,46,2,32,1,11,0,0,0,2,8,24,0,0,0,0,0,1,3,8,0,0
"IA","IOWA","1906540","Cedar Rapids Comm School District","00264","Truman Elementary School","190654000264","MISSING",1,0,3,0,3,0,20,1,0,2,0,3,0,8,41,0,27,0,14,0,0,0,7,3,17,0,0,0,0,0,3,3,8,0,0
"IA","IOWA","1906540","Cedar Rapids Comm School District","00262","Cedar River Academy at Taylor","190654000262","MISSING",0,0,13,1,5,0,25,0,0,8,2,4,0,9,67,2,42,4,19,0,0,0,11,10,23,0,0,0,0,0,3,3,17,0,0
"IA","IOWA","1929280","Villisca Comm School District","01675","Sylvia Enarson Elementary School","192928001675","MISSING",0,0,0,0,0,0,3,0,0,0,1,0,0,6,10,0,3,0,7,0,0,0,0,0,3,0,0,0,0,0,0,0,7,0,0
"IA","IOWA","1930240","Washington Comm School District","01705","Washington Middle School","193024001705","MISSING",1,0,1,4,3,0,30,0,0,0,3,1,0,12,55,3,36,1,15,0,0,0,1,4,34,0,0,0,0,0,0,1,15,0,0
"IA","IOWA","1905940","CAM Comm School District","00069","CAM North Elementary","190594000069","MISSING",0,1,0,0,1,0,8,0,0,0,0,0,0,3,13,0,10,0,3,0,0,0,3,2,5,0,0,0,0,0,0,0,3,0,0
"IA","IOWA","1915630","Keokuk Comm School District","00930","Hawthorne Elementary School","191563000930","MISSING",0,0,0,2,5,0,48,0,1,3,0,0,0,36,95,0,55,0,40,0,0,0,8,7,40,0,0,0,0,0,2,5,33,0,0
"IA","IOWA","1905940","CAM Comm School District","02180","Iowa Connections Academy Elementary","190594002180","MISSING",0,0,0,3,0,0,4,0,0,0,0,0,0,3,10,0,7,0,3,0,0,0,0,0,7,0,0,0,0,0,0,0,3,0,0
"IA","IOWA","1915630","Keokuk Comm School District","00933","Keokuk Middle School","191563000933","MISSING",0,0,6,2,0,0,48,0,0,2,2,3,0,32,95,0,56,0,39,0,0,0,5,10,40,1,0,0,0,0,2,4,33,0,0
"IA","IOWA","1930240","Washington Comm School District","01703","Stewart Elementary School","193024001703","MISSING",0,0,0,11,2,0,30,0,1,0,4,1,0,14,63,4,39,1,19,0,0,0,0,3,40,0,0,0,0,1,0,0,19,0,0
"IA","IOWA","1915630","Keokuk Comm School District","00936","George Washington Elementary School","191563000936","MISSING",0,0,3,0,3,0,32,0,0,0,0,1,0,17,56,0,38,0,18,0,0,1,4,6,27,0,0,0,0,0,1,2,15,0,0
"IA","IOWA","1905940","CAM Comm School District","02169","Iowa Connections Academy High School","190594002169","MISSING",0,0,1,0,1,0,9,0,0,1,2,0,0,7,21,0,11,0,10,0,0,0,0,0,11,0,0,0,0,0,0,0,10,0,0
"IA","IOWA","1905940","CAM Comm School District","00199","CAM South Elementary School","190594000199","MISSING",0,0,0,0,0,0,8,0,0,0,0,0,0,3,11,0,8,0,3,0,0,0,0,1,7,0,0,0,0,0,0,1,2,0,0
"IA","IOWA","1916620","Lenox Comm School District","00991","Lenox Elementary School","191662000991","MISSING",0,0,0,6,0,0,9,0,0,0,5,0,0,6,26,5,10,1,10,0,0,0,0,2,13,0,0,0,0,0,1,1,9,0,0
"IA","IOWA","1905940","CAM Comm School District","00200","CAM Middle School","190594000200","MISSING",0,0,0,1,1,0,13,0,0,1,0,0,0,8,24,0,15,0,9,0,0,0,0,1,14,0,0,0,0,0,1,1,7,0,0
"IA","IOWA","1931620","Whiting Comm School District","01842","Whiting Senior High School","193162001842","MISSING",0,0,0,2,1,0,5,0,0,0,0,0,0,4,12,0,8,0,4,0,0,0,1,2,5,0,0,0,0,0,0,0,4,0,0
"IA","IOWA","1916620","Lenox Comm School District","00992","Lenox High School","191662000992","MISSING",0,0,0,5,0,0,10,0,0,0,1,0,0,3,19,5,10,1,3,0,0,0,0,0,15,0,0,0,0,0,0,0,4,0,0
"IA","IOWA","1905940","CAM Comm School District","00070","CAM High School","190594000070","MISSING",0,0,0,0,2,0,4,0,0,0,0,0,0,3,9,0,6,0,3,0,0,0,0,0,6,0,0,0,0,0,0,0,3,0,0
"IA","IOWA","1930240","Washington Comm School District","01704","Washington High School","193024001704","MISSING",0,0,2,7,1,0,34,0,0,0,5,1,0,20,70,3,41,2,24,0,0,0,2,2,39,1,0,0,0,0,2,1,23,0,0
"IA","IOWA","1930240","Washington Comm School District","01702","Lincoln Upper Elementary School","193024001702","MISSING",0,0,1,5,2,0,27,0,0,0,5,0,0,13,53,3,32,2,16,0,0,0,1,5,29,0,0,0,0,0,0,1,17,0,0
"IA","IOWA","1913660","Hartley-Melvin-Sanborn Comm School District","01962","Hartley-Melvin-Sanborn Elementary School","191366001962","MISSING",0,0,0,2,0,0,22,0,0,1,0,0,0,9,34,1,23,1,9,0,0,0,2,5,17,0,0,0,0,0,0,2,8,0,0
"IA","IOWA","1913660","Hartley-Melvin-Sanborn Comm School District","01963","Hartley-Melvin-Sanborn High School","191366001963","MISSING",0,0,0,3,0,0,12,0,0,0,1,0,0,12,28,0,15,0,13,0,0,0,1,4,10,0,0,0,0,0,0,7,6,0,0
"IA","IOWA","1913660","Hartley-Melvin-Sanborn Comm School District","02065","Hartley-Melvin-Sanborn Middle School","191366002065","MISSING",0,0,0,1,2,0,18,0,0,0,1,4,0,6,32,1,20,0,11,0,0,0,2,5,14,0,0,0,0,0,1,1,9,0,0
"IA","IOWA","1915630","Keokuk Comm School District","00932","Keokuk High School","191563000932","MISSING",1,0,6,6,4,0,41,0,0,1,4,1,0,32,96,1,57,0,38,0,0,0,2,13,41,1,1,0,0,0,2,5,31,0,0
"IA","IOWA","1903960","Audubon Comm School District","00095","Audubon Elementary School","190396000095","MISSING",0,0,0,1,3,0,24,0,0,0,0,1,0,5,34,0,28,0,6,0,0,0,1,2,25,0,0,0,0,0,0,1,5,0,0
"IA","IOWA","1929280","Villisca Comm School District","02207","Southwest Valley Middle School","192928002207","MISSING",0,0,0,0,0,0,19,0,0,0,0,1,0,14,34,0,19,0,15,0,0,0,0,5,14,0,0,0,0,0,0,4,11,0,0
"IA","IOWA","1931620","Whiting Comm School District","01841","Whiting Elementary School","193162001841","MISSING",2,0,0,2,1,0,13,1,0,0,1,0,0,4,24,0,18,0,6,0,0,0,0,5,12,0,1,0,0,1,0,2,3,0,0
"IA","IOWA","1905940","CAM Comm School District","02176","Iowa Connections Academy Middle School","190594002176","MISSING",0,0,1,0,0,0,4,0,0,0,0,0,0,3,8,0,5,0,3,0,0,0,0,0,5,0,0,0,0,0,0,0,3,0,0
"IA","IOWA","1903960","Audubon Comm School District","00096","Audubon Middle-High School","190396000096","MISSING",0,0,0,0,3,0,21,0,0,1,0,1,0,14,40,0,24,0,16,1,0,0,0,1,22,0,0,0,0,0,0,1,15,0,0
"IA","IOWA","1913110","Nodaway Valley Comm School District","00788","Nodaway Valley High School","191311000788","MISSING",0,0,0,1,1,0,19,1,0,0,0,0,0,3,25,0,21,0,4,0,0,0,1,10,10,0,0,0,0,0,0,1,3,0,0
"IA","IOWA","1906930","Central Lee Comm School District","00303","Central Lee Middle School","190693000303","MISSING",0,0,1,0,4,1,21,0,0,0,0,1,0,5,33,0,27,0,6,0,0,0,0,6,21,0,0,0,0,0,0,1,5,0,0
"IA","IOWA","1922530","Perry Comm School District","00051","Perry Elementary","192253000051","MISSING",1,3,4,29,1,0,36,0,0,1,13,1,0,15,104,24,50,9,21,0,0,1,0,10,63,0,0,0,0,0,0,12,18,0,0
"IA","IOWA","1912810","Graettinger-Terril Comm School District","00776","Graettinger-Terril High School","191281000776","MISSING",0,0,0,0,0,0,7,0,0,0,0,0,0,6,13,0,7,0,6,0,0,0,0,2,5,0,0,0,0,0,0,1,5,0,0
"IA","IOWA","1906270","Carlisle Comm School District","00215","Carlisle High School","190627000215","MISSING",0,0,0,4,1,0,38,0,2,0,4,1,0,33,83,1,42,1,39,0,0,0,0,8,35,0,0,0,0,0,2,6,32,0,0
"IA","IOWA","1922530","Perry Comm School District","01355","Perry High School","192253001355","MISSING",0,0,2,21,1,0,10,0,0,0,8,0,0,11,53,17,17,5,14,0,0,0,2,6,26,0,0,0,0,0,0,7,12,0,0
"IA","IOWA","1906270","Carlisle Comm School District","00214","Carlisle Elementary School","190627000214","MISSING",0,0,2,2,2,0,46,0,0,1,5,1,0,14,73,0,52,0,21,0,0,1,1,4,46,0,0,0,0,0,0,3,18,0,0
"IA","IOWA","1913110","Nodaway Valley Comm School District","00786","Nodaway Valley Elementary School","191311000786","MISSING",0,0,0,0,1,0,24,0,0,0,0,0,0,10,35,0,25,0,10,0,0,0,0,1,24,0,0,0,0,0,0,0,9,0,1
"IA","IOWA","1913110","Nodaway Valley Comm School District","00170","Nodaway Valley Middle School","191311000170","MISSING",0,0,0,1,0,0,18,1,0,1,0,1,0,11,33,0,19,0,14,0,0,0,2,4,13,0,0,0,0,0,0,0,14,0,0
"IA","IOWA","1911820","Fort Dodge Comm School District","00722","Duncombe Elementary School","191182000722","MISSING",0,0,4,3,2,0,24,1,0,2,6,2,0,14,58,1,32,3,22,0,0,0,0,2,31,0,0,0,0,0,0,0,25,0,0
"IA","IOWA","1903750","Aplington-Parkersburg Comm School District","01337","Aplington Parkersburg High School","190375001337","MISSING",0,0,1,0,0,0,10,0,0,0,0,0,0,8,19,0,11,0,8,0,0,0,2,6,3,0,0,0,0,0,2,3,3,0,0
"IA","IOWA","1911820","Fort Dodge Comm School District","00721","Cooper Elementary School","191182000721","MISSING",0,0,6,2,3,0,24,0,0,1,0,0,0,3,39,1,34,0,4,0,0,0,6,6,23,0,0,0,0,0,1,0,3,0,0
"IA","IOWA","1912810","Graettinger-Terril Comm School District","02118","Graettinger-Terril Middle School","191281002118","MISSING",0,0,0,1,0,0,3,0,0,0,0,0,0,6,10,0,4,0,6,0,0,0,0,1,3,0,0,0,0,0,0,0,6,0,0
"IA","IOWA","1903750","Aplington-Parkersburg Comm School District","00081","Aplington Elementary School","190375000081","MISSING",0,0,0,0,1,0,19,0,0,1,0,0,0,9,30,0,20,0,10,0,0,0,0,4,16,0,0,0,0,0,0,3,7,0,0
"IA","IOWA","1906930","Central Lee Comm School District","00305","Central Lee Elementary School","190693000305","MISSING",0,0,0,1,0,0,48,0,0,0,0,1,0,26,76,0,49,0,27,0,0,0,0,8,41,0,0,0,0,0,0,3,24,0,0
"IA","IOWA","1920250","Nevada Comm School District","02072","Nevada Middle School","192025002072","MISSING",0,0,0,5,2,0,35,0,0,0,1,3,0,28,74,3,39,1,31,0,0,0,1,7,33,0,1,0,0,0,3,6,23,0,0
"IA","IOWA","1922380","Paton-Churdan Comm School District","01338","Paton-Churdan Elementary","192238001338","MISSING",0,0,0,0,0,0,10,0,0,0,0,0,0,5,15,0,10,0,5,0,0,0,0,0,10,0,0,0,0,0,0,1,4,0,0
"IA","IOWA","1911820","Fort Dodge Comm School District","00724","Fort Dodge High School","191182000724","MISSING",1,0,15,12,8,0,63,0,0,9,8,6,0,32,154,3,96,0,55,2,0,0,14,20,53,0,10,0,0,0,4,11,35,0,5
"IA","IOWA","1903750","Aplington-Parkersburg Comm School District","00082","Aplington / Parkersburg Middle School","190375000082","MISSING",0,0,1,0,0,0,16,0,0,0,1,0,0,6,24,0,17,0,7,0,0,0,0,4,13,0,0,0,0,0,0,3,4,0,0
"IA","IOWA","1922530","Perry Comm School District","01356","Perry Middle School","192253001356","MISSING",0,0,2,12,0,0,13,0,0,0,12,0,0,9,48,8,19,11,10,0,0,0,2,6,19,0,0,0,0,0,0,10,11,0,0
"IA","IOWA","1912810","Graettinger-Terril Comm School District","02120","Graettinger-Terril Elementary School","191281002120","MISSING",0,0,0,1,0,0,14,0,0,1,0,0,0,6,22,0,15,0,7,0,0,0,0,0,15,0,0,0,0,0,0,1,6,0,0
"IA","IOWA","1903750","Aplington-Parkersburg Comm School District","01336","Parkersburg Elementary School","190375001336","MISSING",0,0,0,1,1,0,19,0,0,0,0,0,0,3,24,0,21,0,3,0,0,0,0,3,18,0,0,0,0,0,0,1,2,0,0
"IA","IOWA","1911820","Fort Dodge Comm School District","00720","Butler Elementary School","191182000720","MISSING",0,0,3,5,7,0,18,0,0,2,0,5,0,12,52,0,33,0,19,0,0,0,0,0,33,0,0,0,0,0,2,0,17,0,0
"IA","IOWA","1911820","Fort Dodge Comm School District","02171","Riverside ELC","191182002171","MISSING",0,0,0,0,0,0,5,0,0,0,0,0,0,0,5,0,5,0,0,0,0,0,0,0,5,0,0,0,0,0,0,0,0,0,0
"IA","IOWA","1920100","Murray Comm School District","01181","Murray Jr/Sr High","192010001181","MISSING",0,0,0,0,1,0,16,0,0,0,0,0,0,4,21,0,17,0,4,0,0,0,2,3,12,0,0,0,0,0,0,1,3,0,0
"IA","IOWA","1920100","Murray Comm School District","01180","Murray Elementary School","192010001180","MISSING",0,0,0,1,0,0,8,0,0,0,1,0,0,10,20,0,9,1,10,0,0,0,1,0,8,0,0,0,0,0,0,3,8,0,0
"IA","IOWA","1906270","Carlisle Comm School District","01561","Carlisle Middle School","190627001561","MISSING",0,3,1,3,0,0,23,0,1,0,1,1,0,20,53,0,30,1,22,0,0,0,0,5,25,0,0,0,0,0,2,3,18,0,0
"IA","IOWA","1920250","Nevada Comm School District","01200","Central Elementary School","192025001200","MISSING",1,0,2,7,4,0,36,0,0,0,4,1,0,14,69,3,47,2,17,0,1,0,3,9,37,0,0,0,0,0,2,5,12,0,0
"IA","IOWA","1922380","Paton-Churdan Comm School District","01339","Paton-Churdan Jr-Sr High School","192238001339","MISSING",0,0,0,2,0,0,5,0,0,0,0,0,0,2,9,0,7,0,2,0,0,0,0,0,7,0,0,0,0,0,0,1,1,0,0
"IA","IOWA","1906930","Central Lee Comm School District","00302","Central Lee High School","190693000302","MISSING",0,0,2,0,0,0,15,1,0,0,0,0,0,13,31,0,17,0,14,0,0,0,0,6,11,0,0,0,0,0,0,2,12,0,0
"IA","IOWA","1911820","Fort Dodge Comm School District","02197","Fort Dodge Middle School","191182002197","MISSING",0,0,12,16,7,0,66,0,0,4,13,6,0,30,154,4,97,2,51,0,0,0,25,5,71,0,0,0,0,0,3,1,49,0,0
"IA","IOWA","1906270","Carlisle Comm School District","00216","Hartford Upper Elementary","190627000216","MISSING",1,1,0,1,0,0,18,0,0,0,0,1,0,9,31,0,21,0,10,0,0,0,1,3,17,0,0,0,0,0,0,2,8,0,0
"IA","IOWA","1920250","Nevada Comm School District","01202","Nevada High School","192025001202","MISSING",0,1,5,4,0,0,29,0,0,0,0,1,0,8,48,3,36,0,9,1,0,0,1,3,34,0,0,0,0,0,0,2,7,0,0
"IA","IOWA","1911820","Fort Dodge Comm School District","00723","Feelhaver Elementary School","191182000723","MISSING",0,0,0,0,2,0,16,1,0,0,1,0,0,5,25,0,18,0,7,0,0,0,2,1,15,0,0,0,0,0,0,0,7,0,0
"IA","IOWA","1926250","Sidney Comm School District","01488","Sidney Elementary School","192625001488","MISSING",0,0,0,2,1,0,29,0,0,0,1,2,0,6,41,0,32,0,9,0,0,0,2,3,26,0,1,0,0,0,0,6,3,0,0
"IA","IOWA","1920820","North Linn Comm School District","01242","North-Linn Middle School","192082001242","MISSING",0,0,0,0,0,0,6,0,0,0,0,0,0,7,13,0,6,0,7,0,0,0,0,1,5,0,0,0,0,0,0,2,5,0,0
"IA","IOWA","1917220","Linn-Mar Comm School District","00368","Westfield Elementary School","191722000368","MISSING",0,3,1,1,4,1,14,0,0,0,1,1,0,9,35,4,20,1,10,0,0,0,0,4,20,0,0,0,0,0,0,0,11,0,0
"IA","IOWA","1917220","Linn-Mar Comm School District","02275","Hazel Point Intermediate School","191722002275","MISSING",0,1,6,3,2,0,24,0,2,1,1,2,0,10,52,3,33,2,14,0,0,0,0,2,34,0,0,0,0,0,0,6,10,0,0
"IA","IOWA","1917220","Linn-Mar Comm School District","01003","Indian Creek Elementary School","191722001003","MISSING",0,0,2,0,4,0,24,0,1,0,0,0,0,5,36,1,29,0,6,0,0,0,0,5,25,0,0,0,0,0,1,2,3,0,0
"IA","IOWA","1917220","Linn-Mar Comm School District","01525","Linn Grove Elementary School","191722001525","MISSING",0,0,5,4,2,0,31,0,0,3,2,0,0,13,60,1,41,1,17,0,0,0,1,8,33,0,0,0,0,1,0,1,16,0,0
"IA","IOWA","1917220","Linn-Mar Comm School District","02274","Boulder Peak Intermediate School","191722002274","MISSING",0,0,3,4,2,0,38,0,0,0,3,2,0,29,81,1,46,1,33,0,0,0,1,7,39,0,0,0,0,0,2,7,25,0,0
"IA","IOWA","1917220","Linn-Mar Comm School District","00810","Oak Ridge School","191722000810","MISSING",1,1,9,1,3,0,23,0,1,3,1,0,0,17,60,1,37,1,21,0,0,0,2,7,29,0,0,0,0,0,1,2,19,0,0
"IA","IOWA","1917220","Linn-Mar Comm School District","01005","Excelsior Middle School","191722001005","MISSING",0,0,9,4,6,1,33,0,1,7,2,2,0,27,92,0,53,1,38,1,0,0,2,3,47,0,0,0,0,0,0,3,36,0,0
"IA","IOWA","1908610","Davis County Comm School District","00492","Davis County Community High School","190861000492","MISSING",0,0,0,3,0,0,28,0,0,0,0,0,0,6,37,0,31,0,6,0,0,0,0,1,30,0,0,0,0,0,0,0,6,0,0
"IA","IOWA","1917220","Linn-Mar Comm School District","01007","Wilkins Elementary School","191722001007","MISSING",0,0,1,3,4,0,40,0,0,0,1,1,0,9,59,0,48,1,10,0,0,0,0,3,45,0,0,0,0,0,0,1,10,0,0
"IA","IOWA","1917220","Linn-Mar Comm School District","01002","Bowman Woods Elementary School","191722001002","MISSING",0,1,3,2,1,0,16,0,0,1,0,0,0,8,32,0,23,1,8,0,0,0,0,4,19,0,0,0,0,0,0,2,7,0,0
"IA","IOWA","1908610","Davis County Comm School District","00493","Davis County Middle School","190861000493","MISSING",2,0,1,1,0,0,26,0,0,0,0,0,0,17,47,0,30,0,17,0,0,0,0,1,29,0,0,0,0,0,1,1,15,0,0
"IA","IOWA","1909540","Dunkerton Comm School District","00624","Dunkerton Elementary","190954000624","MISSING",0,0,0,1,1,0,17,0,0,0,0,0,0,11,30,0,19,0,11,0,0,0,0,1,18,0,0,0,0,0,1,0,10,0,0
"IA","IOWA","1909540","Dunkerton Comm School District","00625","Dunkerton High School","190954000625","MISSING",0,0,0,0,1,0,17,0,0,1,0,0,0,11,30,0,18,0,12,0,0,0,0,3,14,0,1,0,0,0,0,0,12,0,0
"IA","IOWA","1926250","Sidney Comm School District","01489","Sidney High School","192625001489","MISSING",0,0,0,0,0,0,17,0,0,0,2,0,0,6,25,0,17,0,8,0,0,0,1,2,13,0,1,0,0,0,1,2,5,0,0
"IA","IOWA","1909600","Durant Comm School District","00630","Durant Junior/Senior High School","190960000630","MISSING",0,0,0,0,2,0,25,0,0,0,0,0,0,17,44,0,27,0,17,0,0,1,0,4,22,0,0,0,0,0,0,0,17,0,0
"IA","IOWA","1917220","Linn-Mar Comm School District","01006","Novak Elementary School","191722001006","MISSING",0,1,5,4,5,0,26,0,1,0,4,1,0,8,55,2,39,3,11,0,0,0,0,1,40,0,0,0,0,0,0,2,12,0,0
"IA","IOWA","1920820","North Linn Comm School District","01244","North Linn Elementary","192082001244","MISSING",0,0,0,1,0,0,25,0,0,0,0,0,0,6,32,0,26,0,6,0,0,0,0,0,26,0,0,0,0,0,0,0,6,0,0
"IA","IOWA","1909600","Durant Comm School District","00629","Durant Elementary School","190960000629","MISSING",0,0,0,1,0,0,18,0,0,0,0,1,0,9,29,0,19,0,10,0,0,1,0,3,15,0,0,0,0,0,0,2,8,0,0
"IA","IOWA","1920820","North Linn Comm School District","01243","North-Linn Senior High School","192082001243","MISSING",0,0,0,0,0,0,10,0,0,0,0,0,0,2,12,0,10,0,2,0,0,0,0,0,10,0,0,0,0,0,0,0,2,0,0
"IA","IOWA","1917820","Louisa-Muscatine Comm School District","01025","Louisa-Muscatine JR/SR High School School","191782001025","MISSING",0,0,1,3,0,0,26,0,0,1,1,0,0,15,47,0,30,0,17,0,0,0,4,9,17,0,0,0,0,0,2,1,14,0,0
"IA","IOWA","1904740","Bennett Comm School District","00134","Bennett Elementary School","190474000134","MISSING",0,0,0,1,0,0,7,0,0,0,0,0,0,6,14,0,8,0,6,0,0,0,0,1,7,0,0,0,0,0,0,0,6,0,0
"IA","IOWA","1926250","Sidney Comm School District","02280","Sidney Virtual SAC School","192625002280","MISSING",0,0,0,0,0,0,0,0,0,0,0,0,0,2,2,0,0,0,2,0,0,0,0,0,0,0,0,0,0,0,0,0,2,0,0
"IA","IOWA","1917820","Louisa-Muscatine Comm School District","01023","Louisa-Muscatine Elementary","191782001023","MISSING",0,0,0,1,4,0,21,0,0,0,1,0,0,20,47,0,26,0,21,0,0,0,0,8,18,0,0,0,0,0,0,8,13,0,0
"IA","IOWA","1917220","Linn-Mar Comm School District","01004","Linn-Mar High School","191722001004","MISSING",1,4,10,7,10,0,91,0,1,9,4,1,0,56,194,2,121,1,70,0,0,0,16,26,81,0,0,0,0,0,6,19,46,0,0
"IA","IOWA","1908610","Davis County Comm School District","00059","Davis County Elementary","190861000059","MISSING",0,0,0,2,1,0,46,0,0,0,0,1,0,18,68,0,49,0,19,0,1,0,0,3,45,0,0,0,0,0,0,0,19,0,0
"IA","IOWA","1917220","Linn-Mar Comm School District","02092","Echo Hill Elementary","191722002092","MISSING",1,3,2,1,4,0,19,0,0,0,0,1,0,10,41,0,30,0,11,0,0,0,0,5,25,0,0,0,0,0,0,4,7,0,0
"IA","IOWA","1924870","Roland-Story Comm School District","01423","Roland-Story High School","192487001423","MISSING",0,0,2,1,0,0,15,0,0,0,0,1,0,3,22,2,16,0,4,0,0,0,0,6,12,0,0,0,0,0,1,1,2,0,0
"IA","IOWA","1907860","College Comm School District","00389","Prairie Crest Elementary","190786000389","MISSING",0,0,2,1,2,0,21,0,0,1,0,0,0,8,35,0,26,0,9,0,0,0,0,3,23,0,0,0,0,0,0,0,9,0,0
"IA","IOWA","1907860","College Comm School District","02110","Prairie Point","190786002110","MISSING",0,3,16,6,11,0,80,0,1,9,4,8,0,36,174,2,114,3,55,0,0,0,12,28,76,0,0,0,0,0,6,9,43,0,0
"IA","IOWA","1904860","Bettendorf Comm School District","00144","Grant Wood Elementary School","190486000144","MISSING",0,0,4,4,2,0,14,0,0,3,0,0,0,6,33,0,24,0,9,0,0,0,0,5,19,0,0,0,0,0,0,3,6,0,0
"IA","IOWA","1907860","College Comm School District","00104","Prairie Edge","190786000104","MISSING",0,0,3,1,3,0,15,0,0,3,0,1,0,9,35,0,22,0,13,1,0,1,18,1,1,0,0,0,0,0,12,0,1,0,0
"IA","IOWA","1907860","College Comm School District","00388","Prairie High School","190786000388","MISSING",1,1,15,5,7,0,59,0,0,14,4,3,1,26,136,3,85,5,43,0,0,0,10,22,56,0,0,0,0,0,8,15,25,0,0
"IA","IOWA","1924000","Red Oak Comm School District","01397","Red Oak Junior/Senior High School","192400001397","MISSING",0,0,0,4,1,0,35,0,0,1,2,2,0,16,61,0,40,1,20,0,0,0,2,9,28,1,0,0,0,0,0,3,18,0,0
"IA","IOWA","1912230","Galva-Holstein Comm School District","01959","Galva-Holstein Elementary School","191223001959","MISSING",0,0,0,0,0,0,13,0,0,0,0,0,0,1,14,0,13,0,1,0,0,0,0,0,13,0,0,0,0,0,0,0,1,0,0
"IA","IOWA","1904860","Bettendorf Comm School District","00145","Herbert Hoover Elementary School","190486000145","MISSING",0,1,1,6,4,0,32,0,0,2,0,0,0,9,55,0,44,0,11,0,0,0,12,7,25,0,0,0,0,0,1,2,8,0,0
"IA","IOWA","1905070","Bondurant-Farrar Comm School District","02125","Bondurant - Farrar Middle School","190507002125","MISSING",0,1,3,5,1,0,35,1,0,2,3,1,0,31,83,2,43,1,37,0,0,0,0,7,38,0,0,0,0,0,0,8,30,0,0
"IA","IOWA","1904860","Bettendorf Comm School District","00143","Bettendorf Middle School","190486000143","MISSING",1,1,16,11,7,0,49,1,0,16,2,2,0,25,131,0,85,0,46,0,0,0,3,19,63,0,0,0,0,0,1,6,39,0,0
"IA","IOWA","1911340","Fairfield Comm School District","00701","Washington Elementary","191134000701","MISSING",0,1,1,2,0,0,18,0,0,0,1,0,0,7,30,1,21,0,8,0,0,0,0,1,21,0,0,0,0,0,0,0,8,0,0
"IA","IOWA","1904860","Bettendorf Comm School District","00142","Bettendorf High School","190486000142","MISSING",0,1,24,10,8,0,72,0,0,13,4,2,0,40,174,2,113,0,59,0,0,1,17,16,81,0,0,0,0,0,3,5,51,0,0
"IA","IOWA","1929010","Van Meter Comm School District","01671","Van Meter Elementary School","192901001671","MISSING",0,0,0,1,0,0,22,0,0,1,0,0,0,11,35,0,23,0,12,0,1,0,0,4,18,0,0,0,0,0,1,1,9,0,1
"IA","IOWA","1907860","College Comm School District","02216","Prairie Hill Elementary School","190786002216","MISSING",0,1,3,4,1,0,21,0,0,2,0,0,0,11,43,1,29,0,13,0,0,0,3,10,17,0,0,0,0,0,0,4,9,0,0
"IA","IOWA","1916320","Lamoni Comm School District","00975","Lamoni High School","191632000975","MISSING",0,0,0,0,2,0,13,0,0,0,0,0,0,6,21,0,15,0,6,0,0,0,3,1,11,0,0,0,0,0,0,0,6,0,0
"IA","IOWA","1907860","College Comm School District","00761","Prairie Ridge Elementary","190786000761","MISSING",0,0,3,3,1,0,18,0,0,2,1,1,0,10,39,1,24,0,14,0,0,0,0,9,16,0,0,0,0,0,0,3,11,0,0
"IA","IOWA","1911340","Fairfield Comm School District","00693","Fairfield High School","191134000693","MISSING",0,0,0,2,3,0,38,0,0,0,3,0,0,16,62,2,41,2,17,0,0,0,3,9,31,0,0,0,0,0,0,1,18,0,0
"IA","IOWA","1905070","Bondurant-Farrar Comm School District","00154","Bondurant-Farrar High School","190507000154","MISSING",0,2,2,5,3,0,40,0,3,1,2,1,0,24,83,2,50,1,30,1,0,0,2,8,41,0,0,0,0,0,2,2,27,0,0
"IA","IOWA","1929010","Van Meter Comm School District","02244","Van Meter Middle School","192901002244","MISSING",0,0,0,0,0,0,7,1,0,1,1,0,0,3,13,0,7,0,6,0,0,0,1,1,5,0,0,0,0,0,0,1,5,0,0
"IA","IOWA","1924000","Red Oak Comm School District","01395","Inman Elementary School","192400001395","MISSING",0,0,0,7,1,0,48,0,0,0,2,0,0,22,80,4,52,1,23,0,0,0,1,6,49,0,0,0,0,0,0,5,19,0,0
"IA","IOWA","1904860","Bettendorf Comm School District","00150","Neil Armstrong Elementary School","190486000150","MISSING",0,0,3,3,2,0,14,0,0,2,1,2,0,7,34,0,22,0,12,0,0,0,0,1,21,0,0,0,0,0,0,2,10,0,0
"IA","IOWA","1918630","Marcus-Meriden-Cleghorn Comm School District","01072","MMCRU  High School","191863001072","MISSING",0,0,0,0,1,0,12,0,0,0,2,0,0,5,20,0,13,0,7,0,0,0,1,1,11,0,0,0,0,0,0,1,6,0,0
"IA","IOWA","1929010","Van Meter Comm School District","01672","Van Meter High School","192901001672","MISSING",0,0,0,1,0,0,12,0,0,1,0,0,0,7,21,1,12,0,8,0,0,0,1,2,10,0,0,0,0,0,0,3,5,0,0
"IA","IOWA","1904860","Bettendorf Comm School District","00149","Mark Twain Elementary School","190486000149","MISSING",0,0,1,2,1,0,30,0,0,1,3,1,0,9,48,3,31,0,14,0,0,0,0,3,31,0,0,0,0,0,0,3,11,0,0
"IA","IOWA","1912230","Galva-Holstein Comm School District","01960","Ridge View High School","191223001960","MISSING",0,0,2,1,0,0,8,0,0,0,1,0,0,7,19,0,11,0,8,0,0,0,0,5,6,0,0,0,0,0,0,1,7,0,0
"IA","IOWA","1927480","Stratford Comm School District","01603","Stratford Elementary","192748001603","MISSING",0,0,0,0,0,0,5,0,0,0,0,0,0,7,12,0,5,0,7,0,0,0,0,1,4,0,0,0,0,0,0,0,7,0,0
"IA","IOWA","1924870","Roland-Story Comm School District","01422","Roland-Story Elementary School","192487001422","MISSING",0,0,0,0,0,0,25,0,0,0,0,2,0,8,35,0,25,0,10,0,0,0,1,2,22,0,0,0,0,0,0,0,10,0,0
"IA","IOWA","1924870","Roland-Story Comm School District","01424","Roland-Story Middle School","192487001424","MISSING",0,0,1,1,0,0,17,0,0,0,2,0,0,15,36,1,18,0,17,0,0,0,1,0,18,0,0,0,0,0,1,0,16,0,0
"IA","IOWA","1907860","College Comm School District","02113","Prairie Creek","190786002113","MISSING",0,1,13,4,6,0,36,0,0,6,7,3,0,21,97,6,54,2,35,0,0,0,2,18,40,0,0,0,0,0,1,9,27,0,0
"IA","IOWA","1918630","Marcus-Meriden-Cleghorn Comm School District","02226","MMCRU Marcus Elementary","191863002226","MISSING",0,0,0,0,0,0,18,0,0,0,0,0,0,5,23,0,18,0,5,0,0,0,1,1,16,0,0,0,0,0,0,0,5,0,0
"IA","IOWA","1911340","Fairfield Comm School District","00694","Fairfield Middle School","191134000694","MISSING",1,1,1,4,4,0,48,0,0,3,2,0,0,23,87,3,56,0,28,0,0,0,0,7,52,0,0,0,1,0,0,5,22,0,0
"IA","IOWA","1904860","Bettendorf Comm School District","00146","Paul Norton Elementary School","190486000146","MISSING",0,0,0,1,1,0,18,0,1,1,1,0,0,9,32,0,20,1,11,0,0,0,1,0,19,0,0,0,0,0,0,0,12,0,0
"IA","IOWA","1912230","Galva-Holstein Comm School District","02122","Galva-Holstein Upper Elementary","191223002122","MISSING",0,0,0,0,0,0,10,0,0,0,0,0,0,8,18,0,10,0,8,0,0,0,1,0,9,0,0,0,0,0,0,0,8,0,0
"IA","IOWA","1907860","College Comm School District","00391","Prairie View Elementary School","190786000391","MISSING",0,0,2,2,3,2,15,0,0,0,0,4,1,11,40,3,21,0,16,0,0,0,0,2,22,0,0,0,0,0,0,2,14,0,0
"IA","IOWA","1916320","Lamoni Comm School District","00974","Lamoni Elementary School","191632000974","MISSING",0,0,2,0,1,0,12,0,0,0,1,0,0,8,24,0,15,0,9,0,0,1,0,3,10,0,1,0,0,0,0,3,6,0,0
"IA","IOWA","1905070","Bondurant-Farrar Comm School District","02209","Morris Elementary","190507002209","MISSING",1,0,0,3,0,1,33,0,0,0,0,1,0,13,52,2,36,0,14,0,0,0,1,2,35,0,0,0,0,0,0,1,13,0,0
"IA","IOWA","1907860","College Comm School District","00387","Prairie Heights Elementary School","190786000387","MISSING",0,1,3,2,2,0,32,0,0,2,2,1,1,10,56,4,36,3,13,0,0,0,0,3,37,0,0,0,0,0,0,3,13,0,0
"IA","IOWA","1911340","Fairfield Comm School District","00698","Pence Elementary","191134000698","MISSING",0,0,0,6,3,0,27,0,0,0,1,0,0,17,54,1,35,0,18,0,0,0,0,0,36,0,0,0,0,0,0,2,16,0,0
"IA","IOWA","1916320","Lamoni Comm School District","02019","Lamoni Middle School","191632002019","MISSING",0,0,0,0,0,0,8,0,0,0,1,0,0,3,12,0,8,0,4,0,0,0,1,3,4,0,0,0,0,0,0,0,4,0,0
"IA","IOWA","1905070","Bondurant-Farrar Comm School District","00153","Anderson Elementary School","190507000153","MISSING",0,1,1,2,3,0,38,1,1,0,1,1,0,17,66,1,44,0,21,0,0,0,0,8,37,0,0,0,0,0,0,5,16,0,0
"IA","IOWA","1905130","Boone Comm School District","00161","Lincoln Elementary School","190513000161","MISSING",0,0,0,0,0,0,13,0,0,0,0,1,0,6,20,0,13,0,7,0,0,0,0,2,11,0,0,0,0,0,0,1,6,0,0
"IA","IOWA","1920940","North Scott Comm School District","01257","Virgil Grissom Elementary School","192094001257","MISSING",0,0,0,0,0,0,14,0,0,0,0,0,0,9,23,0,14,0,9,0,0,0,0,1,13,0,0,0,0,0,0,0,9,0,0
"IA","IOWA","1905130","Boone Comm School District","00163","Page Elementary School","190513000163","MISSING",0,0,0,0,0,0,13,0,0,0,0,2,0,8,23,0,13,0,10,0,0,0,2,2,9,0,0,0,0,0,1,0,9,0,0
"IA","IOWA","1913230","Griswold Comm School District","00796","Griswold Middle/High School","191323000796","MISSING",0,0,0,3,1,0,25,0,0,0,3,0,0,14,46,0,29,0,17,1,0,0,3,2,23,0,0,0,0,0,1,2,14,0,0
"IA","IOWA","1920460","New London Comm School District","01210","New London Jr-Sr High School","192046001210","MISSING",0,0,3,1,0,0,19,0,0,1,0,0,0,8,32,0,23,0,9,0,0,0,0,5,18,0,0,0,0,0,0,2,7,0,0
"IA","IOWA","1903360","Algona Comm School District","00030","Algona High School","190336000030","MISSING",0,0,0,3,0,0,38,0,1,0,1,0,0,14,57,2,39,0,16,1,0,5,0,3,32,0,0,0,0,1,0,3,12,0,0
"IA","IOWA","1904200","Ballard Comm School District","00105","Ballard High School","190420000105","MISSING",0,0,0,3,0,0,29,1,0,0,0,1,0,15,49,2,30,0,17,0,0,0,1,7,24,0,0,0,0,0,0,5,12,0,0
"IA","IOWA","1903390","Allamakee Comm School District","00040","West Campus Elementary School","190339000040","MISSING",0,0,2,1,0,0,21,0,0,1,0,0,0,6,31,0,24,0,7,0,0,0,0,2,22,0,0,0,0,0,0,0,7,0,0
"IA","IOWA","1920940","North Scott Comm School District","01256","North Scott High School","192094001256","MISSING",0,0,5,4,1,0,42,0,0,5,0,2,0,18,77,2,50,0,25,0,0,0,3,18,31,0,0,0,0,0,4,6,15,0,0
"IA","IOWA","1920940","North Scott Comm School District","01254","Neil Armstrong Elementary School","192094001254","MISSING",0,0,6,1,2,0,16,0,0,2,1,1,0,8,37,0,25,0,12,0,0,0,0,9,16,0,0,0,0,0,0,4,8,0,0
"IA","IOWA","1910950","Emmetsburg Comm School District","00678","West Elementary School","191095000678","MISSING",0,0,0,1,2,0,15,0,0,0,2,0,0,10,30,0,18,2,10,0,0,0,0,1,17,0,0,0,0,0,0,1,11,0,0
"IA","IOWA","1920460","New London Comm School District","01209","Clark Elementary School","192046001209","MISSING",0,0,1,0,0,0,30,0,0,1,0,1,0,11,44,0,31,0,13,0,0,0,0,3,28,0,0,0,0,0,0,1,12,0,0
"IA","IOWA","1920940","North Scott Comm School District","01252","Edward White Elementary School","192094001252","MISSING",1,0,2,2,4,0,23,0,0,1,2,0,0,13,48,1,31,1,15,0,0,0,5,5,22,0,0,0,0,0,0,4,12,0,0
"IA","IOWA","1911790","Forest City Comm School District","00716","Forest City High School","191179000716","MISSING",1,0,0,3,0,0,19,0,1,1,1,0,0,18,44,1,22,1,20,0,0,0,3,7,13,0,0,0,0,0,1,3,17,0,0
"IA","IOWA","1930900","West Delaware County Comm School District","01782","Lambert Elementary School","193090001782","MISSING",0,0,2,3,2,0,34,0,0,0,1,1,0,26,69,0,41,0,28,0,0,0,2,1,38,0,0,0,0,0,0,4,24,0,0
"IA","IOWA","1925380","Schaller-Crestland Comm School District","02121","Schaller-Crestland Ridge View Middle School","192538002121","MISSING",0,0,1,0,0,0,14,0,0,0,3,0,0,3,21,0,15,2,4,0,0,0,1,1,13,0,0,0,0,0,0,0,6,0,0
"IA","IOWA","1910950","Emmetsburg Comm School District","00675","Emmetsburg High School","191095000675","MISSING",0,0,1,1,0,0,20,0,0,1,0,0,0,11,34,0,22,0,12,0,0,0,1,0,21,0,0,0,0,0,1,3,8,0,0
"IA","IOWA","1915750","Kingsley-Pierson Comm School District","00942","Pierson Elementary School","191575000942","MISSING",0,0,0,1,0,0,2,0,0,0,1,0,0,1,5,0,3,0,2,0,0,0,0,0,3,0,0,0,0,0,0,0,2,0,0
"IA","IOWA","1903360","Algona Comm School District","00034","Algona Middle School","190336000034","MISSING",0,0,0,5,3,0,46,0,0,0,2,0,0,23,79,2,52,0,25,0,0,6,2,7,39,0,0,0,0,0,0,0,25,0,0
"IA","IOWA","1904200","Ballard Comm School District","00109","Ballard East Elementary","190420000109","MISSING",0,0,1,2,0,0,24,3,0,1,1,0,0,17,49,1,26,0,22,0,0,0,2,4,21,0,0,0,0,0,0,6,16,0,0
"IA","IOWA","1903390","Allamakee Comm School District","00039","Waukon Middle School","190339000039","MISSING",0,0,0,1,0,0,17,0,0,0,1,0,0,17,36,0,18,0,18,0,0,0,0,3,15,0,0,0,0,0,0,3,15,0,0
"IA","IOWA","1920940","North Scott Comm School District","01251","Alan Shepard Elementary School","192094001251","MISSING",0,1,1,0,0,0,31,0,0,0,0,0,0,21,54,0,33,0,21,0,0,0,5,7,21,0,0,0,0,0,0,2,19,0,0
"IA","IOWA","1903390","Allamakee Comm School District","00036","East Campus Elementary School","190339000036","MISSING",0,0,0,1,0,0,15,0,0,1,0,0,0,13,30,0,16,0,14,0,0,0,0,1,15,0,0,0,0,0,0,1,13,0,0
"IA","IOWA","1930900","West Delaware County Comm School District","01786","West Delaware High School","193090001786","MISSING",1,0,2,0,1,0,29,0,0,1,1,0,0,20,55,0,33,0,22,0,0,0,1,11,20,0,1,0,0,0,0,5,17,0,0
"IA","IOWA","1904200","Ballard Comm School District","00108","Ballard West Elementary","190420000108","MISSING",0,1,1,0,0,0,26,1,0,0,1,0,0,12,42,1,27,0,14,0,0,0,0,2,26,0,0,0,0,0,0,1,13,0,0
"IA","IOWA","1911790","Forest City Comm School District","00717","Forest City Middle School","191179000717","MISSING",0,0,1,1,3,0,25,0,0,1,2,1,0,16,50,1,29,2,18,0,0,0,1,2,27,0,0,0,0,0,0,5,15,0,0
"IA","IOWA","1930900","West Delaware County Comm School District","01787","West Delaware Middle School","193090001787","MISSING",1,0,1,3,0,0,24,0,0,1,1,0,0,20,51,1,28,0,22,0,0,1,5,1,20,1,1,0,0,0,0,3,19,0,0
"IA","IOWA","1904200","Ballard Comm School District","00106","Ballard Middle School","190420000106","MISSING",0,0,1,0,1,0,25,0,0,0,0,0,0,22,49,1,26,0,22,0,0,0,0,2,25,0,0,0,0,0,0,4,18,0,0
"IA","IOWA","1911790","Forest City Comm School District","00715","Forest City Elementary School","191179000715","MISSING",0,1,0,6,1,0,31,0,0,2,0,2,0,7,50,2,37,0,11,0,0,0,1,9,29,0,0,0,0,0,0,3,8,0,0
"IA","IOWA","1905130","Boone Comm School District","00159","Franklin Elementary School","190513000159","MISSING",0,0,0,2,2,0,32,0,0,1,4,2,0,21,64,0,36,1,27,0,0,0,2,1,33,0,0,0,0,0,1,3,24,0,0
"IA","IOWA","1903360","Algona Comm School District","00031","Bertha Godfrey Elementary School","190336000031","MISSING",0,0,1,1,0,0,8,0,0,1,0,0,0,8,19,0,10,0,9,0,0,0,0,0,10,0,0,0,0,0,0,0,9,0,0
"IA","IOWA","1925380","Schaller-Crestland Comm School District","01450","Schaller-Crestland Elementary","192538001450","MISSING",0,0,0,1,0,0,9,0,0,0,1,0,0,3,14,0,10,1,3,0,0,0,1,1,8,0,0,0,0,0,0,0,4,0,0
"IA","IOWA","1903360","Algona Comm School District","00032","Bryant Elementary School","190336000032","MISSING",0,0,0,0,0,0,21,0,0,0,0,0,0,7,28,0,21,0,7,0,0,0,0,0,21,0,0,0,0,0,0,0,7,0,0
"IA","IOWA","1918690","Marion Independent School District","01077","Starry Elementary School","191869001077","MISSING",0,0,1,3,0,0,15,0,0,1,0,0,0,9,29,0,19,0,10,0,0,0,0,0,19,0,0,0,0,0,0,0,10,0,0
"IA","IOWA","1905130","Boone Comm School District","00157","Boone Middle School","190513000157","MISSING",0,0,2,3,2,0,66,0,0,1,2,1,0,44,121,1,72,0,48,0,0,1,5,22,45,0,0,0,0,0,3,10,35,0,0
"IA","IOWA","1918690","Marion Independent School District","01078","Vernon Middle School","191869001078","MISSING",0,1,3,6,5,0,54,0,1,1,1,4,0,22,98,2,67,0,29,0,0,1,1,15,51,0,1,0,0,0,2,10,17,0,0
"IA","IOWA","1919740","Mormon Trail Comm School District","01158","Mormon Trail Elementary School","191974001158","MISSING",0,0,0,0,0,0,15,0,0,0,1,0,0,17,33,0,15,0,18,0,0,0,1,5,9,0,0,0,0,0,0,4,14,0,0
"IA","IOWA","1915750","Kingsley-Pierson Comm School District","00943","Pierson Middle School","191575000943","MISSING",0,0,1,0,0,0,2,0,0,0,0,0,0,4,7,0,3,0,4,0,0,0,0,1,2,0,0,0,0,0,0,2,2,0,0
"IA","IOWA","1920940","North Scott Comm School District","01255","North Scott Junior High School","192094001255","MISSING",0,0,1,1,2,0,21,1,0,1,2,2,0,19,50,0,25,0,25,0,0,0,0,6,19,0,0,0,0,1,0,6,18,0,0
"IA","IOWA","1903360","Algona Comm School District","00033","Lucia Wallace Elementary School","190336000033","MISSING",0,0,0,1,0,0,19,0,0,0,0,0,0,6,26,0,20,0,6,0,0,3,0,0,17,0,0,0,0,0,0,0,6,0,0
"IA","IOWA","1919740","Mormon Trail Comm School District","01160","Mormon Trail Jr-Sr High School","191974001160","MISSING",0,0,0,0,0,0,12,0,0,0,1,0,0,4,17,0,12,0,5,0,0,0,1,2,9,0,0,0,0,0,0,0,5,0,0
"IA","IOWA","1915750","Kingsley-Pierson Comm School District","00940","Kingsley Elementary School","191575000940","MISSING",0,0,1,2,3,0,9,0,0,0,0,0,0,4,19,0,15,0,4,0,0,0,0,2,13,0,0,0,0,0,0,0,4,0,0
"IA","IOWA","1918690","Marion Independent School District","02245","Longfellow Elementary","191869002245","MISSING",0,0,1,1,3,0,11,0,0,1,0,1,0,6,24,0,16,0,8,0,0,0,1,4,11,0,0,0,0,0,0,1,7,0,0
"IA","IOWA","1903390","Allamakee Comm School District","00038","Waukon High School","190339000038","MISSING",0,0,0,0,1,0,22,0,0,0,0,0,0,9,32,0,23,0,9,0,0,0,1,3,19,0,0,0,0,0,1,2,6,0,0
"IA","IOWA","1918690","Marion Independent School District","01075","Marion High School","191869001075","MISSING",0,0,4,2,2,0,30,0,0,1,1,3,0,14,57,0,38,1,18,0,0,0,4,3,31,0,0,0,0,0,2,3,13,1,0
"IA","IOWA","1918690","Marion Independent School District","00437","Francis Marion Intermediate School","191869000437","MISSING",0,1,4,2,2,0,32,0,0,0,1,2,1,15,60,2,39,0,19,0,0,0,1,6,34,0,0,0,0,0,0,4,15,0,0
"IA","IOWA","1913230","Griswold Comm School District","02264","Griswold Elementary","191323002264","MISSING",1,0,0,0,2,0,29,0,0,0,0,0,0,8,40,0,32,0,8,0,0,0,2,3,27,0,0,0,0,0,0,0,8,0,0
"IA","IOWA","1915750","Kingsley-Pierson Comm School District","00941","Kingsley-Pierson High School","191575000941","MISSING",0,0,0,0,0,0,6,0,0,0,0,0,0,3,9,0,6,0,3,0,0,0,1,2,3,0,0,0,0,0,0,1,2,0,0
"IA","IOWA","1920940","North Scott Comm School District","01253","John Glenn Elementary School","192094001253","MISSING",0,0,0,0,0,0,7,0,0,0,0,0,0,6,13,0,7,0,6,0,0,0,0,0,7,0,0,0,0,0,0,1,5,0,0
"IA","IOWA","1918690","Marion Independent School District","02098","Emerson Learning Center (HSAP)","191869002098","MISSING",0,0,0,0,0,0,10,0,1,0,0,0,0,5,16,0,10,0,6,0,0,0,0,1,8,0,1,0,0,0,0,3,3,0,0
"IA","IOWA","1905130","Boone Comm School District","00156","Boone High School","190513000156","MISSING",0,0,3,3,3,0,51,0,0,0,0,2,0,24,86,0,60,0,26,0,0,0,4,10,46,0,0,0,0,0,1,4,21,0,0
"IA","IOWA","1910950","Emmetsburg Comm School District","00676","Emmetsburg Middle School","191095000676","MISSING",0,3,0,0,1,0,23,0,0,1,3,0,0,11,42,0,27,0,15,0,0,4,0,2,21,0,0,0,0,2,0,1,12,0,0
"IA","IOWA","1920130","Muscatine Comm School District","01193","Muscatine High School","192013001193","MISSING",0,0,1,24,0,0,48,0,0,4,14,0,0,42,133,8,65,4,56,0,0,0,10,27,35,1,0,0,0,0,11,19,30,0,0
"IA","IOWA","1900032","Alden Comm School District","01317","Alden Elementary School","190003201317","MISSING",0,0,0,1,0,0,8,0,0,0,1,1,0,4,15,0,9,0,6,0,0,0,0,0,9,0,0,0,0,0,0,0,6,0,0
"IA","IOWA","1908310","Creston Comm School District","00446","Creston Early Childhood Center","190831000446","MISSING",0,0,0,1,0,1,8,0,0,0,0,0,0,2,12,0,10,0,2,0,0,0,0,0,10,0,0,0,0,0,0,0,2,0,0
"IA","IOWA","1910130","Easton Valley Comm School District","00647","Easton Valley Elementary School","191013000647","MISSING",0,0,0,3,1,0,24,0,0,0,1,1,0,15,45,0,28,0,17,0,0,0,8,1,19,0,0,0,0,0,1,2,14,0,0
"IA","IOWA","1920130","Muscatine Comm School District","01187","Jefferson Elementary School","192013001187","MISSING",0,0,4,16,0,0,31,1,0,0,4,0,0,9,65,7,44,2,12,0,0,0,3,6,42,0,0,0,0,0,0,0,14,0,0
"IA","IOWA","1918120","MFL MarMac Comm School District","01484","McGregor Intermediate School","191812001484","MISSING",0,0,0,1,0,0,4,0,0,0,0,0,0,4,9,0,5,0,4,0,0,0,0,1,4,0,0,0,0,0,0,1,3,0,0
"IA","IOWA","1931080","West Marshall Comm School District","01812","West Marshall High School","193108001812","MISSING",0,0,0,1,0,0,16,0,0,0,0,0,0,8,25,1,16,0,8,0,0,0,1,2,14,0,0,0,0,0,0,1,7,0,0
"IA","IOWA","1918120","MFL MarMac Comm School District","01038","MFL MarMac Elementary School","191812001038","MISSING",0,0,0,0,0,0,23,0,0,0,0,0,0,11,34,0,23,0,11,0,0,0,1,2,20,0,0,0,0,0,0,2,9,0,0
"IA","IOWA","1912120","Fremont-Mills Comm School District","00745","Fremont-Mills Middle And Senior High School","191212000745","MISSING",0,0,0,0,2,1,23,0,0,0,0,1,0,11,38,0,26,0,12,2,0,0,2,2,20,0,0,0,0,0,0,0,12,0,0
"IA","IOWA","1931080","West Marshall Comm School District","01813","West Marshall Middle School","193108001813","MISSING",0,0,0,1,0,0,13,0,0,0,0,0,0,7,21,1,13,0,7,0,0,0,1,0,12,0,1,0,0,0,0,1,6,0,0
"IA","IOWA","1920130","Muscatine Comm School District","01186","Grant Elementary School","192013001186","MISSING",0,1,0,5,0,0,17,0,0,0,3,0,0,4,30,0,23,1,6,0,0,0,0,5,18,0,0,0,0,0,0,2,5,0,0
"IA","IOWA","1912120","Fremont-Mills Comm School District","00747","Fremont-Mills Elementary School","191212000747","MISSING",0,0,1,2,0,0,15,0,0,0,0,1,0,9,28,0,18,0,10,0,0,0,0,1,17,0,0,0,0,0,0,0,9,0,1
"IA","IOWA","1908310","Creston Comm School District","01421","Creston Elementary School","190831001421","MISSING",0,0,2,2,0,0,45,1,0,0,2,0,0,22,74,1,48,1,24,0,0,0,9,3,37,0,0,0,0,1,2,4,18,0,0
"IA","IOWA","1920130","Muscatine Comm School District","02278","Susan Clark Junior High","192013002278","MISSING",0,0,5,18,4,0,42,0,0,8,10,3,0,15,105,5,64,5,31,0,0,1,6,11,51,0,0,0,0,0,0,8,28,0,0
"IA","IOWA","1914850","Iowa Valley Comm School District","00910","Iowa Valley Jr-Sr High School","191485000910","MISSING",0,0,0,1,0,0,15,0,0,0,1,0,0,7,24,0,16,1,7,0,0,0,0,2,14,0,0,0,0,0,0,1,7,0,0
"IA","IOWA","1914280","Howard-Winneshiek Comm School District","00849","Crestwood High School","191428000849","MISSING",0,0,1,5,0,0,43,0,0,1,3,0,0,29,82,0,49,0,33,0,0,0,1,15,33,0,0,0,0,0,1,7,25,0,0
"IA","IOWA","1914280","Howard-Winneshiek Comm School District","00848","Crestwood Elementary School","191428000848","MISSING",0,0,0,2,5,0,52,0,0,0,2,0,0,28,89,0,59,0,30,0,0,1,2,7,49,0,0,0,0,1,0,8,21,0,0
"IA","IOWA","1931830","Winfield-Mt Union Comm School District","01852","Winfield-Mt Union Jr-Sr High School","193183001852","MISSING",0,0,0,1,0,0,10,0,0,0,0,1,0,7,19,0,11,0,8,0,0,0,0,0,11,0,0,0,0,0,1,1,6,0,0
"IA","IOWA","1919770","Morning Sun Comm School District","01161","Morning Sun Elementary School","191977001161","MISSING",0,0,1,0,0,0,7,0,0,0,2,0,0,4,14,0,8,0,6,0,0,0,0,1,7,0,0,0,0,0,0,0,6,0,0
"IA","IOWA","1931080","West Marshall Comm School District","01811","West Marshall Elementary School","193108001811","MISSING",0,0,1,1,1,0,29,0,0,0,1,0,0,16,49,0,32,0,17,0,0,0,4,9,19,0,0,0,0,0,1,2,14,0,0
"IA","IOWA","1914850","Iowa Valley Comm School District","00909","Iowa Valley Elementary School","191485000909","MISSING",0,0,0,0,1,0,14,0,0,0,1,1,0,7,24,0,15,1,8,0,0,0,0,4,11,0,0,0,0,0,0,0,9,0,0
"IA","IOWA","1920130","Muscatine Comm School District","01189","Madison Elementary School","192013001189","MISSING",0,0,4,13,0,0,27,0,0,0,5,0,0,9,58,3,41,2,12,0,0,0,1,9,34,0,0,0,0,0,0,4,10,0,0
"IA","IOWA","1918120","MFL MarMac Comm School District","01036","MFL MarMac HS","191812001036","MISSING",0,0,0,0,0,0,18,0,0,0,1,0,0,9,28,0,18,0,10,0,0,0,2,7,7,0,2,0,0,0,0,5,4,0,1
"IA","IOWA","1910130","Easton Valley Comm School District","02201","Easton Valley Junior High & High School","191013002201","MISSING",0,0,0,2,1,0,13,0,0,0,0,0,0,12,28,0,16,0,12,0,0,0,3,0,12,1,0,0,1,0,0,0,11,0,0
"IA","IOWA","1908310","Creston Comm School District","00444","Creston High School","190831000444","MISSING",0,0,1,5,1,0,24,0,0,0,2,1,0,14,48,2,29,2,15,0,0,0,3,10,17,1,0,0,0,0,3,3,11,0,0
"IA","IOWA","1931830","Winfield-Mt Union Comm School District","01851","Winfield Elementary School","193183001851","MISSING",0,0,1,0,0,0,15,0,0,0,1,0,0,4,21,1,15,1,4,0,0,0,0,1,15,0,0,0,0,0,0,0,5,0,0
"IA","IOWA","1920130","Muscatine Comm School District","01184","Franklin Elementary School","192013001184","MISSING",0,0,1,7,2,0,25,1,0,0,6,0,0,12,54,1,34,3,16,0,0,0,1,6,28,0,0,0,0,0,0,3,16,0,0
"IA","IOWA","1920130","Muscatine Comm School District","01190","McKinley Elementary School","192013001190","MISSING",0,0,4,13,2,0,29,0,0,0,7,0,0,8,63,2,46,2,13,0,0,1,9,14,24,0,0,0,0,0,1,4,10,0,0
"IA","IOWA","1908310","Creston Comm School District","01237","Creston Middle School","190831001237","MISSING",0,0,1,3,2,0,19,0,0,0,2,2,0,19,48,3,22,2,21,0,0,0,6,3,16,0,0,0,0,0,0,4,19,0,0
"IA","IOWA","1920130","Muscatine Comm School District","01192","Mulberry Elementary School","192013001192","MISSING",0,1,1,3,1,0,21,1,0,2,2,0,0,13,45,1,26,1,17,0,0,0,6,3,18,0,0,0,0,0,5,2,11,0,0
"IA","IOWA","1918120","MFL MarMac Comm School District","01068","MFL MarMac Middle School","191812001068","MISSING",0,0,0,0,1,0,15,0,0,0,0,0,0,10,26,0,16,0,10,0,0,0,2,6,8,0,0,0,0,0,0,2,8,0,0
"IA","IOWA","1931350","Western Dubuque Comm School District","00205","Drexler Middle- Intermediate School","193135000205","MISSING",0,0,2,5,2,0,51,0,0,1,1,2,0,27,91,4,56,0,31,0,0,0,0,21,39,0,0,0,0,0,0,9,22,0,0
"IA","IOWA","1931350","Western Dubuque Comm School District","01828","Dyersville Elementary School","193135001828","MISSING",0,0,1,6,2,1,30,0,0,0,3,0,0,13,56,4,36,2,14,0,0,0,5,4,31,0,0,0,0,0,0,2,14,0,0
"IA","IOWA","1931800","Wilton Comm School District","01850","Wilton Jr-Sr High School","193180001850","MISSING",0,0,0,0,1,0,14,0,0,1,0,1,0,5,22,0,15,0,7,0,0,0,0,4,9,2,0,0,0,0,0,1,6,0,0
"IA","IOWA","1931350","Western Dubuque Comm School District","01829","Epworth Elementary School","193135001829","MISSING",0,0,0,1,1,0,26,0,0,0,0,1,0,8,37,0,28,0,9,0,0,0,0,2,26,0,0,0,0,0,0,1,8,0,0
"IA","IOWA","1904380","Baxter Comm School District","00113","Baxter Elementary School","190438000113","MISSING",0,0,0,0,0,0,11,0,0,0,0,0,0,7,18,0,11,0,7,0,0,0,0,0,11,0,0,0,0,0,0,1,6,0,0
"IA","IOWA","1931350","Western Dubuque Comm School District","01824","Cascade Elementary School","193135001824","MISSING",0,0,1,2,0,0,25,0,0,1,1,1,0,15,46,2,26,1,17,0,0,1,0,0,27,0,0,0,0,0,0,1,17,0,0
"IA","IOWA","1916140","Harris-Lake Park Comm School District","00966","Harris-Lake Park Elementary School","191614000966","MISSING",0,0,0,2,0,0,14,0,0,0,1,0,0,7,24,1,15,0,8,0,0,0,0,1,15,0,0,0,0,0,0,0,8,0,0
"IA","IOWA","1931350","Western Dubuque Comm School District","01832","Western Dubuque High School","193135001832","MISSING",0,0,1,0,2,2,59,0,0,2,3,2,0,29,100,1,63,2,34,0,0,0,5,10,49,0,0,0,0,0,6,5,25,0,0
"IA","IOWA","1916140","Harris-Lake Park Comm School District","00967","Harris-Lake Park High School","191614000967","MISSING",0,0,0,0,0,0,11,0,0,0,2,0,0,3,16,0,11,0,5,0,0,0,0,3,8,0,0,0,0,0,0,0,5,0,0
"IA","IOWA","1904380","Baxter Comm School District","00114","Baxter High School","190438000114","MISSING",0,0,0,0,0,0,21,0,0,0,0,2,0,13,36,0,21,0,15,0,0,0,0,8,13,0,0,0,1,0,0,4,10,0,0
"IA","IOWA","1931800","Wilton Comm School District","01849","Wilton Elementary School","193180001849","MISSING",0,1,0,5,2,0,30,0,0,0,2,0,0,13,53,1,37,0,15,0,0,0,0,4,34,0,0,0,0,0,0,0,15,0,0
"IA","IOWA","1931350","Western Dubuque Comm School District","01830","Farley Elementary School","193135001830","MISSING",0,0,0,4,0,0,19,0,0,0,1,0,0,11,35,3,20,1,11,0,0,0,1,3,19,0,0,0,0,0,0,3,9,0,0
"IA","IOWA","1931350","Western Dubuque Comm School District","01346","Peosta Elementary School","193135001346","MISSING",0,0,2,0,0,0,23,0,0,0,1,1,0,19,46,0,25,0,21,0,0,0,1,3,21,0,0,0,0,0,0,2,19,0,0
"IA","IOWA","1931350","Western Dubuque Comm School District","01825","Cascade Junior-Senior High School","193135001825","MISSING",0,0,0,2,0,0,20,0,0,0,0,0,0,12,34,2,20,0,12,0,0,0,0,1,21,0,0,0,0,0,0,0,12,0,0
"IA","IOWA","1929490","Waco Comm School District","01683","Waco Elementary School","192949001683","MISSING",0,0,0,3,0,0,18,0,0,0,2,0,0,19,42,2,19,2,19,0,0,0,0,1,20,0,0,0,0,0,0,2,19,0,0
"IA","IOWA","1929490","Waco Comm School District","01684","WACO High School","192949001684","MISSING",0,0,0,1,0,0,17,0,0,1,0,1,0,7,27,0,18,0,9,1,0,0,0,0,16,1,0,0,0,0,1,1,7,0,0
"IA","IOWA","1923110","Pleasant Valley Comm School District","01366","Riverdale Heights Elem School","192311001366","MISSING",0,5,3,0,3,0,30,0,4,0,2,1,0,16,64,0,41,1,22,0,0,0,4,5,32,0,0,0,0,0,1,6,16,0,0
"IA","IOWA","1908970","Des Moines Independent Comm School District","00584","Weeks Middle School","190897000584","MISSING",1,7,24,32,6,0,20,0,1,16,24,4,0,15,150,32,58,20,40,0,0,0,4,34,52,0,0,0,0,0,5,18,37,0,0
"IA","IOWA","1919860","Mount Ayr Comm School District","01166","Mount Ayr Elementary","191986001166","MISSING",0,0,0,1,0,0,25,0,0,0,0,0,0,16,42,1,25,0,16,0,0,0,2,11,13,0,0,0,0,0,0,7,9,0,0
"IA","IOWA","1908970","Des Moines Independent Comm School District","00543","Hoover High School","190897000543","MISSING",0,8,42,17,6,0,16,0,1,32,16,2,0,7,147,28,61,17,41,1,0,0,12,44,32,0,0,0,0,0,4,34,20,0,0
"IA","IOWA","1908970","Des Moines Independent Comm School District","00566","North High School","190897000566","MISSING",1,13,44,43,10,1,51,0,9,25,25,9,0,21,252,52,111,31,58,3,0,0,30,68,61,0,1,0,0,0,8,45,36,0,0
"IA","IOWA","1908970","Des Moines Independent Comm School District","00569","Park Ave Elementary School","190897000569","MISSING",0,1,2,14,3,0,19,0,1,4,2,2,0,6,54,10,29,2,13,0,0,0,5,1,33,0,0,0,0,0,3,2,10,0,0
"IA","IOWA","1908970","Des Moines Independent Comm School District","00539","Hanawalt Elementary","190897000539","MISSING",0,0,10,4,3,0,11,0,0,9,1,0,0,3,41,8,20,4,9,0,0,0,5,4,19,0,0,0,0,0,1,1,11,0,0
"IA","IOWA","1908970","Des Moines Independent Comm School District","00529","Edmunds Fine Arts Academy","190897000529","MISSING",0,0,18,5,0,0,3,0,0,8,2,0,0,0,36,14,12,6,4,0,0,0,0,7,19,0,0,0,0,0,0,0,10,0,0
"IA","IOWA","1908970","Des Moines Independent Comm School District","00572","Pleasant Hill Elementary School","190897000572","MISSING",0,0,2,2,1,0,13,0,0,1,4,1,0,10,34,1,17,2,14,0,0,0,0,6,12,0,0,0,0,0,0,3,13,0,0
"IA","IOWA","1908970","Des Moines Independent Comm School District","00544","Howe Elementary","190897000544","MISSING",0,0,9,7,5,0,11,0,0,2,3,2,0,4,43,7,25,2,9,0,0,0,3,8,20,0,1,0,0,0,0,1,10,0,0
"IA","IOWA","1908970","Des Moines Independent Comm School District","00518","Capitol View Elementary School","190897000518","MISSING",0,2,8,15,4,0,23,0,1,5,7,0,0,5,70,16,36,6,12,0,0,0,11,9,32,0,0,0,0,1,5,0,12,0,0
"IA","IOWA","1908970","Des Moines Independent Comm School District","00541","Hillis Elementary School","190897000541","MISSING",0,1,6,6,4,0,9,0,0,3,2,2,0,7,40,9,17,2,12,0,0,0,4,3,19,0,0,0,0,0,0,2,12,0,0
"IA","IOWA","1908970","Des Moines Independent Comm School District","00531","Findley Elementary School","190897000531","MISSING",0,2,4,9,3,0,13,0,2,3,3,1,0,8,48,10,21,4,13,0,0,0,5,10,16,0,0,0,0,0,2,2,13,0,0
"IA","IOWA","1908970","Des Moines Independent Comm School District","02260","Ruby Van Meter","190897002260","MISSING",1,3,13,17,5,1,42,0,0,10,7,5,0,20,124,22,60,9,33,0,0,0,0,0,0,0,82,0,0,0,3,0,1,0,38
"IA","IOWA","1908970","Des Moines Independent Comm School District","02011","Cowles Elementary School","190897002011","MISSING",0,0,0,1,0,0,7,0,0,0,1,0,0,2,11,0,8,0,3,0,0,0,0,0,8,0,0,0,0,0,0,0,3,0,0
"IA","IOWA","1923110","Pleasant Valley Comm School District","01362","Bridgeview Elementary School","192311001362","MISSING",0,0,0,1,0,0,12,0,0,0,1,0,0,2,16,0,13,0,3,0,0,0,1,2,10,0,0,0,0,0,0,0,3,0,0
"IA","IOWA","1908970","Des Moines Independent Comm School District","00519","Callanan Middle School","190897000519","MISSING",0,1,34,9,5,0,14,1,1,21,8,4,0,7,105,17,46,16,26,0,0,0,3,19,41,0,0,0,0,0,3,9,30,0,0
"IA","IOWA","1908970","Des Moines Independent Comm School District","00232","Downtown School","190897000232","MISSING",0,0,0,1,1,0,9,0,0,0,1,3,0,2,17,1,10,0,6,0,0,0,1,4,6,0,0,0,0,0,0,1,5,0,0
"IA","IOWA","1910410","Eastern Allamakee Comm School District","00663","Kee High School","191041000663","MISSING",0,0,0,0,0,0,5,0,0,0,0,0,0,6,11,0,5,0,6,0,0,0,0,0,5,0,0,0,0,0,0,0,6,0,0
"IA","IOWA","1908970","Des Moines Independent Comm School District","00516","Hiatt Middle School","190897000516","MISSING",0,3,17,34,4,0,11,0,1,13,23,3,0,7,116,36,33,19,28,0,0,0,8,10,50,0,1,0,0,0,4,5,38,0,0
"IA","IOWA","1908970","Des Moines Independent Comm School District","00521","Cattell Elementary School","190897000521","MISSING",0,0,8,5,6,0,16,0,1,5,4,1,0,8,54,2,33,7,12,0,0,0,10,2,23,0,0,0,0,0,2,1,16,0,0
"IA","IOWA","1908970","Des Moines Independent Comm School District","00565","Moulton Elementary School","190897000565","MISSING",0,2,12,8,2,0,10,0,2,4,3,2,0,0,45,9,25,5,6,0,0,0,13,7,14,0,0,0,0,0,1,2,8,0,0
"IA","IOWA","1908970","Des Moines Independent Comm School District","00578","Studebaker Elementary School","190897000578","MISSING",0,0,15,14,2,0,25,0,1,4,5,2,0,6,74,13,43,5,13,0,0,0,7,8,41,0,0,0,0,0,3,2,13,0,0
"IA","IOWA","1923110","Pleasant Valley Comm School District","01364","Pleasant Valley High School","192311001364","MISSING",1,2,4,0,1,0,35,0,2,1,4,2,0,22,74,0,43,0,31,0,0,0,6,3,34,0,0,0,0,0,6,6,19,0,0
"IA","IOWA","1919860","Mount Ayr Comm School District","01167","Mount Ayr High School","191986001167","MISSING",0,0,0,0,0,0,22,0,0,0,0,0,0,20,42,0,22,0,20,0,0,0,6,6,10,0,0,0,0,0,0,4,16,0,0
"IA","IOWA","1908970","Des Moines Independent Comm School District","00560","Meredith Middle School","190897000560","MISSING",1,7,36,9,8,0,25,0,2,23,17,8,0,5,141,20,66,19,36,0,0,0,9,19,57,0,1,0,0,0,3,14,37,0,1
"IA","IOWA","1908970","Des Moines Independent Comm School District","00571","Phillips Elementary","190897000571","MISSING",0,1,5,9,1,0,15,0,0,3,2,0,0,4,40,7,24,1,8,0,0,0,1,1,29,0,0,0,0,0,1,0,8,0,0
"IA","IOWA","1908970","Des Moines Independent Comm School District","00528","East High School","190897000528","MISSING",0,8,44,95,18,0,79,3,6,31,61,6,0,53,404,80,164,51,109,1,1,0,34,107,99,1,1,0,0,0,19,74,67,0,0
"IA","IOWA","1908970","Des Moines Independent Comm School District","00568","Orchard Place School","190897000568","MISSING",0,0,0,3,1,0,6,0,0,0,0,4,0,7,21,0,10,0,11,0,0,0,1,0,0,9,0,1,0,0,0,0,2,8,0
"IA","IOWA","1908970","Des Moines Independent Comm School District","00567","Oak Park","190897000567","MISSING",1,2,2,8,4,0,9,0,1,4,3,0,0,5,39,5,21,1,12,0,0,0,5,2,19,0,0,0,0,0,2,3,8,0,0
"IA","IOWA","1908970","Des Moines Independent Comm School District","02228","Moore Elementary School","190897002228","MISSING",0,2,4,6,2,0,17,0,0,6,3,3,0,9,52,7,24,3,18,0,0,0,7,2,21,0,1,0,0,0,4,1,16,0,0
"IA","IOWA","1908970","Des Moines Independent Comm School District","00563","Monroe Elementary School","190897000563","MISSING",0,6,13,7,5,0,3,0,2,9,7,0,0,9,61,13,21,10,17,0,0,0,2,0,32,0,0,0,0,0,4,1,22,0,0
"IA","IOWA","1908970","Des Moines Independent Comm School District","00577","Stowe Elementary School","190897000577","MISSING",0,1,4,11,2,0,22,0,0,3,1,1,0,13,58,7,33,1,17,0,0,0,5,5,29,0,1,0,0,0,0,2,16,0,0
"IA","IOWA","1908970","Des Moines Independent Comm School District","01143","Walnut Street School","190897001143","MISSING",1,0,9,1,0,0,7,0,0,4,1,2,0,5,30,0,18,0,12,0,0,0,2,2,14,0,0,0,0,0,2,0,10,0,0
"IA","IOWA","1908970","Des Moines Independent Comm School District","00557","McCombs Middle School","190897000557","MISSING",0,3,17,28,4,0,28,2,0,11,14,3,0,34,144,22,58,10,54,0,0,0,12,21,46,0,1,0,0,0,5,15,44,0,0
"IA","IOWA","1908970","Des Moines Independent Comm School District","00517","Brody Middle School","190897000517","MISSING",1,1,10,17,4,0,37,2,1,7,17,2,0,20,119,11,59,13,36,1,0,0,4,9,56,0,0,0,0,0,0,3,46,0,0
"IA","IOWA","1908970","Des Moines Independent Comm School District","00561","Merrill Middle School","190897000561","MISSING",0,5,15,10,5,0,30,0,1,7,12,9,0,12,106,10,55,7,34,0,0,0,2,14,49,0,0,0,0,0,0,6,35,0,0
"IA","IOWA","1908970","Des Moines Independent Comm School District","00546","Hubbell Elementary","190897000546","MISSING",0,4,7,6,4,0,10,0,0,4,2,3,0,6,46,6,25,2,13,0,0,0,5,5,21,0,0,0,0,0,0,2,13,0,0
"IA","IOWA","1923110","Pleasant Valley Comm School District","01363","Cody Elementary School","192311001363","MISSING",0,0,2,1,0,0,14,0,0,0,0,0,0,6,23,0,17,0,6,0,0,0,0,2,15,0,0,0,0,0,0,1,5,0,0
"IA","IOWA","1908970","Des Moines Independent Comm School District","00534","Garton Elementary","190897000534","MISSING",0,4,16,15,5,1,19,0,2,5,5,0,0,12,84,16,44,5,19,0,0,0,13,16,31,0,0,0,0,0,4,4,16,0,0
"IA","IOWA","1908970","Des Moines Independent Comm School District","00545","Hoyt Middle School","190897000545","MISSING",0,0,10,19,6,1,38,2,1,8,13,5,0,27,130,14,60,11,45,0,0,0,4,14,55,0,1,0,0,0,3,14,39,0,0
"IA","IOWA","1908970","Des Moines Independent Comm School District","00589","Wright Elementary School","190897000589","MISSING",0,0,3,3,6,0,18,0,0,0,4,0,0,3,37,3,27,2,5,0,0,0,0,3,27,0,0,0,0,0,0,0,7,0,0
"IA","IOWA","1908970","Des Moines Independent Comm School District","00538","Greenwood Elementary School","190897000538","MISSING",0,0,5,0,2,0,10,0,0,4,2,2,0,4,29,0,17,2,10,0,0,0,1,2,14,0,0,0,0,0,0,0,12,0,0
"IA","IOWA","1910410","Eastern Allamakee Comm School District","00665","Lansing Middle School","191041000665","MISSING",0,0,0,0,0,0,4,0,0,0,0,0,0,1,5,0,4,0,1,0,0,0,1,1,2,0,0,0,0,0,0,0,1,0,0
"IA","IOWA","1908970","Des Moines Independent Comm School District","00583","Morris Elementary School","190897000583","MISSING",0,0,8,12,3,0,20,0,0,3,5,2,0,7,60,10,33,2,15,0,0,0,6,7,30,0,0,0,0,0,1,2,14,0,0
"IA","IOWA","1908970","Des Moines Independent Comm School District","02093","Samuelson Elementary School","190897002093","MISSING",0,8,9,3,0,0,8,0,1,3,4,0,0,2,38,10,18,4,6,0,0,0,4,6,18,0,0,0,0,0,0,1,9,0,0
"IA","IOWA","1908970","Des Moines Independent Comm School District","00540","Harding Middle School","190897000540","MISSING",2,11,33,39,6,1,15,0,4,22,19,5,0,9,166,48,59,25,34,0,0,0,10,28,69,0,0,0,0,0,4,13,42,0,0
"IA","IOWA","1923110","Pleasant Valley Comm School District","01365","Pleasant View Elementary School","192311001365","MISSING",0,2,0,2,1,0,18,0,1,0,0,1,0,7,32,2,21,0,9,0,0,0,3,6,14,0,0,0,0,0,0,3,6,0,0
"IA","IOWA","1908970","Des Moines Independent Comm School District","00554","Madison Elementary School","190897000554","MISSING",0,6,2,9,5,0,12,0,0,3,6,0,0,3,46,13,21,6,6,0,0,0,1,4,29,0,0,0,0,0,0,2,10,0,0
"IA","IOWA","1908970","Des Moines Independent Comm School District","00552","Lovejoy Elementary School","190897000552","MISSING",1,0,4,7,3,0,16,0,0,5,1,0,0,3,40,4,27,1,8,0,0,0,4,4,23,0,0,0,0,0,1,0,8,0,0
"IA","IOWA","1908970","Des Moines Independent Comm School District","00559","McKinley Elementary School","190897000559","MISSING",0,2,3,8,5,0,19,0,2,2,1,1,1,6,50,7,30,3,10,0,0,0,9,6,22,0,0,0,0,0,2,3,8,0,0
"IA","IOWA","1908970","Des Moines Independent Comm School District","00547","Jackson Elementary School","190897000547","MISSING",0,3,5,9,3,0,13,0,1,5,3,3,0,5,50,10,23,4,13,0,0,0,2,5,26,0,0,0,0,0,1,3,13,0,0
"IA","IOWA","1908970","Des Moines Independent Comm School District","00535","Goodrell Middle School","190897000535","MISSING",0,0,9,23,4,1,20,0,1,10,16,1,0,18,103,12,45,12,34,0,0,0,4,9,44,0,0,0,0,0,1,2,43,0,0
"IA","IOWA","1908970","Des Moines Independent Comm School District","01472","South Union Elementary School","190897001472","MISSING",0,0,8,12,2,0,19,0,0,3,6,0,0,3,53,8,33,4,8,0,0,0,8,8,25,0,0,0,0,0,0,0,12,0,0
"IA","IOWA","1908970","Des Moines Independent Comm School District","00556","King Elementary School","190897000556","MISSING",0,1,5,4,2,0,7,0,1,2,3,1,0,1,27,4,15,4,4,0,0,0,5,1,13,0,0,0,0,0,0,1,7,0,0
"IA","IOWA","1910410","Eastern Allamakee Comm School District","00666","New Albin Elementary School","191041000666","MISSING",0,0,0,0,0,0,12,0,0,0,0,0,0,7,19,0,12,0,7,0,0,0,0,0,12,0,0,0,0,0,0,1,6,0,0
"IA","IOWA","1908970","Des Moines Independent Comm School District","00548","Jefferson Elementary School","190897000548","MISSING",0,0,1,3,0,0,10,0,0,0,1,1,0,8,24,1,13,0,10,0,0,0,0,4,10,0,0,0,0,0,0,0,10,0,0
"IA","IOWA","1908970","Des Moines Independent Comm School District","00746","Brubaker Elementary School","190897000746","MISSING",1,2,10,11,6,0,44,0,1,3,8,0,0,15,101,8,66,4,23,0,0,0,7,11,56,0,0,0,0,0,3,2,22,0,0
"IA","IOWA","1900027","Riverside Comm School District","10279","Riverside Elementary","190002710279","MISSING",0,0,0,2,0,0,15,0,0,0,0,0,0,10,27,0,17,0,10,0,0,0,0,1,16,0,0,0,0,0,0,0,10,0,0
"IA","IOWA","1908970","Des Moines Independent Comm School District","01596","Carver Elementary","190897001596","MISSING",0,0,14,22,1,0,9,0,1,4,10,3,0,2,66,17,29,7,13,0,0,0,6,7,32,0,1,0,0,0,2,1,17,0,0
"IA","IOWA","1923110","Pleasant Valley Comm School District","01361","Pleasant Valley Junior  High School","192311001361","MISSING",0,4,2,5,0,0,31,0,1,0,4,0,0,12,59,1,41,1,16,0,0,0,5,7,30,0,0,0,0,0,1,3,13,0,0
"IA","IOWA","1908970","Des Moines Independent Comm School District","00587","Windsor Elementary","190897000587","MISSING",1,1,3,3,0,0,20,0,0,3,2,3,1,12,49,3,25,4,17,0,0,0,5,5,18,0,0,0,0,0,2,0,19,0,0
"IA","IOWA","1900027","Riverside Comm School District","00260","Riverside Community High School","190002700260","MISSING",0,0,0,2,1,0,21,0,0,0,1,0,0,9,34,0,24,0,10,0,0,0,1,2,21,0,0,0,0,0,0,0,10,0,0
"IA","IOWA","1923110","Pleasant Valley Comm School District","02164","Hopewell Elementary","192311002164","MISSING",0,6,2,1,1,0,23,0,1,2,0,2,0,5,43,3,30,1,9,0,0,0,1,8,24,0,0,0,0,0,0,1,9,0,0
"IA","IOWA","1908970","Des Moines Independent Comm School District","00574","Roosevelt High School","190897000574","MISSING",1,5,63,35,11,0,51,0,1,33,15,7,0,24,246,42,124,26,54,1,0,0,24,79,61,0,1,0,0,0,8,48,24,0,0
"IA","IOWA","1908970","Des Moines Independent Comm School District","02268","Virtual Campus","190897002268","MISSING",0,0,1,0,1,0,2,0,0,1,1,0,0,2,8,2,2,1,3,0,0,0,0,0,4,0,0,0,0,0,1,2,1,0,0
"IA","IOWA","1908970","Des Moines Independent Comm School District","00570","Perkins Elementary School","190897000570","MISSING",0,0,11,3,5,0,12,0,1,6,1,2,0,8,49,0,31,5,13,0,0,0,7,7,17,0,0,0,0,0,3,2,13,0,0
"IA","IOWA","1908970","Des Moines Independent Comm School District","00585","Willard Elementary School","190897000585","MISSING",0,0,4,6,2,0,21,0,0,5,2,3,0,10,53,8,25,3,17,0,0,0,1,4,28,0,0,0,0,0,0,0,20,0,0
"IA","IOWA","1908970","Des Moines Independent Comm School District","00550","Lincoln High School","190897000550","MISSING",0,6,32,47,12,0,74,0,4,25,35,6,0,66,307,39,132,32,104,2,0,0,27,75,67,0,0,2,0,0,13,76,45,0,0
"IA","IOWA","1900027","Riverside Comm School District","00249","Riverside Community Carson Elementary","190002700249","MISSING",0,0,0,1,0,0,14,0,0,0,1,3,0,13,32,0,15,1,16,0,0,0,0,0,14,0,1,0,0,0,0,0,17,0,0
"IA","IOWA","1908970","Des Moines Independent Comm School District","00728","River Woods Elementary School","190897000728","MISSING",0,1,10,17,1,0,6,0,2,6,1,0,0,4,48,16,19,5,8,0,0,0,0,13,22,0,0,0,0,0,1,4,8,0,0
"IA","IOWA","1903150","Adel DeSoto Minburn Comm School District","00009","ADM Senior High School","190315000009","MISSING",0,0,0,1,1,0,31,0,0,1,1,0,0,20,55,0,33,2,20,0,0,0,0,4,29,0,0,0,0,0,1,3,18,0,0
"IA","IOWA","1917250","Lisbon Comm School District","01008","Lisbon Elementary School","191725001008","MISSING",0,0,0,0,0,0,22,0,0,0,0,1,0,17,40,0,22,0,18,0,0,0,0,0,22,0,0,0,0,0,0,0,18,0,0
"IA","IOWA","1926910","Spencer Comm School District","02184","Fairview Park Elementary","192691002184","MISSING",0,0,0,2,0,0,33,0,0,1,1,0,0,15,52,1,34,1,16,0,0,0,0,1,33,0,1,0,0,0,0,1,16,0,0
"IA","IOWA","1926910","Spencer Comm School District","01582","Spencer High School","192691001582","MISSING",1,0,4,4,0,0,49,0,0,1,3,1,0,31,94,0,58,0,36,0,0,0,4,7,47,0,0,0,0,0,2,5,29,0,0
"IA","IOWA","1917250","Lisbon Comm School District","01981","Lisbon Middle School","191725001981","MISSING",0,0,0,0,0,0,12,0,0,0,0,0,0,2,14,0,12,0,2,0,0,0,0,0,12,0,0,0,0,0,0,0,2,0,0
"IA","IOWA","1924150","Riceville Comm School District","01410","Riceville High School","192415001410","MISSING",0,0,0,0,1,0,5,0,0,0,0,0,0,4,10,0,6,0,4,0,0,0,1,0,5,0,0,0,0,0,0,1,3,0,0
"IA","IOWA","1912750","Glidden-Ralston Comm School District","00772","Glidden-Ralston Jr-Sr High School","191275000772","MISSING",0,0,0,0,0,0,7,0,0,0,0,0,0,2,9,0,7,0,2,0,0,0,0,2,5,0,0,0,0,0,0,0,2,0,0
"IA","IOWA","1918480","Maple Valley-Anthon Oto Comm School District","01059","Mapleton Elementary School","191848001059","MISSING",0,0,0,0,0,0,20,0,0,0,0,1,0,5,26,0,20,0,6,0,0,0,1,0,19,0,0,0,0,0,0,1,5,0,0
"IA","IOWA","1926910","Spencer Comm School District","02170","Johnson Elementary","192691002170","MISSING",0,0,0,2,2,0,26,0,0,0,2,0,0,13,45,0,30,2,13,0,0,0,0,1,28,0,1,0,0,0,0,1,14,0,0
"IA","IOWA","1903150","Adel DeSoto Minburn Comm School District","00010","DeSoto Intermediate School","190315000010","MISSING",0,1,0,2,1,0,22,1,0,0,1,1,0,19,48,1,25,0,22,0,0,0,1,1,24,0,0,0,0,0,0,0,22,0,0
"IA","IOWA","1926910","Spencer Comm School District","01583","Spencer Middle School","192691001583","MISSING",0,0,0,4,0,0,56,0,0,1,3,0,0,25,89,1,59,0,29,0,0,0,0,13,45,0,2,0,1,0,0,5,23,0,0
"IA","IOWA","1918480","Maple Valley-Anthon Oto Comm School District","01057","Maple Valley-Anthon Oto High School","191848001057","MISSING",0,0,1,4,0,0,25,0,0,0,1,0,0,10,41,1,29,0,11,0,0,0,1,2,27,0,0,0,0,0,0,0,11,0,0
"IA","IOWA","1907170","Cherokee Comm School District","00335","Cherokee Middle School","190717000335","MISSING",0,0,0,1,0,0,19,0,0,0,1,1,0,16,38,1,19,0,18,0,0,0,0,2,18,0,0,0,0,0,0,2,16,0,0
"IA","IOWA","1908940","Denver Comm School District","00513","Denver Middle School","190894000513","MISSING",0,0,0,0,0,0,14,0,0,0,0,0,0,6,20,0,14,0,6,0,0,0,0,0,14,0,0,0,0,0,0,0,6,0,0
"IA","IOWA","1904650","Bellevue Comm School District","00128","Bellevue Elementary School","190465000128","MISSING",0,0,1,0,1,0,16,0,0,0,0,0,0,6,24,0,18,0,6,0,0,0,2,2,14,0,0,0,0,0,0,1,5,0,0
"IA","IOWA","1903150","Adel DeSoto Minburn Comm School District","01986","ADM Middle School","190315001986","MISSING",1,0,0,0,1,0,30,0,0,0,2,1,0,10,45,1,31,1,12,0,0,0,0,3,29,0,0,0,0,0,0,1,12,0,0
"IA","IOWA","1918780","Mason City Comm School District","01109","Roosevelt Elementary School","191878001109","MISSING",0,0,3,7,3,0,33,0,0,1,6,1,1,18,73,0,46,4,23,0,0,0,1,11,34,0,0,0,0,0,1,9,17,0,0
"IA","IOWA","1918780","Mason City Comm School District","01103","Hoover Elementary School","191878001103","MISSING",0,0,6,2,2,1,28,0,0,2,3,0,1,10,55,2,37,1,15,0,0,0,2,6,31,0,0,0,0,0,0,3,13,0,0
"IA","IOWA","1918780","Mason City Comm School District","01099","Alternative School","191878001099","MISSING",0,0,1,0,0,0,5,0,0,1,0,0,0,3,10,0,6,0,4,0,0,0,0,0,6,0,0,0,0,0,0,0,4,0,0
"IA","IOWA","1924150","Riceville Comm School District","01409","Riceville Elementary School","192415001409","MISSING",0,0,0,2,2,0,14,0,0,0,1,0,0,11,30,1,17,1,11,0,0,0,0,2,16,0,0,0,0,0,0,1,11,0,0
"IA","IOWA","1926910","Spencer Comm School District","02182","Lincoln Elementary School","192691002182","MISSING",0,0,0,3,2,0,26,0,0,0,1,0,0,16,48,1,30,0,17,0,0,0,1,8,22,0,0,0,0,0,0,2,15,0,0
"IA","IOWA","1907170","Cherokee Comm School District","00332","Roosevelt Elementary School","190717000332","MISSING",1,0,0,4,1,0,23,1,0,0,0,0,0,14,44,0,29,0,15,0,0,0,1,4,24,0,0,0,0,0,0,0,15,0,0
"IA","IOWA","1918780","Mason City Comm School District","02115","Lincoln Intermediate","191878002115","MISSING",0,0,10,6,4,1,36,1,0,4,4,0,0,25,91,2,55,1,33,0,0,0,5,19,30,0,3,0,0,0,4,9,19,0,2
"IA","IOWA","1917250","Lisbon Comm School District","01009","Lisbon High School","191725001009","MISSING",0,0,0,0,1,0,8,0,0,0,0,0,0,4,13,0,9,0,4,0,0,0,0,1,8,0,0,0,0,0,0,0,4,0,0
"IA","IOWA","1918780","Mason City Comm School District","01107","Mason City High School","191878001107","MISSING",1,0,12,13,2,1,72,0,3,8,2,1,1,42,158,4,97,4,53,0,0,0,22,35,37,1,6,0,0,0,11,23,21,1,1
"IA","IOWA","1908940","Denver Comm School District","00514","Denver Senior High School","190894000514","MISSING",0,0,1,1,0,0,14,0,0,0,0,0,0,7,23,0,16,0,7,0,0,0,0,1,15,0,0,0,0,0,0,1,6,0,0
"IA","IOWA","1904650","Bellevue Comm School District","00129","Bellevue High School","190465000129","MISSING",0,0,0,0,2,0,26,0,0,2,0,0,0,15,45,0,28,0,17,0,0,0,0,9,19,0,0,0,0,0,0,3,14,0,0
"IA","IOWA","1918780","Mason City Comm School District","01105","John Adams Middle School","191878001105","MISSING",1,2,6,8,1,1,53,1,0,6,2,1,0,26,108,3,69,0,36,0,0,0,8,24,33,1,6,0,0,0,2,9,22,0,3
"IA","IOWA","1912750","Glidden-Ralston Comm School District","00771","Glidden-Ralston Elementary School","191275000771","MISSING",0,0,1,1,0,0,18,0,0,0,0,0,0,6,26,0,20,0,6,0,0,0,0,2,18,0,0,0,0,0,0,1,5,0,0
"IA","IOWA","1918780","Mason City Comm School District","01102","Harding Elementary School","191878001102","MISSING",1,0,2,2,2,0,22,0,0,3,1,0,0,7,40,1,28,0,11,0,0,0,7,4,13,0,5,0,0,0,0,2,8,0,1
"IA","IOWA","1907170","Cherokee Comm School District","00333","Washington High School","190717000333","MISSING",0,0,2,3,1,0,13,0,0,0,0,0,0,19,38,1,18,0,19,0,0,0,0,2,17,0,0,0,0,0,0,3,16,0,0
"IA","IOWA","1903150","Adel DeSoto Minburn Comm School District","00008","Adel Elementary School","190315000008","MISSING",0,0,0,1,2,0,26,0,0,0,0,0,0,7,36,0,29,0,7,0,0,0,1,1,27,0,0,0,0,0,0,0,7,0,0
"IA","IOWA","1918480","Maple Valley-Anthon Oto Comm School District","00079","MVAO Middle School","191848000079","MISSING",0,0,0,1,1,0,12,0,0,0,1,0,0,2,17,0,14,0,3,0,0,0,0,1,13,0,0,0,0,0,0,0,3,0,0
"IA","IOWA","1908940","Denver Comm School District","00831","K-5 Elementary School Lincoln Street Building","190894000831","MISSING",0,0,0,1,0,0,29,0,0,0,1,0,0,17,48,0,30,0,18,0,0,0,2,1,27,0,0,0,0,0,2,1,15,0,0
"IA","IOWA","1918780","Mason City Comm School District","01104","Jefferson Elementary School","191878001104","MISSING",1,1,2,0,0,0,18,0,0,1,0,0,0,8,31,0,22,0,9,0,0,0,0,4,18,0,0,0,0,0,0,2,7,0,0
"IA","IOWA","1918480","Maple Valley-Anthon Oto Comm School District","00080","Anthon Elementary","191848000080","MISSING",0,0,1,0,0,0,8,0,0,0,0,0,0,0,9,0,9,0,0,0,0,0,0,1,8,0,0,0,0,0,0,0,0,0,0
"IA","IOWA","1919890","Mount Pleasant Comm School District","01172","Mount Pleasant High School","191989001172","MISSING",0,1,4,3,2,0,47,0,1,3,2,2,0,13,78,2,55,2,19,0,0,0,5,28,24,0,0,0,0,0,0,8,13,0,0
"IA","IOWA","1919890","Mount Pleasant Comm School District","01173","Mount Pleasant Middle School","191989001173","MISSING",0,0,1,4,1,0,30,0,1,1,3,1,0,21,63,3,33,3,24,0,0,0,1,10,25,0,0,0,0,0,0,2,25,0,0
"IA","IOWA","1913470","Hampton-Dumont Comm School District","00813","Hampton-Dumont High School","191347000813","MISSING",0,0,0,14,0,0,18,0,0,0,7,1,0,7,47,12,20,5,10,0,0,0,6,3,23,0,0,0,0,0,5,0,10,0,0
"IA","IOWA","1919440","Missouri Valley Comm School District","01147","Missouri Valley Middle School","191944001147","MISSING",0,0,0,0,0,0,12,0,0,0,0,0,0,11,23,0,12,0,11,0,0,0,0,3,9,0,0,0,0,0,0,4,7,0,0
"IA","IOWA","1931290","West Sioux Comm School District","01819","Hawarden Elementary School","193129001819","MISSING",0,0,0,7,0,0,11,1,0,0,1,0,0,9,29,6,12,1,10,0,0,0,0,3,15,0,0,0,0,0,0,1,10,0,0
"IA","IOWA","1919890","Mount Pleasant Comm School District","01170","Lincoln Elementary School","191989001170","MISSING",0,0,0,1,2,0,22,0,0,0,1,0,0,11,37,1,24,1,11,0,0,0,0,3,22,0,0,0,0,0,0,0,12,0,0
"IA","IOWA","1919890","Mount Pleasant Comm School District","01175","Salem Elementary School","191989001175","MISSING",0,0,0,0,0,0,12,0,0,0,0,0,0,1,13,0,12,0,1,0,0,0,0,2,10,0,0,0,0,0,0,0,1,0,0
"IA","IOWA","1919590","Montezuma Comm School District","01149","Montezuma Elementary School","191959001149","MISSING",0,0,0,0,0,0,18,0,0,0,4,0,0,9,31,0,18,0,13,0,0,0,1,1,16,0,0,0,0,0,1,0,12,0,0
"IA","IOWA","1916680","Lewis Central Comm School District","00996","Lewis Central Senior High School","191668000996","MISSING",2,0,3,8,3,0,67,0,0,2,4,2,0,53,144,3,80,3,58,0,0,1,5,21,49,2,5,0,0,0,5,15,37,2,2
"IA","IOWA","1919440","Missouri Valley Comm School District","01145","Missouri Valley Elementary","191944001145","MISSING",0,0,1,0,0,0,29,0,0,1,0,0,0,11,42,0,30,0,12,0,0,0,0,5,24,0,1,0,0,0,0,1,10,0,1
"IA","IOWA","1918330","Manson Northwest Webster Comm School District","01053","Manson Northwest Webster Junior High/High School","191833001053","MISSING",0,0,0,0,0,0,19,0,2,0,2,0,0,10,33,0,19,0,14,0,0,0,0,2,17,0,0,0,0,0,1,1,12,0,0
"IA","IOWA","1916680","Lewis Central Comm School District","00994","Titan Hill Intermediate School","191668000994","MISSING",1,0,4,12,3,0,57,1,0,3,8,1,0,22,112,8,69,2,33,0,0,0,4,21,48,1,3,0,0,0,0,10,25,0,0
"IA","IOWA","1918330","Manson Northwest Webster Comm School District","01052","Manson Northwest Webster Elementary","191833001052","MISSING",0,0,0,2,0,0,20,0,0,0,0,2,0,11,35,0,22,0,13,0,0,0,0,1,21,0,0,0,0,0,0,2,11,0,0
"IA","IOWA","1903930","Atlantic Comm School District","00093","Atlantic Middle School","190393000093","MISSING",0,0,1,2,0,0,32,0,0,0,0,0,1,15,51,2,33,0,16,0,0,0,1,6,28,0,0,0,0,0,0,5,11,0,0
"IA","IOWA","1928980","Van Buren County Comm School District","01670","Van Buren County Community School Middle & High School","192898001670","MISSING",0,0,0,0,0,0,27,0,0,0,0,0,0,14,41,0,27,0,14,0,0,0,1,0,26,0,0,0,0,0,0,0,14,0,0
"IA","IOWA","1907110","Charter Oak-Ute Comm School District","00327","Charter Oak-Ute Elementary School","190711000327","MISSING",0,0,0,1,1,0,5,0,0,0,0,0,0,7,14,0,7,1,6,0,0,0,0,0,7,0,0,0,0,0,0,1,6,0,0
"IA","IOWA","1931290","West Sioux Comm School District","01820","Ireton Elementary School","193129001820","MISSING",0,0,1,3,0,0,8,0,0,0,1,0,0,9,22,1,11,0,10,0,0,0,0,1,11,0,0,0,0,0,0,0,10,0,0
"IA","IOWA","1913470","Hampton-Dumont Comm School District","00819","South Side Elementary School","191347000819","MISSING",0,0,0,10,0,0,18,0,0,0,4,0,0,4,36,7,21,4,4,0,0,0,0,4,24,0,0,0,0,0,0,1,7,0,0
"IA","IOWA","1903930","Atlantic Comm School District","00090","Atlantic High School","190393000090","MISSING",1,0,1,1,1,0,32,0,0,0,0,1,0,22,59,0,36,0,23,1,0,0,7,5,23,0,0,0,0,0,4,9,9,0,1
"IA","IOWA","1903930","Atlantic Comm School District","00094","Washington Elementary School","190393000094","MISSING",0,0,0,2,0,3,43,0,0,0,0,0,1,29,78,1,47,1,29,0,0,0,4,2,42,0,0,0,0,0,1,1,28,0,0
"IA","IOWA","1916680","Lewis Central Comm School District","00997","Lewis Central Middle School","191668000997","MISSING",0,0,4,6,2,0,47,0,0,1,5,4,0,27,96,3,56,3,34,1,0,0,2,15,38,1,2,0,0,0,2,10,24,0,1
"IA","IOWA","1919890","Mount Pleasant Comm School District","01169","Harlan Elementary School","191989001169","MISSING",0,0,0,2,3,0,13,0,0,0,1,0,0,4,23,2,16,1,4,0,0,0,0,1,17,0,0,0,0,0,0,1,4,0,0
"IA","IOWA","1928980","Van Buren County Comm School District","00827","Van Buren County Community School District Harmony Center","192898000827","MISSING",0,0,0,1,0,0,14,0,0,0,0,0,0,7,22,0,15,0,7,0,0,0,1,2,12,0,0,0,0,0,0,1,6,0,0
"IA","IOWA","1919590","Montezuma Comm School District","01150","Montezuma High School","191959001150","MISSING",0,0,0,0,0,0,9,0,0,0,0,0,0,3,12,0,9,0,3,1,0,0,1,1,6,0,0,0,0,0,0,1,2,0,0
"IA","IOWA","1919590","Montezuma Comm School District","01151","Montezuma Junior High School","191959001151","MISSING",0,0,0,0,0,0,3,0,0,0,1,1,0,2,7,0,3,0,4,0,0,0,0,1,2,0,0,0,0,0,0,1,3,0,0
"IA","IOWA","1928020","Tri-County Comm School District","01636","Tri-County Elementary School","192802001636","MISSING",0,0,0,0,0,0,12,0,0,0,0,1,0,9,22,0,12,0,10,0,0,0,0,0,12,0,0,0,0,0,0,2,8,0,0
"IA","IOWA","1903930","Atlantic Comm School District","00412","Schuler Elementary School","190393000412","MISSING",0,0,0,1,1,0,17,0,0,0,1,1,0,10,31,1,18,0,12,0,0,0,0,8,11,0,0,0,0,0,0,5,7,0,0
"IA","IOWA","1919440","Missouri Valley Comm School District","01146","Missouri Valley High School","191944001146","MISSING",0,0,0,0,1,0,15,0,0,0,1,0,0,13,30,0,16,0,14,0,0,0,2,4,10,0,0,0,0,0,1,8,5,0,0
"IA","IOWA","1907110","Charter Oak-Ute Comm School District","00328","Charter Oak-Ute Junior High School","190711000328","MISSING",0,0,0,0,0,0,8,0,0,0,0,0,0,2,10,0,8,0,2,0,0,0,0,2,6,0,0,0,0,0,0,1,1,0,0
"IA","IOWA","1916680","Lewis Central Comm School District","00995","E A Kreft Primary School","191668000995","MISSING",0,0,0,1,2,0,26,0,1,0,0,0,0,9,39,2,27,1,9,0,0,0,5,5,18,0,1,0,0,0,1,2,7,0,0
"IA","IOWA","1931290","West Sioux Comm School District","01821","West Sioux High School","193129001821","MISSING",0,0,0,8,1,0,8,1,0,1,2,2,0,8,31,6,11,1,13,0,0,0,0,4,13,0,0,0,0,0,1,0,13,0,0
"IA","IOWA","1919890","Mount Pleasant Comm School District","01177","Van Allen Elementary School","191989001177","MISSING",0,0,1,4,3,0,15,0,0,0,0,0,0,16,39,0,23,0,16,0,0,0,0,6,17,0,0,0,0,0,0,7,9,0,0
"IA","IOWA","1928020","Tri-County Comm School District","01634","Tri-County JR/SR High School","192802001634","MISSING",0,0,0,0,0,0,10,0,0,0,0,0,0,3,13,0,10,0,3,0,0,0,0,0,10,0,0,0,0,0,0,0,3,0,0
"IA","IOWA","1928980","Van Buren County Comm School District","01667","Van Buren County Community School District Douds Center","192898001667","MISSING",0,0,1,0,0,0,28,0,0,0,0,0,0,14,43,0,29,0,14,0,0,0,0,3,26,0,0,0,0,0,0,0,14,0,0
"IA","IOWA","1913470","Hampton-Dumont Comm School District","00814","Hampton-Dumont Middle School","191347000814","MISSING",0,0,0,16,0,0,19,0,0,0,11,0,0,10,56,15,20,8,13,0,0,0,4,5,26,0,0,0,0,0,3,1,17,0,0
"IA","IOWA","1913470","Hampton-Dumont Comm School District","00817","North Side Elementary School","191347000817","MISSING",0,0,0,2,0,0,4,0,0,0,0,0,0,3,9,1,5,0,3,0,0,0,0,0,6,0,0,0,0,0,0,0,3,0,0
"IA","IOWA","1931290","West Sioux Comm School District","01822","West Sioux Middle School","193129001822","MISSING",0,0,0,3,1,0,5,0,0,0,3,1,0,3,16,3,6,1,6,0,0,0,0,0,9,0,0,0,0,0,0,0,7,0,0
"IA","IOWA","1907710","Clinton Comm School District","02219","Clinton Middle School","190771002219","MISSING",0,0,17,7,1,0,51,0,0,4,4,7,0,42,133,0,76,0,57,0,0,0,8,27,41,0,0,0,0,0,1,15,41,0,0
"IA","IOWA","1903220","Akron Westfield Comm School District","01939","Akron Westfield Senior High School","190322001939","MISSING",0,0,0,0,0,1,8,0,0,0,1,1,0,5,16,0,9,0,7,0,0,0,0,3,6,0,0,0,0,0,0,4,3,0,0
"IA","IOWA","1903220","Akron Westfield Comm School District","01938","Akron Westfield Middle School","190322001938","MISSING",0,0,0,2,3,0,6,1,0,0,0,0,0,5,17,0,11,0,6,0,0,0,1,6,4,0,0,0,0,0,0,1,5,0,0
"IA","IOWA","1904950","Eddyville-Blakesburg- Fremont CSD","00151","Blakesburg Elementary","190495000151","MISSING",0,0,0,0,0,0,13,0,0,0,0,0,0,6,19,0,13,0,6,0,0,0,0,0,13,0,0,0,0,0,0,0,6,0,0
"IA","IOWA","1920850","North Mahaska Comm School District","01245","North Mahaska Jr-Sr High School","192085001245","MISSING",0,0,1,0,0,0,17,0,0,0,1,0,0,13,32,0,18,0,14,0,0,0,0,0,18,0,0,0,0,0,0,1,13,0,0
"IA","IOWA","1920850","North Mahaska Comm School District","01246","North Mahaska Elementary School","192085001246","MISSING",0,0,0,0,1,0,30,0,0,1,0,2,0,14,48,0,31,0,17,0,0,0,0,2,29,0,0,0,0,0,0,0,17,0,0
"IA","IOWA","1907710","Clinton Comm School District","00378","Jefferson Elementary School","190771000378","MISSING",0,0,6,8,11,0,31,0,0,12,4,6,0,19,97,3,53,2,39,0,0,0,10,11,35,0,0,0,0,0,2,7,32,0,0
"IA","IOWA","1907710","Clinton Comm School District","01519","Eagle Heights Elementary School","190771001519","MISSING",0,0,5,3,2,0,37,0,0,1,1,2,0,31,82,0,47,0,35,0,0,0,8,14,25,0,0,0,0,0,4,8,23,0,0
"IA","IOWA","1904950","Eddyville-Blakesburg- Fremont CSD","00667","Eddyville Elementary","190495000667","MISSING",0,0,0,1,0,0,19,0,0,0,0,0,0,10,30,0,20,0,10,0,0,0,0,2,18,0,0,0,0,0,0,0,10,0,0
"IA","IOWA","1906960","Central Lyon Comm School District","00307","Central Lyon Middle School","190696000307","MISSING",0,0,0,0,0,0,10,0,0,0,1,0,0,7,18,0,10,0,8,0,0,0,0,7,3,0,0,0,0,0,0,1,7,0,0
"IA","IOWA","1907710","Clinton Comm School District","00384","Whittier Elementary School","190771000384","MISSING",0,0,1,5,4,0,22,0,0,1,0,0,0,9,42,0,32,0,10,0,0,0,0,12,20,0,0,0,0,0,0,6,4,0,0
"IA","IOWA","1927000","Spirit Lake Comm School District","01585","Spirit Lake High School","192700001585","MISSING",0,0,0,0,1,0,14,0,0,1,0,1,0,8,25,0,15,0,10,0,0,0,1,2,12,0,0,0,0,0,0,1,9,0,0
"IA","IOWA","1907710","Clinton Comm School District","00370","Clinton High School","190771000370","MISSING",1,1,10,6,13,0,69,1,0,5,3,1,0,33,143,2,98,1,42,0,0,1,3,22,73,1,0,0,0,0,2,13,28,0,0
"IA","IOWA","1906960","Central Lyon Comm School District","00308","Central Lyon Senior High School","190696000308","MISSING",0,0,0,0,0,0,19,0,0,0,0,0,0,8,27,0,19,0,8,0,0,0,0,4,14,0,1,0,0,0,0,2,6,0,0
"IA","IOWA","1904950","Eddyville-Blakesburg- Fremont CSD","00743","Fremont Elementary","190495000743","MISSING",0,0,0,1,0,0,17,0,0,0,1,0,0,4,23,0,18,0,5,0,0,0,0,0,18,0,0,0,0,0,0,0,5,0,0
"IA","IOWA","1926790","South Winneshiek Comm School District","01564","South Winneshiek Middle School","192679001564","MISSING",0,0,0,1,0,0,14,0,0,0,1,0,0,5,21,0,15,0,6,0,0,1,2,2,10,0,0,0,0,2,0,0,4,0,0
"IA","IOWA","1927000","Spirit Lake Comm School District","01905","Spirit Lake Middle School","192700001905","MISSING",0,0,0,3,4,0,26,0,0,0,1,0,0,13,47,0,33,0,14,0,0,0,0,3,30,0,0,0,0,0,0,2,12,0,0
"IA","IOWA","1904950","Eddyville-Blakesburg- Fremont CSD","00668","Eddyville-Blakesburg- Fremont Jr/Sr High","190495000668","MISSING",0,0,1,3,2,0,30,0,0,0,0,0,0,12,48,0,36,0,12,0,0,0,1,5,30,0,0,0,0,0,0,2,10,0,0
"IA","IOWA","1927000","Spirit Lake Comm School District","01584","Spirit Lake Elementary School","192700001584","MISSING",0,0,0,3,4,0,30,0,0,0,1,0,0,11,49,0,37,0,12,0,0,0,0,0,37,0,0,0,0,0,0,0,12,0,0
"IA","IOWA","1906960","Central Lyon Comm School District","00306","Central Lyon Elementary School","190696000306","MISSING",0,0,0,0,0,0,24,0,0,0,0,0,0,7,31,0,24,0,7,0,0,0,0,2,21,1,0,0,0,0,0,0,7,0,0
"IA","IOWA","1907710","Clinton Comm School District","00597","Bluff Elementary School","190771000597","MISSING",0,0,8,5,2,0,28,0,0,4,1,1,0,15,64,0,43,0,21,0,0,0,9,7,27,0,0,0,0,0,2,7,12,0,0
"IA","IOWA","1928110","Turkey Valley Comm School District","01639","Turkey Valley Elementary School","192811001639","MISSING",0,0,0,0,0,0,8,0,0,0,0,0,0,4,12,0,8,0,4,0,0,0,0,0,8,0,0,0,0,0,0,0,4,0,0
"IA","IOWA","1926790","South Winneshiek Comm School District","01562","South Winneshiek Elementary School","192679001562","MISSING",0,0,0,1,1,0,16,0,0,0,1,0,0,6,25,0,18,0,7,0,1,2,2,0,13,0,0,0,0,0,1,0,6,0,0
"IA","IOWA","1926790","South Winneshiek Comm School District","01565","South Winneshiek High School","192679001565","MISSING",0,0,0,2,2,0,28,0,0,0,0,0,0,9,41,1,31,0,9,0,0,0,1,1,29,0,1,0,0,0,0,2,7,0,0
"IA","IOWA","1928110","Turkey Valley Comm School District","01640","Turkey Valley Jr-Sr High School","192811001640","MISSING",0,0,0,1,0,0,19,0,0,0,0,1,0,6,27,1,19,0,7,0,0,1,1,2,16,0,0,0,0,0,0,0,7,0,0
"IA","IOWA","1903220","Akron Westfield Comm School District","01937","Akron Westfield Elementary School","190322001937","MISSING",1,0,1,0,0,0,13,0,0,1,1,0,0,7,24,0,15,0,9,0,0,0,0,6,9,0,0,0,0,0,0,2,7,0,0
"IA","IOWA","1926820","Southeast Polk Comm School District","02068","Willowbrook Elementary","192682002068","MISSING",0,0,8,1,3,1,35,0,0,1,1,2,0,20,72,6,42,1,23,0,0,0,0,2,46,0,0,0,0,0,0,0,24,0,0
"IA","IOWA","1926820","Southeast Polk Comm School District","01569","Four Mile Elementary","192682001569","MISSING",0,0,4,2,2,0,18,0,0,2,2,0,0,10,40,3,23,1,13,0,0,0,0,7,19,0,0,0,0,0,0,5,9,0,0
"IA","IOWA","1927990","Tri-Center Comm School District","01630","Tri-Center Elementary School","192799001630","MISSING",0,0,0,1,0,0,14,0,0,1,0,0,0,9,25,0,15,0,10,0,0,0,0,0,14,0,1,0,0,0,0,0,10,0,0
"IA","IOWA","1903480","Alta-Aurelia Comm School District","00046","Alta-Aurelia High School","190348000046","MISSING",0,0,1,4,0,0,7,0,0,1,1,0,0,8,22,3,9,1,9,0,0,0,0,1,11,0,0,0,0,0,0,2,8,0,0
"IA","IOWA","1918030","Lynnville-Sully Comm School District","01994","Lynnville-Sully Middle School","191803001994","MISSING",1,0,0,1,0,0,11,0,0,0,0,0,0,10,23,1,12,0,10,0,0,0,0,3,10,0,0,0,0,0,0,2,8,0,0
"IA","IOWA","1903480","Alta-Aurelia Comm School District","02252","Alta-Aurelia Middle Sch","190348002252","MISSING",0,0,0,3,1,1,7,0,0,0,0,0,0,3,15,2,10,0,3,0,0,0,0,1,11,0,0,0,0,0,0,0,3,0,0
"IA","IOWA","1903480","Alta-Aurelia Comm School District","00045","Alta Elementary School","190348000045","MISSING",0,0,0,2,1,1,13,0,1,0,1,0,0,3,22,3,14,1,4,0,0,0,0,1,16,0,0,0,0,0,0,1,4,0,0
"IA","IOWA","1903480","Alta-Aurelia Comm School District","02251","Aurelia Elementary School","190348002251","MISSING",0,0,0,1,0,0,7,0,0,0,0,0,0,6,14,0,8,0,6,0,0,0,0,0,8,0,0,0,0,0,0,0,6,0,0
"IA","IOWA","1926820","Southeast Polk Comm School District","01566","Altoona Elementary","192682001566","MISSING",1,1,5,2,5,0,20,0,0,2,2,2,0,14,54,2,32,1,19,0,0,0,0,5,29,0,0,0,0,0,0,7,13,0,0
"IA","IOWA","1926820","Southeast Polk Comm School District","01570","Mitchellville Elementary","192682001570","MISSING",0,0,0,1,2,0,13,0,1,0,0,2,0,10,29,1,15,0,13,0,0,0,0,3,13,0,0,0,0,0,0,5,8,0,0
"IA","IOWA","1903450","North Butler Comm School District","00042","North Butler Elementary","190345000042","MISSING",0,0,0,0,0,0,24,0,0,2,0,0,0,10,36,0,24,0,12,0,0,0,0,0,24,0,0,0,0,0,0,1,11,0,0
"IA","IOWA","1927990","Tri-Center Comm School District","00309","Tri-Center Middle School","192799000309","MISSING",0,0,0,0,0,0,11,0,1,0,0,0,0,9,21,0,11,0,10,0,0,0,0,3,7,0,1,0,0,0,0,3,7,0,0
"IA","IOWA","1903570","Anamosa Comm School District","00064","Strawberry Hill","190357000064","MISSING",0,0,0,0,0,0,29,0,0,0,0,0,0,16,45,0,29,0,16,0,0,0,0,3,26,0,0,0,0,0,0,1,15,0,0
"IA","IOWA","1918030","Lynnville-Sully Comm School District","01031","Lynnville-Sully High School","191803001031","MISSING",0,0,0,1,0,0,15,0,0,0,0,0,0,8,24,0,16,0,8,0,0,0,1,0,15,0,0,0,0,0,0,1,7,0,0
"IA","IOWA","1926820","Southeast Polk Comm School District","02134","Spring Creek - 6th Grade","192682002134","MISSING",1,1,8,2,1,0,28,0,1,3,1,4,0,16,66,2,39,3,22,0,0,0,2,9,30,0,0,0,0,0,0,4,21,0,0
"IA","IOWA","1930870","West Central Comm School District","01353","West Central Charter High School","193087001353","MISSING",0,0,0,1,0,0,5,0,0,0,0,0,0,1,7,1,5,0,1,0,0,0,0,0,6,0,0,0,0,0,0,0,1,0,0
"IA","IOWA","1926820","Southeast Polk Comm School District","01568","Delaware Elementary","192682001568","MISSING",0,4,5,4,2,0,25,0,0,3,0,1,0,10,54,5,35,0,14,0,0,0,4,9,27,0,0,0,1,0,0,7,6,0,0
"IA","IOWA","1930870","West Central Comm School District","01778","West Central PK - 8 School","193087001778","MISSING",0,0,0,1,0,0,20,0,0,0,2,0,0,14,37,0,21,1,15,0,0,0,1,2,18,0,0,0,0,0,0,0,16,0,0
"IA","IOWA","1918030","Lynnville-Sully Comm School District","01964","Lynnville-Sully Elementary School","191803001964","MISSING",0,0,1,0,1,0,17,0,0,0,0,1,0,9,29,0,19,0,10,0,0,0,0,2,17,0,0,0,0,0,1,0,9,0,0
"IA","IOWA","1927990","Tri-Center Comm School District","01632","Tri-Center High School","192799001632","MISSING",0,0,1,1,0,0,21,0,0,1,1,0,0,12,37,0,23,0,14,0,0,0,1,2,19,1,0,0,0,0,1,3,10,0,0
"IA","IOWA","1903570","Anamosa Comm School District","00061","Anamosa High School","190357000061","MISSING",0,0,1,1,0,0,30,0,2,0,1,0,0,5,40,0,32,2,6,0,0,0,0,4,27,0,1,0,0,0,1,3,4,0,0
"IA","IOWA","1926820","Southeast Polk Comm School District","01571","Runnells Elementary","192682001571","MISSING",0,0,0,1,1,0,12,0,0,0,1,0,0,6,21,0,14,0,7,0,0,0,1,0,13,0,0,0,0,0,0,1,6,0,0
"IA","IOWA","1926820","Southeast Polk Comm School District","01573","Southeast Polk Junior High","192682001573","MISSING",0,0,11,10,5,0,69,0,2,6,4,2,0,34,143,7,88,3,45,0,0,0,5,20,70,0,0,0,0,0,4,6,38,0,0
"IA","IOWA","1926820","Southeast Polk Comm School District","01572","Southeast Polk High School","192682001572","MISSING",1,1,20,7,7,0,115,0,0,6,7,4,0,52,220,7,144,5,64,0,2,0,23,47,79,0,0,1,3,0,9,20,36,0,0
"IA","IOWA","1926820","Southeast Polk Comm School District","01567","Centennial Elementary","192682001567","MISSING",0,1,1,2,2,0,22,0,1,3,1,2,0,16,51,0,28,4,19,0,0,0,2,9,17,0,0,0,0,0,3,5,15,0,0
"IA","IOWA","1926820","Southeast Polk Comm School District","01168","Clay Elementary","192682001168","MISSING",0,0,5,5,2,0,27,0,1,1,4,3,0,10,58,6,33,3,16,0,0,0,5,5,29,0,0,0,0,0,1,1,17,0,0
"IA","IOWA","1903570","Anamosa Comm School District","00062","Anamosa Middle School","190357000062","MISSING",0,0,0,0,0,0,26,0,0,0,2,0,0,16,44,0,26,1,17,0,0,0,0,6,19,0,1,0,0,0,0,3,15,0,0
"IA","IOWA","1903450","North Butler Comm School District","00785","North Butler Jr/Sr High School","190345000785","MISSING",0,0,0,0,0,0,18,0,0,0,0,0,0,9,27,0,18,0,9,0,0,0,0,0,18,0,0,0,0,0,0,1,7,0,1
"IA","IOWA","1918960","Melcher-Dallas Comm School District","01122","Melcher-Dallas High School","191896001122","MISSING",0,0,0,0,0,0,18,0,0,0,1,0,0,8,27,0,18,0,9,0,0,1,0,0,17,0,0,0,0,0,0,0,9,0,0
"IA","IOWA","1930480","Waterloo Comm School District","01731","Lowell Elementary School","193048001731","MISSING",0,1,13,3,11,0,7,0,0,6,4,0,0,5,50,3,32,1,14,0,0,0,0,4,31,0,0,0,0,0,0,0,15,0,0
"IA","IOWA","1930480","Waterloo Comm School District","01714","East High School","193048001714","MISSING",0,0,44,9,8,1,39,0,0,25,2,7,1,23,159,5,96,1,57,1,0,0,10,19,70,0,1,0,0,0,5,8,45,0,0
"IA","IOWA","1914670","Interstate 35 Comm School District","02267","Interstate 35 Middle School","191467002267","MISSING",0,0,0,0,0,0,14,0,0,0,1,0,0,7,22,0,14,0,8,0,0,0,0,3,11,0,0,0,0,0,0,1,7,0,0
"IA","IOWA","1930480","Waterloo Comm School District","01724","Irving Elementary School","193048001724","MISSING",0,4,19,9,4,0,15,0,0,15,4,3,1,3,77,13,38,2,24,0,0,0,0,6,45,0,0,0,0,0,0,6,20,0,0
"IA","IOWA","1914370","Humboldt Comm School District","00858","Clyde D Mease Elementary School","191437000858","MISSING",0,0,0,1,1,0,5,0,0,0,0,0,0,4,11,0,7,0,4,0,0,0,0,1,6,0,0,0,0,0,0,0,4,0,0
"IA","IOWA","1928050","Tripoli Comm School District","01638","Tripoli Middle/Sr High School","192805001638","MISSING",1,0,0,1,2,0,18,0,0,0,0,1,0,20,43,1,21,0,21,0,0,0,0,6,16,0,0,0,0,0,0,3,17,0,1
"IA","IOWA","1928050","Tripoli Comm School District","01637","Tripoli Elementary School","192805001637","MISSING",0,0,0,1,1,0,8,0,0,0,0,0,0,9,19,0,10,0,9,0,0,0,0,1,9,0,0,0,0,0,0,1,7,0,1
"IA","IOWA","1930480","Waterloo Comm School District","02126","Expo Alternative Learning Center","193048002126","MISSING",0,0,40,6,8,0,37,0,0,29,4,4,0,11,139,2,89,2,46,1,0,0,6,5,79,0,0,0,0,0,4,5,39,0,0
"IA","IOWA","1930480","Waterloo Comm School District","01715","Fred Becker Elementary School","193048001715","MISSING",0,1,15,2,7,0,21,0,0,6,1,1,0,9,63,1,45,0,17,0,0,0,6,6,34,0,0,0,0,0,0,7,10,0,0
"IA","IOWA","1930480","Waterloo Comm School District","01734","Orange Elementary School","193048001734","MISSING",0,0,5,1,9,0,31,0,1,7,1,2,0,13,70,2,44,1,23,0,0,0,3,5,38,0,0,0,0,0,0,0,24,0,0
"IA","IOWA","1914670","Interstate 35 Comm School District","02196","Interstate 35 High School","191467002196","MISSING",0,0,0,0,0,0,15,0,0,0,0,2,0,12,29,0,15,0,14,0,0,0,0,3,12,0,0,0,0,0,0,2,12,0,0
"IA","IOWA","1930480","Waterloo Comm School District","00586","Bunger Middle School","193048000586","MISSING",0,0,17,9,10,1,33,0,0,12,4,3,0,21,110,4,66,3,37,0,0,0,12,13,45,0,0,0,0,0,2,5,33,0,0
"IA","IOWA","1914370","Humboldt Comm School District","00861","Taft Elementary School","191437000861","MISSING",0,0,1,3,2,0,22,0,0,0,3,0,0,21,52,2,26,2,22,0,0,0,1,7,20,0,0,0,0,0,2,4,18,0,0
"IA","IOWA","1905490","Brooklyn-Guernsey-Malcom Comm School District","00173","Brooklyn-Guernsey-Malcom Elementary School","190549000173","MISSING",0,0,0,1,0,0,24,0,0,0,0,0,0,14,39,1,24,0,14,0,0,0,1,6,18,0,0,0,0,0,0,5,9,0,0
"IA","IOWA","1930480","Waterloo Comm School District","01723","Hoover Middle School","193048001723","MISSING",1,1,16,2,8,3,35,0,0,10,1,7,2,12,98,6,60,3,29,0,0,0,2,11,53,0,0,0,0,0,0,8,24,0,0
"IA","IOWA","1930480","Waterloo Comm School District","01738","West High School","193048001738","MISSING",1,0,36,15,8,3,68,0,1,30,10,7,3,30,212,15,116,14,67,0,0,0,22,31,77,1,0,0,0,0,11,15,54,0,1
"IA","IOWA","1914370","Humboldt Comm School District","00859","Humboldt High School","191437000859","MISSING",0,0,0,2,0,0,25,0,0,0,4,1,0,12,44,2,25,2,15,0,0,0,0,2,24,1,0,0,0,0,0,1,16,0,0
"IA","IOWA","1905490","Brooklyn-Guernsey-Malcom Comm School District","00174","Brooklyn-Guernsey-Malcom Jr-Sr High School","190549000174","MISSING",0,0,1,1,0,0,16,0,0,0,0,1,0,15,34,1,17,0,16,0,0,0,0,11,7,0,0,0,0,0,0,6,10,0,0
"IA","IOWA","1930480","Waterloo Comm School District","01165","Lou Henry Elementary School","193048001165","MISSING",1,3,17,2,4,4,18,0,1,8,0,2,1,11,72,13,36,5,18,0,0,1,2,10,36,0,0,0,0,0,1,3,19,0,0
"IA","IOWA","1930480","Waterloo Comm School District","01728","Kittrell Elementary School","193048001728","MISSING",0,4,15,7,6,5,14,0,1,12,2,3,0,14,83,15,36,5,27,0,0,0,1,3,47,0,0,0,0,0,0,1,31,0,0
"IA","IOWA","1930480","Waterloo Comm School District","01727","Kingsley Elementary School","193048001727","MISSING",0,2,7,4,8,0,25,0,0,1,1,2,0,5,55,4,42,1,8,0,0,0,0,9,37,0,0,0,0,0,0,0,9,0,0
"IA","IOWA","1919710","Moravia Comm School District","01156","Moravia Elementary School","191971001156","MISSING",0,0,0,0,2,0,13,0,0,0,0,2,0,8,25,0,15,0,10,0,0,0,0,3,12,0,0,0,0,0,0,1,9,0,0
"IA","IOWA","1930480","Waterloo Comm School District","01719","Cunningham School","193048001719","MISSING",0,0,29,2,9,0,5,0,0,9,1,4,1,4,64,0,45,0,19,0,0,0,0,6,39,0,0,0,0,0,0,2,17,0,0
"IA","IOWA","1930480","Waterloo Comm School District","01970","Highland Elementary School","193048001970","MISSING",0,0,20,5,5,0,16,0,0,6,3,3,0,17,75,5,41,2,27,0,0,0,4,7,35,0,0,0,0,0,1,3,25,0,0
"IA","IOWA","1930480","Waterloo Comm School District","01725","George Washington Carver Academy","193048001725","MISSING",0,0,41,12,2,1,7,0,0,17,4,2,0,7,93,9,54,1,29,0,0,0,1,6,53,0,3,0,0,0,0,7,21,1,1
"IA","IOWA","1931680","Williamsburg Comm School District","01845","Williamsburg Jr-Sr High School","193168001845","MISSING",0,0,2,3,0,0,27,0,0,0,1,1,0,19,53,1,31,1,20,0,0,0,0,2,30,0,0,0,0,0,0,4,17,0,0
"IA","IOWA","1930480","Waterloo Comm School District","01546","Poyner Elementary","193048001546","MISSING",0,0,8,5,3,0,28,0,0,3,1,3,0,13,64,1,43,1,19,0,0,0,7,6,31,0,0,0,0,0,2,2,16,0,0
"IA","IOWA","1914670","Interstate 35 Comm School District","00880","Interstate 35 Elementary School","191467000880","MISSING",0,1,0,1,0,0,21,0,0,0,0,0,0,9,32,0,23,0,9,0,0,0,0,2,21,0,0,0,0,0,1,0,8,0,0
"IA","IOWA","1914370","Humboldt Comm School District","00860","Humboldt Middle School","191437000860","MISSING",0,0,1,4,3,0,25,0,0,0,4,1,0,20,58,3,30,3,22,0,0,1,2,4,26,0,0,0,0,1,0,5,19,0,0
"IA","IOWA","1931680","Williamsburg Comm School District","00611","Mary Welsh Elementary","193168000611","MISSING",0,0,1,1,0,0,26,0,0,1,0,1,0,17,47,0,28,0,19,0,0,3,1,2,22,0,0,0,0,0,0,0,19,0,0
"IA","IOWA","1930480","Waterloo Comm School District","02024","Central Middle School","193048002024","MISSING",0,1,36,4,5,0,24,0,2,17,2,6,0,10,107,3,67,3,34,0,0,0,7,7,55,0,1,0,0,0,3,2,32,0,0
"IA","IOWA","1918960","Melcher-Dallas Comm School District","01121","Melcher-Dallas Elem","191896001121","MISSING",0,0,0,1,0,0,21,0,0,0,0,0,0,9,31,0,22,0,9,0,0,0,0,0,22,0,0,0,0,0,0,0,9,0,0
"IA","IOWA","1919710","Moravia Comm School District","01157","Moravia High School","191971001157","MISSING",0,0,2,0,0,0,15,0,0,0,1,0,0,6,24,0,17,0,7,0,0,0,0,2,15,0,0,0,0,0,0,1,6,0,0
"IA","IOWA","1930480","Waterloo Comm School District","01729","Lincoln Elementary School","193048001729","MISSING",0,0,36,10,1,3,13,0,0,13,1,3,2,4,86,9,54,3,20,0,0,0,2,13,48,0,0,0,0,0,0,6,17,0,0
"WI","WISCONSIN","5505100","Geneva J4 School District","00546","Woods Elementary","550510000546","MISSING",0,0,0,0,0,0,1,0,0,0,1,0,0,1,3,0,1,1,1,0,0,0,0,0,0,0,0,0,0,0,0,0,0,0,0
"WI","WISCONSIN","5504800","Fox Point J2 School District","00518","Stormonth Elementary","550480000518","MISSING",0,0,0,0,0,0,0,0,0,0,0,0,0,0,47,1,26,1,19,0,0,0,0,0,0,0,0,0,0,0,0,0,0,0,0
"WI","WISCONSIN","5504800","Fox Point J2 School District","00517","Bayside Middle","550480000517","MISSING",0,0,0,0,0,0,0,0,0,0,0,0,0,0,41,2,28,0,11,0,0,0,0,0,0,0,0,0,0,0,0,0,0,0,0
